number,value,datetime_start,datetime_complete,duration,params_colsample_bytree,params_gamma,params_learning_rate,params_max_depth,params_min_child_weight,params_reg_alpha,params_reg_lambda,params_subsample,state
0,0.8737497556207233,2026-03-23 17:58:35.691706,2026-03-23 17:58:36.156250,0 days 00:00:00.464544,0.662397808134481,2.993292420985183,0.030710573677773714,8,6.1652988679205905,3.3323645788192616e-08,15.994091701280443,0.6624074561769746,COMPLETE
1,0.8821202346041055,2026-03-23 17:58:36.175586,2026-03-23 17:58:36.562819,0 days 00:00:00.387233,0.6849356442713105,4.8495492608099715,0.06054365855469246,7,1.0524813290090214,4.329370014459266e-07,0.0476878541548261,0.9329770563201687,COMPLETE
2,0.8802932551319647,2026-03-23 17:58:36.583895,2026-03-23 17:58:37.277730,0 days 00:00:00.693835,0.6557975442608167,1.4561457009902097,0.024878734419814436,6,2.9251420662620613,4.258943089524393e-06,0.2265486450485179,0.8447411578889518,COMPLETE
3,0.883407624633431,2026-03-23 17:58:37.296036,2026-03-23 17:58:37.762062,0 days 00:00:00.466026,0.6185801650879991,2.571172192068058,0.03920673972242137,7,1.6424199098700283,0.0029369981104377003,0.04273302319375403,0.836965827544817,COMPLETE
4,0.8639227761485827,2026-03-23 17:58:37.783834,2026-03-23 17:58:38.026715,0 days 00:00:00.242881,0.6390688456025535,4.041986740582305,0.012151617026673379,8,11.017726329332461,0.014391207615728067,0.42472797953697183,0.7218455076693483,COMPLETE
5,0.857145650048876,2026-03-23 17:58:38.046815,2026-03-23 17:58:38.297378,0 days 00:00:00.250563,0.8650089137415928,4.546602010393911,0.014413697528610409,5,1.0892095664617725,6.388511557344611e-06,0.8389112347840599,0.7035119926400067,COMPLETE
6,0.8703010752688173,2026-03-23 17:58:38.316689,2026-03-23 17:58:38.720872,0 days 00:00:00.404183,0.9579309401710595,3.8756641168055728,0.05143828405076928,4,11.126473726362773,0.002404915432737351,25.703078530155583,0.9757995766256756,COMPLETE
7,0.8416109481915933,2026-03-23 17:58:38.741126,2026-03-23 17:58:39.006270,0 days 00:00:00.265144,0.7085396127095583,1.6266516538163218,0.01303561122512888,4,1.11894423226026,0.28749982347407854,0.2087468133288228,0.7554709158757928,COMPLETE
8,0.8817653958944282,2026-03-23 17:58:39.025346,2026-03-23 17:58:39.605297,0 days 00:00:00.579951,0.9947547746402069,4.010984903770199,0.023200867504756827,6,1.4193280334856115,0.08916674715636537,0.054330455407981273,0.6298202574719083,COMPLETE
9,0.8646588465298143,2026-03-23 17:58:39.625501,2026-03-23 17:58:39.891884,0 days 00:00:00.266383,0.6296178606936361,3.6450358402049368,0.010166803740022877,7,5.791981807906877,1.683416412018213e-05,0.026828486654670216,0.9085081386743783,COMPLETE
10,0.8776402737047898,2026-03-23 17:58:39.911083,2026-03-23 17:58:40.303797,0 days 00:00:00.392714,0.7707251581533257,0.08980937807409806,0.1583947083699527,3,2.14811645802385,4.3444691085504115,0.011062222658903343,0.8262452362725613,COMPLETE
11,0.8829843597262952,2026-03-23 17:58:40.324242,2026-03-23 17:58:40.665165,0 days 00:00:00.340923,0.7435145190038788,2.230725746541046,0.07082212183832219,7,1.7520439483327708,4.077391468444027e-08,2.242636398411736,0.9193086824158574,COMPLETE
12,0.8843851417399804,2026-03-23 17:58:40.685238,2026-03-23 17:58:41.094935,0 days 00:00:00.409697,0.8111115572120128,2.316936986365618,0.08848876453029195,7,1.9414748041655097,0.0001653282123997987,3.1880835564182064,0.8786566744908333,COMPLETE
13,0.8806891495601173,2026-03-23 17:58:41.117149,2026-03-23 17:58:41.432157,0 days 00:00:00.315008,0.8433892859373125,2.76582882187381,0.105627570472361,7,2.521389209978733,0.0005844317258424099,4.206934155990672,0.8604063212686379,COMPLETE
14,0.8831573802541545,2026-03-23 17:58:41.451289,2026-03-23 17:58:41.797133,0 days 00:00:00.345844,0.818170930502504,1.7204118749910395,0.10213768326528573,8,3.439103407628125,0.0001319968782396929,5.372836536582569,0.78603076838465,COMPLETE
15,0.8835806451612903,2026-03-23 17:58:41.817220,2026-03-23 17:58:42.389727,0 days 00:00:00.572507,0.8997265647408832,0.827781406926889,0.03787853229407561,6,1.8433510559644803,0.00023557327983584573,1.2387515455604654,0.8739392608865626,COMPLETE
16,0.8826774193548387,2026-03-23 17:58:42.409201,2026-03-23 17:58:42.869091,0 days 00:00:00.459890,0.8957721845770973,0.4294336766666748,0.09206809667293595,5,4.5146434896316165,7.94431386074773e-05,1.2408299094848398,0.9989969068114635,COMPLETE
17,0.8832717497556206,2026-03-23 17:58:42.888530,2026-03-23 17:58:43.236784,0 days 00:00:00.348254,0.9080417125672742,0.9151650142522019,0.17848332475021594,6,2.0885260073576153,2.1054455505130043e-06,5.276440121780659,0.8887781922242812,COMPLETE
18,0.8767497556207233,2026-03-23 17:58:43.255810,2026-03-23 17:58:44.009732,0 days 00:00:00.753922,0.7811543073740298,0.9323679102270582,0.037029175563739726,5,4.1943275024925395,0.00036834887982293776,47.67438446142808,0.7896629454089337,COMPLETE
19,0.8800664711632454,2026-03-23 17:58:44.028493,2026-03-23 17:58:44.859481,0 days 00:00:00.830988,0.930746924386335,2.1637280559024568,0.019277403114403114,6,1.3921132539296608,0.03387557668886888,11.558175145767358,0.8760530415775851,COMPLETE
20,0.8772580645161291,2026-03-23 17:58:44.877066,2026-03-23 17:58:45.176994,0 days 00:00:00.299928,0.8585903926458035,3.217047827783804,0.1349176482082375,4,2.5674779490597395,2.991838516159543e-07,1.7679929251529454,0.9593360206319026,COMPLETE
21,0.8835894428152492,2026-03-23 17:58:45.196375,2026-03-23 17:58:45.606266,0 days 00:00:00.409891,0.7236518953127804,2.3453337146688007,0.04330356622489106,7,1.6574436608152745,0.00499994453527138,0.33056150125297545,0.8192084933403653,COMPLETE
22,0.8841544477028347,2026-03-23 17:58:45.626505,2026-03-23 17:58:45.996275,0 days 00:00:00.369770,0.7388982621170698,1.1079712478507209,0.07253075509907853,7,1.8534809632499352,0.003228336154945688,0.4252285349710947,0.8189826012235379,COMPLETE
23,0.8842570869990225,2026-03-23 17:58:46.016150,2026-03-23 17:58:46.359373,0 days 00:00:00.343223,0.7321402985710589,2.0099079215245155,0.08305512975192045,8,1.3976103463897498,0.0046190198800158165,0.39528761655566913,0.815180879333553,COMPLETE
24,0.8851427174975562,2026-03-23 17:58:46.376084,2026-03-23 17:58:46.782223,0 days 00:00:00.406139,0.7933455800842123,1.9220842717613573,0.0766227216766507,8,1.3657249929704733,1.013929538003361,0.10278639945367374,0.7599057639104962,COMPLETE
25,0.881019550342131,2026-03-23 17:58:46.805037,2026-03-23 17:58:47.122269,0 days 00:00:00.317232,0.8118300001959051,1.9155152617556666,0.13136426541033558,8,1.44332273537633,3.569823816984257,0.10820447530201685,0.7304020274363361,COMPLETE
26,0.8822316715542522,2026-03-23 17:58:47.141550,2026-03-23 17:58:47.529480,0 days 00:00:00.387930,0.7728383111243101,3.3230655973243,0.08402932209780421,8,1.299790595920197,1.1488269814926368,0.11681666717345147,0.7587933733355094,COMPLETE
27,0.8837878787878789,2026-03-23 17:58:47.550000,2026-03-23 17:58:47.883956,0 days 00:00:00.333956,0.8021483286469459,1.3316955509605455,0.11899302091442193,8,1.2644807352518936,0.32909169515550796,0.119487933754755,0.7701956137595111,COMPLETE
28,0.8811603128054741,2026-03-23 17:58:47.902767,2026-03-23 17:58:48.367616,0 days 00:00:00.464849,0.8316281847903718,1.8374425693621417,0.05412459354562146,8,2.379917004454404,0.05016905052995136,0.6862871298197484,0.6907939095057634,COMPLETE
29,0.881286412512219,2026-03-23 17:58:48.387243,2026-03-23 17:58:48.783100,0 days 00:00:00.395857,0.7488621218277184,2.8451843584555845,0.07681137358946605,8,3.149580541288356,5.87126620926705e-05,2.992869823164107,0.6477639824328913,COMPLETE
30,0.8795571847507332,2026-03-23 17:58:48.804388,2026-03-23 17:58:49.259993,0 days 00:00:00.455605,0.6934454829698626,2.545060839300965,0.06495047074576688,8,1.0244058701234713,0.5146368872347215,12.155578708325308,0.6769967145632586,COMPLETE
31,0.8843147605083089,2026-03-23 17:58:49.281613,2026-03-23 17:58:49.644572,0 days 00:00:00.362959,0.7346379079643323,1.2456793843346603,0.08425373307281132,7,1.9583179426228419,0.0011862556329207648,0.5396264023006418,0.82346679993291,COMPLETE
32,0.8825659824046921,2026-03-23 17:58:49.664986,2026-03-23 17:58:49.990661,0 days 00:00:00.325675,0.6770815229087339,2.06391357420115,0.09106922873819011,7,1.9975613425942895,0.0007677947974879289,0.555354265101886,0.8039639447586535,COMPLETE
33,0.8836842619745846,2026-03-23 17:58:50.013020,2026-03-23 17:58:50.457473,0 days 00:00:00.444453,0.7899150723382571,1.365971251649942,0.055873027660122185,7,1.5712775747335717,2.606856475512105e-05,0.15827041129721076,0.8949282503261204,COMPLETE
34,0.8830009775171066,2026-03-23 17:58:50.479341,2026-03-23 17:58:50.767295,0 days 00:00:00.287954,0.7554485233899203,0.44650480872127996,0.10990432509597631,8,1.1823714974275346,0.015417564442210319,0.07034196236244292,0.8485896935001601,COMPLETE
35,0.871891495601173,2026-03-23 17:58:50.787897,2026-03-23 17:58:51.179842,0 days 00:00:00.391945,0.6021834301509251,1.546965721279327,0.062443778929918516,7,2.7362697103424307,9.951532028379305,0.27069549746054533,0.7377084991227357,COMPLETE
36,0.8831055718475074,2026-03-23 17:58:51.200553,2026-03-23 17:58:51.499509,0 days 00:00:00.298956,0.7173528489857287,2.4308998877068477,0.14703042931769908,8,2.2683768180880066,0.006175226538060809,0.02387057359483385,0.9337706716615429,COMPLETE
37,0.8819657869012707,2026-03-23 17:58:51.519878,2026-03-23 17:58:51.882474,0 days 00:00:00.362596,0.6835609975401781,3.020529012207769,0.04986496456748003,7,1.5419215510747983,0.0013108105156366746,1.003102676964083,0.7814745410447079,COMPLETE
38,0.8831612903225806,2026-03-23 17:58:51.902296,2026-03-23 17:58:52.287642,0 days 00:00:00.385346,0.8745497190661975,1.1607426157154273,0.08232097544954818,6,1.219954180466671,3.393919865398478e-06,0.44983748077634034,0.8419301594370655,COMPLETE
39,0.8769472140762464,2026-03-23 17:58:52.307462,2026-03-23 17:58:52.797523,0 days 00:00:00.490061,0.8316205048205425,2.013088246768931,0.03237626837861466,8,9.098741877545365,0.011777068545808376,0.19162510025534318,0.803189921332007,COMPLETE
40,0.878288367546432,2026-03-23 17:58:52.818134,2026-03-23 17:58:53.230985,0 days 00:00:00.412851,0.655874821874246,4.611211174493228,0.045905047342708345,7,2.96616913683259,0.18067693659369893,1.7076985833551337,0.7149912952294396,COMPLETE
41,0.8843822091886607,2026-03-23 17:58:53.250893,2026-03-23 17:58:51.682639,-1 days +23:59:58.431746,0.7343385957659175,1.157525115724739,0.07283590507298772,7,1.8818818843744862,0.0031253536499421582,0.3651802907852098,0.8092117212245202,COMPLETE
42,0.8834193548387096,2026-03-23 17:58:51.702568,2026-03-23 17:58:52.080286,0 days 00:00:00.377718,0.7033709032013122,1.6566050870929694,0.09386921713381902,7,1.9794988462458238,0.000988020490958134,0.7321046576122251,0.7555247499471163,COMPLETE
43,0.8833763440860215,2026-03-23 17:58:52.099322,2026-03-23 17:58:52.425454,0 days 00:00:00.326132,0.7616010741972563,0.6030572623680489,0.12342023694045398,6,1.0028951461369044,1.943845395615547e-05,0.2978797067331913,0.8539806183321297,COMPLETE
44,0.880868035190616,2026-03-23 17:58:52.447235,2026-03-23 17:58:52.818882,0 days 00:00:00.371647,0.7271283761178217,1.3893571651967567,0.0668927922539836,8,1.5157844590047043,0.001962734619646917,0.07083132430867338,0.6005800047171014,COMPLETE
45,0.88424926686217,2026-03-23 17:58:52.838144,2026-03-23 17:58:53.207676,0 days 00:00:00.369532,0.7902960296649729,1.8462338740713924,0.07867018298090227,7,1.7057435827771397,0.00021597241417539045,0.03481512047503099,0.8261024245513608,COMPLETE
46,0.8834780058651027,2026-03-23 17:58:53.228201,2026-03-23 17:58:53.638568,0 days 00:00:00.410367,0.765873875371562,1.1517702527524651,0.05987185660481378,8,1.3522033251553154,0.030238497252974308,0.1617169620697524,0.8098214231757036,COMPLETE
47,0.8839667644183773,2026-03-23 17:58:53.659807,2026-03-23 17:58:53.961415,0 days 00:00:00.301608,0.736299254040452,0.046415888966250485,0.19346496001404595,6,1.1390951760753596,0.07861606957207275,0.5960003968009797,0.869850729384638,COMPLETE
48,0.877989247311828,2026-03-23 17:58:53.981234,2026-03-23 17:58:54.367132,0 days 00:00:00.385898,0.6684011698811312,2.6934726913749394,0.10342845730404161,3,3.90763391883798,0.010798600537022907,0.996579873923399,0.7730757128996519,COMPLETE
49,0.8838895405669599,2026-03-23 17:58:54.385842,2026-03-23 17:58:54.698446,0 days 00:00:00.312604,0.7062741385720777,2.2123787130019967,0.07233092705877822,7,1.8352108440901957,4.355619295102057e-05,0.36102262873462054,0.835953285784968,COMPLETE
50,0.881394916911046,2026-03-23 17:58:54.718001,2026-03-23 17:58:55.123770,0 days 00:00:00.405769,0.8007381835274342,0.7603070089402382,0.08987287319765662,5,2.114212391299626,0.0004944567039151005,3.0604302454687504,0.7454636247308191,COMPLETE
51,0.8848651026392961,2026-03-23 17:58:55.143667,2026-03-23 17:58:55.544655,0 days 00:00:00.400988,0.7899527510920119,1.7596518599638058,0.07940631113362605,7,1.6951952098220655,0.000151530062410273,0.030773140399946945,0.8275885458719311,COMPLETE
52,0.8816324535679374,2026-03-23 17:58:55.563501,2026-03-23 17:58:55.873295,0 days 00:00:00.309794,0.8207457330237609,1.6511515567551187,0.11241670816800244,7,1.735864696748581,0.0001426694134244431,0.02410482478691811,0.7938266175224467,COMPLETE
53,0.8804819159335289,2026-03-23 17:58:55.892375,2026-03-23 17:58:56.233763,0 days 00:00:00.341388,0.7791793083748964,1.5199487921214834,0.09549394753623396,6,2.3247511922496207,1.224273813557606e-06,0.012530227361947954,0.8924752305304228,COMPLETE
54,0.885227761485826,2026-03-23 17:58:56.251902,2026-03-23 17:58:56.665947,0 days 00:00:00.414045,0.8432740284128758,1.8101752795789716,0.05852199486840336,8,1.4164986739094108,8.861104439082191e-06,0.055953980564728244,0.8370710654702871,COMPLETE
55,0.883030303030303,2026-03-23 17:58:56.686958,2026-03-23 17:58:57.095519,0 days 00:00:00.408561,0.8561397014764142,1.0116839385297665,0.05864660185836575,7,1.8824008104718215,8.318057719087963e-06,0.05277930005006474,0.865463293040264,COMPLETE
56,0.8834916911045942,2026-03-23 17:58:57.115040,2026-03-23 17:58:57.549283,0 days 00:00:00.434243,0.843207427330053,2.3371436022855847,0.04975649222353937,7,1.6050201792779106,2.54283434143707e-07,0.03461571884031534,0.9144653665421887,COMPLETE
57,0.8823255131964809,2026-03-23 17:58:57.570770,2026-03-23 17:58:58.000852,0 days 00:00:00.430082,0.874312831983052,1.2212598137406832,0.0432552008589744,7,2.642156908648014,1.1747900106586425e-05,0.07717797974255794,0.8336677044834486,COMPLETE
58,0.8819872922776147,2026-03-23 17:58:58.020093,2026-03-23 17:58:58.402127,0 days 00:00:00.382034,0.8132391781320657,1.7710336186563522,0.06836686035936052,8,4.887330836151734,1.0924230053361557e-08,0.016694884005994462,0.934768592828608,COMPLETE
59,0.8836412512218963,2026-03-23 17:58:58.421055,2026-03-23 17:58:58.811842,0 days 00:00:00.390787,0.790854932772704,2.1418018264196728,0.07564039146851034,6,1.107176036587125,6.584025771819653e-07,0.09605488002713802,0.8794724931230796,COMPLETE
60,0.8682316715542523,2026-03-23 17:58:58.831859,2026-03-23 17:58:59.110093,0 days 00:00:00.278234,0.6416518368879359,1.489085411854833,0.01789528035385612,8,7.18106807676596,8.943153273602179e-05,0.03741089827801569,0.8511377829273096,COMPLETE
61,0.8844183773216031,2026-03-23 17:58:59.128673,2026-03-23 17:58:59.486372,0 days 00:00:00.357699,0.749368112999863,2.0384172382214505,0.08584166235190378,8,1.4230042006209174,0.0003708984930342375,0.1996427461911771,0.8201405453138225,COMPLETE
62,0.8831837732160313,2026-03-23 17:58:59.504233,2026-03-23 17:58:59.843150,0 days 00:00:00.338917,0.7477439616192647,1.939714809716371,0.10092520772970817,8,1.4942900177912068,0.00033912255006875896,0.25858917431069445,0.7986566632065538,COMPLETE
63,0.8845933528836754,2026-03-23 17:58:59.863434,2026-03-23 17:59:00.208515,0 days 00:00:00.345081,0.7776802433897214,2.374865121311828,0.08800931456781348,8,1.279198897009676,0.0001787278757360133,0.1576271361424011,0.829298756255849,COMPLETE
64,0.8834467253176931,2026-03-23 17:59:00.227133,2026-03-23 17:59:00.617248,0 days 00:00:00.390115,0.8318885897367124,2.602964004410339,0.06498352441126405,8,1.3108926252874125,3.865768935778247e-05,0.14353798619808134,0.7822154250100957,COMPLETE
65,0.8835024437927664,2026-03-23 17:59:00.636605,2026-03-23 17:59:01.034301,0 days 00:00:00.397696,0.7756803041280798,2.307419041651998,0.07171502474276932,8,1.2087920745660998,0.00014350612106504574,0.20977747590061546,0.7689557755833781,COMPLETE
66,0.8826735092864124,2026-03-23 17:59:01.057413,2026-03-23 17:59:01.346418,0 days 00:00:00.289005,0.8055443171598134,2.8640992957319567,0.11881946802548451,8,1.7083791103617734,4.156558556412854e-06,0.05036726789602572,0.834580118216563,COMPLETE
67,0.8826783968719453,2026-03-23 17:59:01.365282,2026-03-23 17:59:01.762766,0 days 00:00:00.397484,0.76013803119319,2.4845741889728634,0.08745073923235132,4,1.4010280853851687,9.598574879754641e-05,0.07617495208829105,0.8130286850847486,COMPLETE
68,0.8848260019550342,2026-03-23 17:59:01.778804,2026-03-23 17:59:02.198328,0 days 00:00:00.419524,0.7884254782865948,3.0422242677845373,0.05292606830919417,8,1.0827094305185676,0.0002578570459772543,0.09361427608270165,0.859224478108666,COMPLETE
69,0.8833597262952102,2026-03-23 17:59:02.216517,2026-03-23 17:59:02.578351,0 days 00:00:00.361834,0.8466295442364951,3.2678218048300436,0.05362072618449438,8,1.100486451780001,0.00022350801322799382,0.01849695556181141,0.9051491477199369,COMPLETE
70,0.8811241446725318,2026-03-23 17:59:02.598212,2026-03-23 17:59:03.131104,0 days 00:00:00.532892,0.8213162677856617,2.653124970858089,0.03170216996382845,8,1.270811803558254,1.1720185931776326e-05,8.314531468732582,0.8585791689640234,COMPLETE
71,0.8838484848484849,2026-03-23 17:59:03.150222,2026-03-23 17:59:03.519086,0 days 00:00:00.368864,0.7879243158887334,3.062025576872742,0.05946888592902784,8,1.453604887623833,0.0005918301740302276,0.10293955986772482,0.8792415317759702,COMPLETE
72,0.8851075268817205,2026-03-23 17:59:03.538072,2026-03-23 17:59:03.940898,0 days 00:00:00.402826,0.8004638071708101,2.066171700602365,0.046380491950601566,8,1.0626491109582274,0.00200703072837482,0.1326686222896999,0.8405220133170781,COMPLETE
73,0.8849071358748778,2026-03-23 17:59:03.961450,2026-03-23 17:59:04.341112,0 days 00:00:00.379662,0.8008846206874738,3.4397847671460764,0.04599521529676306,8,1.0625835656779805,3.24807663902574e-05,0.1341307950583029,0.8442792345160443,COMPLETE
74,0.8835131964809384,2026-03-23 17:59:04.365595,2026-03-23 17:59:04.884881,0 days 00:00:00.519286,0.7962477821809905,2.092863111850763,0.026580865118008407,8,1.0466971307526909,1.9344593759383616e-05,0.05906804748022122,0.8448538909018282,COMPLETE
75,0.883811339198436,2026-03-23 17:59:04.903056,2026-03-23 17:59:05.335724,0 days 00:00:00.432668,0.780877524474586,3.9144676249094674,0.03558794192493416,8,1.1511028221926887,3.43794172730517e-05,0.13045721711696665,0.82615480612898,COMPLETE
76,0.8823890518084068,2026-03-23 17:59:05.355753,2026-03-23 17:59:05.743911,0 days 00:00:00.388158,0.8287162198139667,3.6274263407249254,0.04543869073884909,8,1.001769453109005,5.279941257296698e-05,0.04259658848068109,0.8591999215324037,COMPLETE
77,0.8837585532746823,2026-03-23 17:59:05.763231,2026-03-23 17:59:06.141832,0 days 00:00:00.378601,0.7999562174509891,3.544977284210271,0.04857660900319382,8,1.2097625015620717,6.536411460195909e-06,0.0903353113974531,0.8451836832724938,COMPLETE
78,0.8824242424242423,2026-03-23 17:59:06.159163,2026-03-23 17:59:06.582206,0 days 00:00:00.423043,0.9910158684295107,4.263624740944185,0.041997369205162706,8,1.3318515955972003,0.0003209093565276792,0.1935925820865171,0.7927512079257857,COMPLETE
79,0.8815669599217987,2026-03-23 17:59:06.601075,2026-03-23 17:59:06.960314,0 days 00:00:00.359239,0.7535808723095151,3.1481668363318804,0.04030853007747368,8,1.1171330216978834,1.5411253603677861,0.06066583465137465,0.8196477098949144,COMPLETE
80,0.8851280547409579,2026-03-23 17:59:06.980421,2026-03-23 17:59:07.492027,0 days 00:00:00.511606,0.807737614326498,1.8752432488691584,0.035375411383843175,8,1.0731092825249886,2.5873006656481737e-06,0.16790800376007406,0.8346064192866256,COMPLETE
81,0.8836725317693059,2026-03-23 17:59:07.510756,2026-03-23 17:59:07.863546,0 days 00:00:00.352790,0.8092994120521346,3.4406834415020198,0.05491568050633915,8,1.2590838339421406,3.035983460710205e-06,0.1763766641842497,0.8378550043944839,COMPLETE
82,0.8749217986314761,2026-03-23 17:59:07.885650,2026-03-23 17:59:08.163800,0 days 00:00:00.278150,0.7693368694589557,1.7640090605932621,0.028847148156951257,8,1.0596893628678334,8.33295465442407e-05,0.23582657874610985,0.8293088591447866,COMPLETE
83,0.8838826979472142,2026-03-23 17:59:08.181247,2026-03-23 17:59:08.590933,0 days 00:00:00.409686,0.8232440593364774,1.9441014088255997,0.033800104172032476,8,1.1670108168280444,1.2655705005074914e-07,0.13934642891596555,0.8599285769743341,COMPLETE
84,0.8823880742913002,2026-03-23 17:59:08.610990,2026-03-23 17:59:09.018382,0 days 00:00:00.407392,0.8387690833720922,2.4028743699854176,0.036447764833610556,8,1.3470008977432328,1.5673336552117913e-06,0.08838196182113404,0.870320843142908,COMPLETE
85,0.8806500488758555,2026-03-23 17:59:09.039199,2026-03-23 17:59:09.365488,0 days 00:00:00.326289,0.8543344541709744,3.7854059319772353,0.048077091066610116,8,1.442557107899438,0.00154593473931296,0.11000464876257053,0.8023752748108443,COMPLETE
86,0.8842629521016618,2026-03-23 17:59:09.391233,2026-03-23 17:59:09.803976,0 days 00:00:00.412743,0.7855289654216261,2.2155391372831152,0.0400519860429002,8,1.080725317702208,1.3200460222246882e-05,0.03076301584735843,0.8136626837974281,COMPLETE
87,0.8855522971652003,2026-03-23 17:59:09.823644,2026-03-23 17:59:10.151819,0 days 00:00:00.328175,0.7667904610916533,2.8891123613611467,0.08048364134151877,8,1.2091094229847266,0.0006790748314696735,0.04664263833139514,0.8516876347428131,COMPLETE
88,0.8854252199413489,2026-03-23 17:59:10.174395,2026-03-23 17:59:10.511617,0 days 00:00:00.337222,0.7704618455480428,2.866840885234466,0.062267785585490454,8,1.2449420914003262,0.0008418316058398189,0.04428276867526972,0.844339435726348,COMPLETE
89,0.8838435972629521,2026-03-23 17:59:10.529231,2026-03-23 17:59:10.987071,0 days 00:00:00.457840,0.7687805293240496,3.1348765646677177,0.062653668471483,8,1.1867279532008872,7.40581058332869e-07,0.042849144466711356,0.8835099955381397,COMPLETE
90,0.8835904203323559,2026-03-23 17:59:11.006587,2026-03-23 17:59:11.378199,0 days 00:00:00.371612,0.8692802291054545,2.9049131510216566,0.05757023525581575,8,1.0001824402797925,0.000864230123472764,0.022250537003368837,0.8981050229195564,COMPLETE
91,0.8838826979472141,2026-03-23 17:59:11.396400,2026-03-23 17:59:11.699891,0 days 00:00:00.303491,0.796055085175789,3.3566576311707492,0.07883710589166718,8,1.252031610406805,2.871376055313191e-05,0.06180807459731898,0.8509069396931518,COMPLETE
92,0.8841143695014663,2026-03-23 17:59:11.719836,2026-03-23 17:59:12.081713,0 days 00:00:00.361877,0.8120035010892156,2.9915134230462774,0.052995612670078004,8,1.1408708301948332,0.0023453284706066745,0.04372675270494162,0.8660561646137649,COMPLETE
93,0.8834213098729227,2026-03-23 17:59:12.099940,2026-03-23 17:59:12.478863,0 days 00:00:00.378923,0.7743850228888786,2.701372218741257,0.06829517877898099,8,1.6216492037643422,0.005939095657185378,0.0811989103794085,0.8397079288013878,COMPLETE
94,0.8832981427174975,2026-03-23 17:59:12.500038,2026-03-23 17:59:12.907301,0 days 00:00:00.407263,0.758406609469423,2.4892850003760376,0.046513865356777435,8,1.0713666656722214,0.00018118807034375614,0.027995664439903256,0.8296934114835456,COMPLETE
95,0.8839110459433039,2026-03-23 17:59:12.925857,2026-03-23 17:59:13.288485,0 days 00:00:00.362628,0.7816505315140104,2.7518858680494973,0.06309251532780968,8,1.2974968210801112,0.00047272370373972424,0.11524844527783012,0.8502949010068568,COMPLETE
96,0.8846627565982405,2026-03-23 17:59:13.310740,2026-03-23 17:59:13.655228,0 days 00:00:00.344488,0.8866930182900207,1.6704462519602128,0.07966614662003976,8,1.5332927747284582,6.919731111155173e-05,0.01479860908046947,0.8428191868448512,COMPLETE
97,0.8838758553274682,2026-03-23 17:59:13.676450,2026-03-23 17:59:14.063683,0 days 00:00:00.387233,0.9056938340028636,1.8917119730348773,0.05159581785532808,8,1.208800681794746,6.0299433493456686e-05,0.012676189286853904,0.8852895489254302,COMPLETE
98,0.882859237536657,2026-03-23 17:59:14.086675,2026-03-23 17:59:14.454092,0 days 00:00:00.367417,0.8871460201099622,1.663791933203508,0.08051796630899073,7,1.5210164030264566,8.238184210244433e-06,0.01799845228433159,0.872005225630058,COMPLETE
99,0.8853616813294233,2026-03-23 17:59:14.473815,2026-03-23 17:59:14.812177,0 days 00:00:00.338362,0.9368878976000101,1.6103114947811252,0.09814922497896186,8,1.3804444137123797,0.0007609797532307199,0.010481732417634478,0.8394312103170961,COMPLETE
100,0.8842082111436951,2026-03-23 17:59:14.831743,2026-03-23 17:59:15.340104,0 days 00:00:00.508361,0.9460551980970835,1.5844509759173362,0.04288973716668857,7,1.3768144047581083,0.004206661947794088,0.06593179469853198,0.8638696694881953,COMPLETE
101,0.8849784946236559,2026-03-23 17:59:15.360631,2026-03-23 17:59:15.711609,0 days 00:00:00.350978,0.9163895988515154,1.384555236430434,0.0946520968432985,8,1.589131903284497,0.0010027180546067966,0.010129673002076366,0.8449011571835708,COMPLETE
102,0.8860879765395895,2026-03-23 17:59:15.732248,2026-03-23 17:59:16.135571,0 days 00:00:00.403323,0.9199898832030673,1.3900949445551278,0.10085858455293102,8,1.048617320666466,0.0007209584336311277,0.010494605735259127,0.8391632606998969,COMPLETE
103,0.8848787878787879,2026-03-23 17:59:16.159318,2026-03-23 17:59:16.506745,0 days 00:00:00.347427,0.9237240938784386,1.3132700511189386,0.09684173671239457,8,1.6467688063741666,0.0017009004323364717,0.01003835429999646,0.8080103409305872,COMPLETE
104,0.8863695014662757,2026-03-23 17:59:16.527537,2026-03-23 17:59:16.868366,0 days 00:00:00.340829,0.9162731757043877,1.3055912207458464,0.09894581899794885,8,1.164759432735861,0.0007700686219668635,0.012948502836715668,0.8080559172123939,COMPLETE
105,0.8853870967741936,2026-03-23 17:59:16.890928,2026-03-23 17:59:17.242460,0 days 00:00:00.351532,0.9249455087818403,1.457457488539737,0.10820477444213279,8,1.0445025091898448,0.0008741535888702921,0.012406632875565288,0.8184330485460806,COMPLETE
106,0.8748660801564028,2026-03-23 17:59:17.263257,2026-03-23 17:59:17.581905,0 days 00:00:00.318648,0.917771496343466,0.9864727869672212,0.14981523859897317,8,11.973400080078637,0.0007572804892967053,0.012782780266767331,0.7883418607962565,COMPLETE
107,0.8818084066471163,2026-03-23 17:59:17.600819,2026-03-23 17:59:17.917734,0 days 00:00:00.316915,0.9398593947630591,1.4346450334456238,0.12998114285446502,8,1.131062114578666,0.0034709700252345947,0.020852633882942707,0.8178781091854198,COMPLETE
108,0.8839042033235581,2026-03-23 17:59:17.936507,2026-03-23 17:59:18.249351,0 days 00:00:00.312844,0.9866352664600615,1.0694757715473189,0.10772877294391368,8,1.2371433299725336,0.0011975185595014105,0.011205295138408572,0.7759227600616339,COMPLETE
109,0.8851202346041056,2026-03-23 17:59:18.268183,2026-03-23 17:59:18.631121,0 days 00:00:00.362938,0.9630814204253463,1.5445004423210182,0.11526629477800004,5,1.3569715054416704,0.007581115202824758,0.010033812783754162,0.7604665624896328,COMPLETE
110,0.8842766373411536,2026-03-23 17:59:18.651881,2026-03-23 17:59:18.988181,0 days 00:00:00.336300,0.969164908914173,1.2704498021428017,0.11229237375994927,8,1.1648658091252353,0.00895430045646482,0.015116610993024783,0.7617464728555892,COMPLETE
111,0.8814330400782013,2026-03-23 17:59:19.007998,2026-03-23 17:59:19.408180,0 days 00:00:00.400182,0.967510598581252,1.4382341918784949,0.10111889345972995,4,1.3494066138148808,0.022975117998095044,0.010166286917090435,0.7406412598930854,COMPLETE
112,0.8854936461388074,2026-03-23 17:59:19.428046,2026-03-23 17:59:19.746526,0 days 00:00:00.318480,0.9484444523871034,1.5270767871166098,0.117709002882958,8,1.4381154588132337,0.002433311994885718,0.014638113094118605,0.7312497387004099,COMPLETE
113,0.8816832844574781,2026-03-23 17:59:19.768405,2026-03-23 17:59:20.073102,0 days 00:00:00.304697,0.9573670700951383,1.541593288440341,0.13792565575757285,5,1.0507518403431222,0.0021034320000481205,0.014628769516575036,0.7150437727721803,COMPLETE
114,0.8821241446725319,2026-03-23 17:59:20.094274,2026-03-23 17:59:20.410788,0 days 00:00:00.316514,0.9405099501550328,1.7976451084376737,0.11998002237968661,5,1.4246852973002069,0.0074886798090136745,0.01713228874161776,0.725967121673761,COMPLETE
115,0.8791182795698924,2026-03-23 17:59:20.430436,2026-03-23 17:59:20.718616,0 days 00:00:00.288180,0.9273471024718916,0.7840716671721936,0.16636954270534876,5,1.300873564608275,0.00051479106875374,0.02011446108468558,0.7049207871579578,COMPLETE
116,0.8813636363636363,2026-03-23 17:59:20.736549,2026-03-23 17:59:21.064141,0 days 00:00:00.327592,0.9566146108130257,1.8700089189945635,0.09928103325793905,5,1.2110308857265482,0.0027634248421369093,0.01273469374279076,0.7471183382837584,COMPLETE
117,0.8830987292277614,2026-03-23 17:59:21.080977,2026-03-23 17:59:21.356459,0 days 00:00:00.275482,0.9473085951965299,1.5035038999991108,0.11395374980961885,8,1.474720599804077,0.13382177780611001,0.028458221889386234,0.7315842452505541,COMPLETE
118,0.884047898338221,2026-03-23 17:59:21.374064,2026-03-23 17:59:21.677781,0 days 00:00:00.303717,0.9738791372291862,1.5863992085874015,0.12588005621059928,8,1.1133198850007975,0.0006244509594469799,0.022367888112352272,0.7967940763976122,COMPLETE
119,0.8828993157380254,2026-03-23 17:59:21.702417,2026-03-23 17:59:22.029356,0 days 00:00:00.326939,0.9351868969366046,1.2760029065548038,0.1387138205237009,8,1.0355114951866988,0.7731914350149205,0.01486666219515731,0.6850216782965605,COMPLETE
120,0.8845112414467253,2026-03-23 17:59:22.050304,2026-03-23 17:59:22.364879,0 days 00:00:00.314575,0.9789570914812821,1.964878500792417,0.1064411807850906,8,1.3738874658700082,0.018371392086872586,0.012086857300018372,0.7501752775266035,COMPLETE
121,0.8849061583577713,2026-03-23 17:59:22.384140,2026-03-23 17:59:22.728851,0 days 00:00:00.344711,0.9131449008148717,1.3896262819240175,0.0907731839771854,8,1.2721144933578206,0.0011354332492297154,0.010234558141586988,0.8534684556437676,COMPLETE
122,0.8822013685239491,2026-03-23 17:59:22.748323,2026-03-23 17:59:23.083836,0 days 00:00:00.335513,0.8999589769542231,1.6886586514630197,0.09582681031959178,8,1.1806719827014864,0.0015835980292932999,0.014050543970864554,0.7643531037803515,COMPLETE
123,0.8832463343108505,2026-03-23 17:59:23.104207,2026-03-23 17:59:23.458884,0 days 00:00:00.354677,0.9999497973779585,1.3954350116062868,0.08498655432202866,8,1.582964162995074,0.0008348704677584746,0.017901245104795672,0.8226485708933461,COMPLETE
124,0.8845874877810362,2026-03-23 17:59:23.480402,2026-03-23 17:59:21.856871,-1 days +23:59:58.376469,0.914198501741305,1.1067314570037512,0.07420865022975245,8,1.3390419903116118,0.0004072136260484893,0.025580672530269934,0.835518006172589,COMPLETE
125,0.8825620723362658,2026-03-23 17:59:21.875925,2026-03-23 17:59:22.244693,0 days 00:00:00.368768,0.9505598617153304,1.2016199789446467,0.11660651025276857,4,1.0038452180076143,0.004397208157652117,0.01198410990667941,0.8113102952992838,COMPLETE
126,0.8843069403714565,2026-03-23 17:59:22.263452,2026-03-23 17:59:22.578046,0 days 00:00:00.314594,0.9237165832328835,2.125413249012294,0.1026024201544864,8,1.7880515876551548,0.002372005116689111,0.016930319457942947,0.777249801404701,COMPLETE
127,0.8855171065493646,2026-03-23 17:59:22.599692,2026-03-23 17:59:22.931178,0 days 00:00:00.331486,0.9346781405192148,1.5428062634472963,0.09369914724015457,8,1.1124234923477536,0.001084612785277736,0.038890275389173,0.8343131839738731,COMPLETE
128,0.8876754643206257,2026-03-23 17:59:22.950014,2026-03-23 17:59:23.286093,0 days 00:00:00.336079,0.966919960491675,1.7647130056384257,0.10849362114482801,8,1.1018771966721155,0.00028804597905392795,0.036385493114452085,0.8326667062768075,COMPLETE
129,0.8844046920821114,2026-03-23 17:59:23.305562,2026-03-23 17:59:23.641541,0 days 00:00:00.335979,0.9327493522765691,1.8269014819169243,0.10744353601265123,8,1.1628303115374137,2.266051374019598e-06,0.03250225226815792,0.8034060081936656,COMPLETE
130,0.8780625610948191,2026-03-23 17:59:23.662786,2026-03-23 17:59:23.984462,0 days 00:00:00.321676,0.9641889696268138,1.7158872367534541,0.0102934672512002,8,1.2469550710850517,0.0003013764886730131,0.04976892282438283,0.7854728148466387,COMPLETE
131,0.8829042033235581,2026-03-23 17:59:24.010650,2026-03-23 17:59:24.353746,0 days 00:00:00.343096,0.9537832288833682,1.5371797124267501,0.12204314541532386,8,1.084231500015913,0.0006760908767054277,0.03711663287245235,0.8241037627695305,COMPLETE
132,0.8819941348973607,2026-03-23 17:59:24.373898,2026-03-23 17:59:24.696863,0 days 00:00:00.322965,0.9614245125344916,2.029075714788669,0.11023322103723121,8,1.1341603344695075,3.5131251746272256,0.04063632817595908,0.8332618298649388,COMPLETE
133,0.8837810361681329,2026-03-23 17:59:24.717041,2026-03-23 17:59:25.073493,0 days 00:00:00.356452,0.9811165190338139,1.782502300986924,0.08937117816301152,8,1.0377475111435746,0.001111059738404107,0.053598581188111755,0.8366852916926713,COMPLETE
134,0.8835767350928642,2026-03-23 17:59:25.094026,2026-03-23 17:59:25.627381,0 days 00:00:00.533355,0.8946692032221234,1.6441828540373922,0.02153689330778449,8,3.542993806393553,0.002769729502933547,0.026324410066331447,0.8154711594236487,COMPLETE
135,0.8858015640273704,2026-03-23 17:59:25.646616,2026-03-23 17:59:25.963943,0 days 00:00:00.317327,0.9373797847510419,2.2581138202360767,0.1283961203303048,8,1.0836780741126613,0.0019214852414978297,0.019981176142071958,0.8542296492715302,COMPLETE
136,0.8817898338220919,2026-03-23 17:59:25.982287,2026-03-23 17:59:26.277303,0 days 00:00:00.295016,0.940605779538208,1.4699634013986895,0.13201485611967967,8,5.785494164026073,0.0002573291279705348,0.02077120358397767,0.8553720080204091,COMPLETE
137,0.885991202346041,2026-03-23 17:59:26.299650,2026-03-23 17:59:26.616510,0 days 00:00:00.316860,0.9308817050926846,2.226518563371242,0.1261771259177081,8,1.099848679860147,0.0014587227499996327,0.0329858403749749,0.8269656966389058,COMPLETE
138,0.8808406647116325,2026-03-23 17:59:26.637450,2026-03-23 17:59:26.957224,0 days 00:00:00.319774,0.9062880262299711,2.272133851680074,0.14642546903805162,8,1.109067830308116,0.0004532117175305822,0.03539365470441037,0.8260442318873974,COMPLETE
139,0.8858905180840664,2026-03-23 17:59:26.976781,2026-03-23 17:59:27.299045,0 days 00:00:00.322264,0.9311953481708712,2.5944001827818752,0.12414646727263075,8,1.2183403473191574,0.0014818969910937565,0.04537053141331308,0.8497474973143682,COMPLETE
140,0.8861094819159334,2026-03-23 17:59:27.320792,2026-03-23 17:59:27.614562,0 days 00:00:00.293770,0.9287244368842081,2.591711999136386,0.12591470874749267,8,1.2123354492413987,0.0013155685753525684,0.04865501036004189,0.8483288297151311,COMPLETE
141,0.8848680351906157,2026-03-23 17:59:27.636017,2026-03-23 17:59:27.943397,0 days 00:00:00.307380,0.9302545472828266,2.8112611884033605,0.14545504108536084,8,1.2218230689649878,0.0016109106234241744,0.04820376337028387,0.8488967859038513,COMPLETE
142,0.8822492668621701,2026-03-23 17:59:27.964945,2026-03-23 17:59:28.275547,0 days 00:00:00.310602,0.9200448804319531,2.4233344203700287,0.15679540894572735,8,1.1713983053538435,0.0006710542597021838,0.03019355228291227,0.8753546072582916,COMPLETE
143,0.8848563049853373,2026-03-23 17:59:28.293003,2026-03-23 17:59:28.597292,0 days 00:00:00.304289,0.9298102896981986,2.5875097039181187,0.12487280288437846,8,1.276335136552077,0.0013352383453166367,0.024340464251765708,0.8609857079163884,COMPLETE
144,0.8863411534701856,2026-03-23 17:59:28.617779,2026-03-23 17:59:28.924101,0 days 00:00:00.306322,0.9371723756694409,2.9627597867381708,0.12913158868610483,8,1.1216593347998685,0.003797710901447051,0.038581554794764515,0.8434617786920027,COMPLETE
145,0.8845200391006843,2026-03-23 17:59:28.944546,2026-03-23 17:59:29.226775,0 days 00:00:00.282229,0.9455269881652549,2.9270268378423623,0.17782058174540488,8,1.1183046512691657,0.0008882912253671721,0.03915122535494996,0.8456985660736452,COMPLETE
146,0.8854369501466275,2026-03-23 17:59:29.247850,2026-03-23 17:59:29.542201,0 days 00:00:00.294351,0.9335394247910959,2.545776988877867,0.13446584318213003,8,1.2132350697160301,0.0044310519238824645,0.048149649758483196,0.8544528911037238,COMPLETE
147,0.8865014662756597,2026-03-23 17:59:29.561222,2026-03-23 17:59:29.870137,0 days 00:00:00.308915,0.9369184057103391,2.5906205025363667,0.1384423574678393,8,1.2005347052493305,0.0036365910885422796,0.03405632032312397,0.8555039419373324,COMPLETE
148,0.8835073313782991,2026-03-23 17:59:29.890449,2026-03-23 17:59:30.245492,0 days 00:00:00.355043,0.9106055340506358,2.537325414694123,0.1379783765461289,8,1.1925970881717434,0.005564880702648062,0.03403893328480514,0.6661098431032102,COMPLETE
149,0.8843186705767351,2026-03-23 17:59:30.267376,2026-03-23 17:59:30.582582,0 days 00:00:00.315206,0.9239755282379781,2.6564458105427566,0.12763330499128123,8,1.0029138011361298,0.012419138627110521,0.04428950872367634,0.8697270848833834,COMPLETE
150,0.8841779081133919,2026-03-23 17:59:30.602996,2026-03-23 17:59:30.893220,0 days 00:00:00.290224,0.9505281831341053,2.8313862692979623,0.165599175092738,8,1.1014761132732027,0.0035035112012860117,0.06995955177654944,0.6244257418678774,COMPLETE
151,0.8848465298142718,2026-03-23 17:59:30.914386,2026-03-23 17:59:31.206282,0 days 00:00:00.291896,0.9371856271381702,2.760361724748233,0.13163736296715486,8,1.2411570835150005,0.0018949127673689378,0.027068965459354093,0.8542626365256933,COMPLETE
152,0.8840469208211144,2026-03-23 17:59:31.224389,2026-03-23 17:59:31.520077,0 days 00:00:00.295688,0.9351779994389644,2.6235239658322285,0.1199884508366244,8,1.1417560978210168,0.004161562931870514,0.05473149592615069,0.8413034940290509,COMPLETE
153,0.878989247311828,2026-03-23 17:59:31.539320,2026-03-23 17:59:31.843415,0 days 00:00:00.304095,0.92798676410966,2.952606028029169,0.13783307713998413,3,1.0625705304279955,0.0025909402078120826,0.019553995473920577,0.8650023316173393,COMPLETE
154,0.8855992179863148,2026-03-23 17:59:31.863236,2026-03-23 17:59:32.186045,0 days 00:00:00.322809,0.9465203873782074,2.478210262659219,0.1050822006453499,8,1.301170708251014,0.0012911391040261217,0.045611857112773206,0.8525328905977804,COMPLETE
155,0.884544477028348,2026-03-23 17:59:32.206412,2026-03-23 17:59:32.537323,0 days 00:00:00.330911,0.9567349444703791,2.5180457160998237,0.10559134532027532,8,1.2172983592404398,0.0015299551211738294,0.04653664389461234,0.8530958339104662,COMPLETE
156,0.8799364613880744,2026-03-23 17:59:32.556906,2026-03-23 17:59:32.840723,0 days 00:00:00.283817,0.94275294152018,2.3239689693980417,0.11381668506673223,8,9.295496610302667,0.005118048717534516,0.03779192229039594,0.87644844844433,COMPLETE
157,0.8840703812316716,2026-03-23 17:59:32.861044,2026-03-23 17:59:33.161889,0 days 00:00:00.300845,0.9198195900328718,2.4633110020802156,0.15699470213214778,8,1.3064263169208468,0.00041905993620734846,0.030564928590397812,0.8304249565578976,COMPLETE
158,0.8862688172043011,2026-03-23 17:59:33.180225,2026-03-23 17:59:33.500756,0 days 00:00:00.320531,0.9015089948587687,2.6814414251053584,0.1261604780710119,8,1.1313063430191095,0.0031327227638829978,0.060874022406491,0.8630926622277036,COMPLETE
159,0.8839100684261975,2026-03-23 17:59:33.520001,2026-03-23 17:59:33.824888,0 days 00:00:00.304887,0.8966789575318135,2.717180669916101,0.12494346262748564,8,1.1520014651459218,0.008061876568538072,0.06345661650150095,0.8903315299886573,COMPLETE
160,0.8831427174975561,2026-03-23 17:59:33.845075,2026-03-23 17:59:34.139184,0 days 00:00:00.294109,0.9053791670850287,3.1127352773626664,0.14827934904055737,8,1.2009931864264973,0.0029622177832893956,0.04411039745223975,0.8561237853166632,COMPLETE
161,0.8850420332355816,2026-03-23 17:59:34.160077,2026-03-23 17:59:34.485445,0 days 00:00:00.325368,0.9469206122169392,2.8689953107656985,0.1183103361128907,8,1.0498193882314302,0.0011720791491048193,0.05148285180702096,0.8479340184300534,COMPLETE
162,0.885097751710655,2026-03-23 17:59:34.507900,2026-03-23 17:59:34.816041,0 days 00:00:00.308141,0.9289381177250747,2.5735566903594735,0.13269906935899609,8,1.1038118584074987,0.0021427917657281443,0.03766406221982405,0.8621692179498753,COMPLETE
163,0.8857996089931575,2026-03-23 17:59:34.836488,2026-03-23 17:59:35.149349,0 days 00:00:00.312861,0.9178325215950262,2.681746301643457,0.10949242978613428,8,1.2822940533526326,0.000555663899039695,0.02436564252895933,0.8240339163075084,COMPLETE
164,0.873208211143695,2026-03-23 17:59:35.169295,2026-03-23 17:59:35.486075,0 days 00:00:00.316780,0.9157084003630239,4.966117094083761,0.140361100602446,8,1.2888467155237633,0.0006064458984730695,24.24770848209739,0.8677243102338106,COMPLETE
165,0.8853216031280547,2026-03-23 17:59:35.500838,2026-03-23 17:59:35.810528,0 days 00:00:00.309690,0.9354851772029423,2.776211527860163,0.1017445524499151,8,1.168663112120231,0.0015509498810562213,0.02470990978840963,0.8456986181001171,COMPLETE
166,0.8842531769305964,2026-03-23 17:59:35.831292,2026-03-23 17:59:36.126126,0 days 00:00:00.294834,0.8841577758362975,2.386003827444629,0.12332885218498015,8,1.219222746621856,0.0038401657865620013,0.0318915272102343,0.8301707722940057,COMPLETE
167,0.884147605083089,2026-03-23 17:59:36.143461,2026-03-23 17:59:36.466548,0 days 00:00:00.323087,0.9517854937898622,2.2371251876047045,0.11240516043027371,8,1.3053171509020767,0.0003385662627743514,0.060943385496392374,0.8578547107781593,COMPLETE
168,0.8858572825024439,2026-03-23 17:59:36.491864,2026-03-23 17:59:36.805098,0 days 00:00:00.313234,0.9725127736771172,2.6366652261373242,0.09245280950328989,8,1.1335827045119828,0.0010945105738892316,0.07587820561448823,0.8404978017866127,COMPLETE
169,0.8845102639296187,2026-03-23 17:59:36.824264,2026-03-23 17:59:37.144711,0 days 00:00:00.320447,0.975917451702008,2.6580124902298294,0.0954238972238645,8,1.109343426248112,0.005794913794935761,0.07587942685537694,0.8217594113611151,COMPLETE
170,0.8796744868035191,2026-03-23 17:59:37.163395,2026-03-23 17:59:37.456357,0 days 00:00:00.292962,0.9693543542805916,2.5108722833532435,0.1304695975035911,8,1.159715320005426,0.00012396854883767346,0.023025258138120897,0.9966056050681815,COMPLETE
171,0.8843910068426197,2026-03-23 17:59:37.476064,2026-03-23 17:59:37.808895,0 days 00:00:00.332831,0.9441554875248781,2.975745476334448,0.10406607978640108,8,1.2554279021631127,0.0010744197201925636,0.04317608378592601,0.8419850918065496,COMPLETE
172,0.8830244379276637,2026-03-23 17:59:37.829441,2026-03-23 17:59:38.136468,0 days 00:00:00.307027,0.9123506720656711,2.708278399607586,0.11882776311550002,8,1.0820462468737113,0.002143908466578438,0.05299716058752788,0.8494874026303,COMPLETE
173,0.8850156402737048,2026-03-23 17:59:38.156784,2026-03-23 17:59:38.509646,0 days 00:00:00.352862,0.9574200557765007,2.855294735010207,0.09165910449855338,8,1.000635218612271,0.0006692007493723207,0.033430724129502355,0.8356181432575177,COMPLETE
174,0.8849364613880744,2026-03-23 17:59:38.528827,2026-03-23 17:59:38.834596,0 days 00:00:00.305769,0.921550795468297,2.6307557205672834,0.11123117392751691,8,1.1889167649678458,0.0012890927499986148,0.03899658804464125,0.8279490997370771,COMPLETE
175,0.8861153470185729,2026-03-23 17:59:38.854686,2026-03-23 17:59:39.171536,0 days 00:00:00.316850,0.9340181556462218,3.2338427135809242,0.10058652168805551,8,1.1384362227816582,0.00309343161404664,0.06890197807382406,0.8629820322924245,COMPLETE
176,0.8846041055718475,2026-03-23 17:59:39.190036,2026-03-23 17:59:39.505437,0 days 00:00:00.315401,0.9345277153209937,3.2270453096103324,0.10086397102658806,8,1.1304624912389114,0.003239492404469625,0.06944553784460049,0.8716912524865036,COMPLETE
177,0.8853225806451612,2026-03-23 17:59:39.526235,2026-03-23 17:59:39.820054,0 days 00:00:00.293819,0.9426790558203411,2.3763150375336,0.12595324022464618,8,1.0466098027908148,0.0018677480642041338,0.06004239268748704,0.8526471123006677,COMPLETE
178,0.8836959921798633,2026-03-23 17:59:39.842581,2026-03-23 17:59:40.159518,0 days 00:00:00.316937,0.9868108283821662,2.1939113051545,0.10950388753599631,8,1.313338312785456,0.015147325369359149,0.026890555865762684,0.8070629294218563,COMPLETE
179,0.8857996089931575,2026-03-23 17:59:40.178190,2026-03-23 17:59:40.505370,0 days 00:00:00.327180,0.9311387280824923,2.4436027158166937,0.08606311965354073,8,1.103408633084917,0.00022888125005621177,0.04880556578555003,0.8806724059213824,COMPLETE
180,0.8841182795698925,2026-03-23 17:59:40.525944,2026-03-23 17:59:40.860947,0 days 00:00:00.335003,0.9030158124266098,3.024850039774294,0.0887307604911774,8,1.117678046931135,0.0001981983039360391,0.08190055074692412,0.9057969011535133,COMPLETE
181,0.8839775171065495,2026-03-23 17:59:40.877988,2026-03-23 17:59:41.189749,0 days 00:00:00.311761,0.9311996324197763,2.4848571857197745,0.09631920943956224,8,1.175507685431292,0.0004502853105107689,0.05704292214498433,0.8818905773812914,COMPLETE
182,0.8836705767350929,2026-03-23 17:59:41.210823,2026-03-23 17:59:41.524084,0 days 00:00:00.313261,0.9215886292168665,2.3159149101304197,0.0839583249358865,8,1.239463100156397,0.0028462820919694784,0.048783235339775285,0.8626891937266915,COMPLETE
183,0.8854164222873901,2026-03-23 17:59:41.543977,2026-03-23 17:59:41.850475,0 days 00:00:00.306498,0.9498743895634338,2.736023171210253,0.11641427110439499,8,1.0684916560762412,0.0010776337778315398,0.03377239551004145,0.8964955811289956,COMPLETE
184,0.8865601173020528,2026-03-23 17:59:41.869753,2026-03-23 17:59:42.185182,0 days 00:00:00.315429,0.9405533730537524,2.566123063942268,0.10509429318843629,8,1.1340774068775168,0.005003803705930085,0.04158267016963666,0.8769796534827654,COMPLETE
185,0.8840518084066472,2026-03-23 17:59:42.204033,2026-03-23 17:59:42.511882,0 days 00:00:00.307849,0.965176933396718,2.629192966892244,0.1052866053648713,8,1.1025711422136866,0.008044775208213235,0.015945429724407243,0.8829263036386888,COMPLETE
186,0.8842834799608993,2026-03-23 17:59:42.531960,2026-03-23 17:59:42.863100,0 days 00:00:00.331140,0.941172360513267,2.4253515524119127,0.09255730768827991,8,1.1597401941614942,0.0004950353506324808,0.028477527590809817,0.8728185928925851,COMPLETE
187,0.8825503421309874,2026-03-23 17:59:42.883906,2026-03-23 17:59:43.210726,0 days 00:00:00.326820,0.9125676635106137,2.8021883501819858,0.09846499885684586,8,1.0320833600589494,0.0002450841381277668,0.03767566334788508,0.837068599270772,COMPLETE
188,0.8838250244379277,2026-03-23 17:59:43.230463,2026-03-23 17:59:43.527210,0 days 00:00:00.296747,0.926756690360258,2.581662247710448,0.10438781353717112,8,1.0859886504661922,0.0016508108401810202,0.020042896523293767,0.8642355716896254,COMPLETE
189,0.8827565982404693,2026-03-23 17:59:43.546133,2026-03-23 17:59:43.847553,0 days 00:00:00.301420,0.9615092365484305,2.427512407070143,0.08514358877125054,8,1.1441577002739691,0.0008016268048383777,0.07126534088753018,0.8769689497064359,COMPLETE
190,0.8852306940371455,2026-03-23 17:59:43.867714,2026-03-23 17:59:44.188167,0 days 00:00:00.320453,0.9516052833411506,2.2747867010729794,0.11597596879573731,8,1.001404855069645,0.00033942652823396063,0.04027132305007846,0.890031795414101,COMPLETE
191,0.8870840664711632,2026-03-23 17:59:44.208126,2026-03-23 17:59:44.510722,0 days 00:00:00.302596,0.9380911262182936,2.540071654147953,0.13971919330598523,8,1.2527309940881002,0.004312845109215754,0.048150918520031526,0.8568799473271819,COMPLETE
192,0.8860654936461388,2026-03-23 17:59:44.528357,2026-03-23 17:59:44.850389,0 days 00:00:00.322032,0.9390536705324752,2.5310367738698774,0.1417261931621593,8,1.253062956840952,0.0026295597823527772,0.05486800217958968,0.8473639680519972,COMPLETE
193,0.8847458455522972,2026-03-23 17:59:44.868952,2026-03-23 17:59:45.168674,0 days 00:00:00.299722,0.9389724615764535,2.5298288110739104,0.144247804011408,8,1.2563793956167204,0.005562992159925056,0.0555866548763602,0.8437872686614525,COMPLETE
194,0.8850400782013685,2026-03-23 17:59:45.189629,2026-03-23 17:59:45.489714,0 days 00:00:00.300085,0.9247611609850868,2.6229485283732648,0.1592836499591678,8,1.1849434379173502,0.0034934552867385213,0.049718652983859,0.8591473199336012,COMPLETE
195,0.8856608015640274,2026-03-23 17:59:45.507315,2026-03-23 17:59:45.807292,0 days 00:00:00.299977,0.9173453411237718,2.701123332181928,0.12922467862854098,8,1.1226807854438767,0.009802005029090786,0.08514863410882897,0.8495037923044347,COMPLETE
196,0.8854740957966765,2026-03-23 17:59:45.827967,2026-03-23 17:59:46.112528,0 days 00:00:00.284561,0.9179755522966193,2.7045910823161305,0.12940148346726546,8,1.3420104493281029,0.009361040839793253,0.09163914782985813,0.8677703336919006,COMPLETE
197,0.8860351906158357,2026-03-23 17:59:46.131722,2026-03-23 17:59:46.451592,0 days 00:00:00.319870,0.9087881432478094,2.4826990653459826,0.13561989011141093,8,1.267396073278354,0.006080321341140047,0.06342314674973512,0.847551286859358,COMPLETE
198,0.8839149560117301,2026-03-23 17:59:46.470820,2026-03-23 17:59:46.770525,0 days 00:00:00.299705,0.9045224944339657,2.3885497133023263,0.14770952364910536,8,1.2533563094645988,0.03346355313630937,0.07911763058895974,0.8484871191209123,COMPLETE
199,0.8852228739002933,2026-03-23 17:59:46.790607,2026-03-23 17:59:47.060314,0 days 00:00:00.269707,0.8948068032128533,2.4394697342162606,0.15424285246724567,8,1.0806932616824492,0.014219799209986917,0.06600149823633562,0.8608819705091797,COMPLETE
200,0.8837448680351906,2026-03-23 17:59:47.080148,2026-03-23 17:59:47.385524,0 days 00:00:00.305376,0.9111944889134256,2.3263637273664735,0.13782580424723628,8,1.3859036365348818,0.006012867101123438,0.09480425294659486,0.8394783400916019,COMPLETE
201,0.8873958944281526,2026-03-23 17:59:47.404569,2026-03-23 17:59:47.717247,0 days 00:00:00.312678,0.9277888386347173,2.5437844509480882,0.13092817245424287,8,1.19786218202067,0.004148922289818982,0.05597119863959787,0.8484341622016811,COMPLETE
202,0.8838162267839687,2026-03-23 17:59:47.735682,2026-03-23 17:59:48.058708,0 days 00:00:00.323026,0.9304018158044194,2.528298488192096,0.12674556224740682,8,1.1478501398284042,0.009791650250221348,0.06385084761373061,0.8557634561285875,COMPLETE
203,0.8839687194525905,2026-03-23 17:59:48.079315,2026-03-23 17:59:48.392508,0 days 00:00:00.313193,0.9176717379586796,2.6566603987907227,0.14068526771577705,8,1.2935375058669136,0.00342990190379116,0.05782064887991273,0.8445888485182496,COMPLETE
204,0.8837350928641252,2026-03-23 17:59:48.410675,2026-03-23 17:59:48.745604,0 days 00:00:00.334929,0.9257381301943133,2.1671230200003273,0.13260127408017583,8,1.2119179158661637,0.004037719465371256,0.07808310474064759,0.824459660909507,COMPLETE
205,0.8856089931573803,2026-03-23 17:59:48.767694,2026-03-23 17:59:49.091460,0 days 00:00:00.323766,0.942451611059172,2.4895504321896063,0.12307622107950131,8,1.1420848036823137,0.006841707196698303,0.043911739973571236,0.8497226375374473,COMPLETE
206,0.883733137829912,2026-03-23 17:59:49.110902,2026-03-23 17:59:49.412780,0 days 00:00:00.301878,0.9377191831918287,2.7824844431218554,0.12200496694148066,8,1.0420105272203861,0.010869549599203027,0.06741028463486534,0.8671628963505491,COMPLETE
207,0.8846754643206255,2026-03-23 17:59:49.433307,2026-03-23 17:59:49.767858,0 days 00:00:00.334551,0.9090734616347895,2.5756370144586023,0.14255026162637283,8,1.139322604580046,0.020922426228178873,0.031935183287903735,0.8343786819310325,COMPLETE
208,0.8845317693059629,2026-03-23 17:59:49.788860,2026-03-23 17:59:50.107598,0 days 00:00:00.318738,0.9215359646005635,2.716451021398185,0.12472013527385968,8,1.0796902586315813,0.006340001125312558,0.05100603767513235,0.8159053844758273,COMPLETE
209,0.885099706744868,2026-03-23 17:59:50.126741,2026-03-23 17:59:50.400568,0 days 00:00:00.273827,0.9317233672667486,2.4598979921956827,0.1343180151206314,8,1.178389665005266,0.0023928048575386873,0.04139324072823514,0.8461451994806963,COMPLETE
210,0.8854711632453568,2026-03-23 17:59:50.420635,2026-03-23 17:59:50.701835,0 days 00:00:00.281200,0.9394166243980089,2.2800101044796093,0.11225951776684343,8,1.114886368397812,0.005969293153802806,0.057552455001567,0.8586657734312724,COMPLETE
211,0.8859530791788855,2026-03-23 17:59:50.722659,2026-03-23 17:59:51.036507,0 days 00:00:00.313848,0.9447225495639907,2.5521450379641886,0.1217849618391903,8,1.2267379424811924,0.004426079270047751,0.04565664709152907,0.8513066271121207,COMPLETE
212,0.883880742913001,2026-03-23 17:59:51.056270,2026-03-23 17:59:51.393741,0 days 00:00:00.337471,0.9276555829150767,2.5305416095343314,0.12193768609777567,8,1.202393708662377,0.004786693629949187,0.041380255257880014,0.8408316445569868,COMPLETE
213,0.886603128054741,2026-03-23 17:59:51.413714,2026-03-23 17:59:51.744580,0 days 00:00:00.330866,0.9453290217276712,2.6013623321493453,0.13151767647753523,8,1.2483513478617536,0.010152717943577952,0.03474257859522205,0.8507067672774107,COMPLETE
214,0.8815112414467253,2026-03-23 17:59:51.763499,2026-03-23 17:59:52.063482,0 days 00:00:00.299983,0.9156902819093197,2.6523959120135174,0.1506258613169724,8,1.2396514498250726,0.002414215213802392,0.03491876103233691,0.8302486371895493,COMPLETE
215,0.8853401759530792,2026-03-23 17:59:52.079700,2026-03-23 17:59:52.389262,0 days 00:00:00.309562,0.9553390744399527,2.7880180635088143,0.13190732033360822,8,1.2587184370092315,0.013765941940429613,0.02860222417615266,0.8685508931229196,COMPLETE
216,0.8857194525904203,2026-03-23 17:59:52.408579,2026-03-23 17:59:52.729523,0 days 00:00:00.320944,0.9323570464346977,2.6243600442455524,0.14055031827850903,8,1.1784498443159181,0.003760429451356766,0.05307730978550412,0.8783584356322163,COMPLETE
217,0.8833206256109482,2026-03-23 17:59:52.749114,2026-03-23 17:59:53.047466,0 days 00:00:00.298352,0.9337658985493339,2.5929188986634673,0.1422857266950801,8,1.338132632790405,0.003484163212164493,0.050149086770743756,0.8828176799980209,COMPLETE
218,0.8853333333333334,2026-03-23 17:59:53.067246,2026-03-23 17:59:53.398863,0 days 00:00:00.331617,0.9458587037545138,2.351680956668081,0.1750403978269311,8,1.1865298547760044,0.001556898844028865,0.03593679024272365,0.8764966550331265,COMPLETE
219,0.8861212121212122,2026-03-23 17:59:53.417435,2026-03-23 17:59:53.736594,0 days 00:00:00.319159,0.9376496100421529,2.56195009584706,0.13696896320094826,8,1.0649504881233842,0.002230163682618616,0.058585242862017835,0.8601255484251052,COMPLETE
220,0.8850869990224829,2026-03-23 17:59:53.757311,2026-03-23 17:59:52.086885,-1 days +23:59:58.329574,0.95290069733023,3.351924359550729,0.16894255925276663,8,1.0580891841486404,0.0021195252272406487,0.023078666363919212,0.8619878152418801,COMPLETE
221,0.8886275659824047,2026-03-23 17:59:52.106290,2026-03-23 17:59:52.419491,0 days 00:00:00.313201,0.9380837746855037,2.574393122767878,0.13824681720279208,8,1.1901339235163628,0.0041059764543498415,0.05656015219586593,0.8558081158585114,COMPLETE
222,0.8853812316715541,2026-03-23 17:59:52.440903,2026-03-23 17:59:52.721136,0 days 00:00:00.280233,0.9407518169004863,2.4008128502252575,0.1350864101815949,8,1.0916770751685796,0.0028910738511471233,0.06362042645602985,0.8547719206071696,COMPLETE
223,0.8827360703812316,2026-03-23 17:59:52.740417,2026-03-23 17:59:53.049306,0 days 00:00:00.308889,0.9248815729327615,2.548965521404042,0.15067456099395593,8,1.251803366530433,0.00536705882044319,0.04441122765918238,0.8408504786026588,COMPLETE
224,0.8860303030303031,2026-03-23 17:59:53.070208,2026-03-23 17:59:53.386593,0 days 00:00:00.316385,0.9458314786093791,2.440137198065667,0.11765951079562335,8,1.0423848070194222,0.0018643114712467161,0.058722160988429854,0.8599578839344281,COMPLETE
225,0.8834907135874879,2026-03-23 17:59:53.410970,2026-03-23 17:59:53.759102,0 days 00:00:00.348132,0.9477215788747705,0.15800170258003687,0.11634513591910181,8,1.0456895147657252,0.001832851260702838,0.06860978277901823,0.8597472262160087,COMPLETE
226,0.8827057673509286,2026-03-23 17:59:53.778166,2026-03-23 17:59:54.084788,0 days 00:00:00.306622,0.9578682173143283,2.5624184378301704,0.12676164545944366,8,4.973745152070588,0.002687674586193356,0.05728020200185682,0.8499457139922706,COMPLETE
227,0.8765972629521015,2026-03-23 17:59:54.105156,2026-03-23 17:59:54.410345,0 days 00:00:00.305189,0.9696626842967963,2.6976521641527076,0.015177228948972032,8,1.0356962169267314,0.004412285070120649,0.03045153666387014,0.8677511504073834,COMPLETE
228,0.8842502443792768,2026-03-23 17:59:54.429386,2026-03-23 17:59:54.768503,0 days 00:00:00.339117,0.938487041414847,2.2057794719552435,0.11128582159026179,8,1.2048808207373911,0.001550656669050349,0.07306421888524581,0.8351207873970974,COMPLETE
229,0.8841466275659824,2026-03-23 17:59:54.787828,2026-03-23 17:59:55.079078,0 days 00:00:00.291250,0.9462013654599435,2.8070136151567207,0.18903646545458222,8,1.3125424205765446,0.0009890507923104638,0.042843260908909594,0.8553218372758485,COMPLETE
230,0.8842649071358748,2026-03-23 17:59:55.098564,2026-03-23 17:59:55.433906,0 days 00:00:00.335342,0.9248602941924327,2.365117763159676,0.11974543259811891,8,1.1492631219956255,0.00225140817394941,0.03564731955352897,0.8432943292284987,COMPLETE
231,0.8846627565982406,2026-03-23 17:59:55.454376,2026-03-23 17:59:55.782531,0 days 00:00:00.328155,0.9339893161695193,2.4411716939420787,0.14081379660875662,8,1.101600473961804,0.0042035458537662915,0.05049378692632229,0.8704680245498874,COMPLETE
232,0.8848299120234604,2026-03-23 17:59:55.802076,2026-03-23 17:59:56.087465,0 days 00:00:00.285389,0.9394264056600068,2.484408391808437,0.13243119281543697,8,1.0002904826973056,0.0013731456704565103,0.05813975090081251,0.8632143922642209,COMPLETE
233,0.8846823069403714,2026-03-23 17:59:56.106271,2026-03-23 17:59:56.418529,0 days 00:00:00.312258,0.9299487700137805,2.5849295800649874,0.12688239883337502,8,1.0925453612348037,0.007145773337529183,0.04937264140465082,0.8523635616183528,COMPLETE
234,0.8867429130009774,2026-03-23 17:59:56.439551,2026-03-23 17:59:56.754009,0 days 00:00:00.314458,0.9541824551026534,2.6320511890932954,0.1093494511295448,8,1.1491083618234383,0.003021082312800397,0.03791069601340177,0.8280295661997886,COMPLETE
235,0.8841788856304986,2026-03-23 17:59:56.777105,2026-03-23 17:59:57.096100,0 days 00:00:00.318995,0.9769068754532954,2.666692218654876,0.11130205647523332,8,1.2020775223562328,0.002727556883340488,1.9537308895424716,0.8258965742227679,COMPLETE
236,0.8851309872922776,2026-03-23 17:59:57.115002,2026-03-23 17:59:57.434905,0 days 00:00:00.319903,0.9615649424998015,2.5643387567230627,0.11836759729081295,8,1.1476444464209736,0.001872596941573009,0.036338386963395884,0.8328809994397451,COMPLETE
237,0.8853831867057673,2026-03-23 17:59:57.455163,2026-03-23 17:59:57.798095,0 days 00:00:00.342932,0.9542116346711907,2.874594234525743,0.10863484549461909,8,1.2569978283919563,0.004168165210677844,0.027483864112220563,0.8199108098697692,COMPLETE
238,0.8844506353861192,2026-03-23 17:59:57.818100,2026-03-23 17:59:58.098699,0 days 00:00:00.280599,0.9480153804759011,2.755905200783155,0.1560951796629102,8,1.175861405343141,0.003033707258494586,0.040791629047966925,0.8413682922120955,COMPLETE
239,0.887386119257087,2026-03-23 17:59:58.117972,2026-03-23 17:59:58.424065,0 days 00:00:00.306093,0.9414068593503166,2.636268878669871,0.13520191753265537,8,1.058829000507447,0.00750766889846957,0.031912285212757414,0.8482973775082107,COMPLETE
240,0.8862189638318672,2026-03-23 17:59:58.443753,2026-03-23 17:59:58.767163,0 days 00:00:00.323410,0.9592089055661697,2.3048622321944277,0.13273953184507584,8,1.0535355155583734,0.010356532779674531,0.032147579330402645,0.8467543013443951,COMPLETE
241,0.885900293255132,2026-03-23 17:59:58.788352,2026-03-23 17:59:59.119024,0 days 00:00:00.330672,0.967180251560024,2.2725052055347335,0.13408204343786112,8,1.04748179268821,0.007591678777798802,0.030864614101369817,0.8492662099426554,COMPLETE
242,0.8872922776148582,2026-03-23 17:59:59.138774,2026-03-23 17:59:59.460748,0 days 00:00:00.321974,0.9716637506089214,2.3638741334712554,0.13584315052959925,8,1.0637126312677512,0.00928967131666244,0.03129475765415548,0.8465459661296316,COMPLETE
243,0.8859364613880742,2026-03-23 17:59:59.483459,2026-03-23 17:59:59.808786,0 days 00:00:00.325327,0.956894547599348,2.1214022193579507,0.13673140750318855,8,1.0426639418174246,0.019553883678826784,0.03209981357470327,0.8584143702892635,COMPLETE
244,0.8869765395894429,2026-03-23 17:59:59.828282,2026-03-23 18:00:00.156863,0 days 00:00:00.328581,0.9653350147271483,2.2868132810371486,0.14566690582543879,8,1.0371764645574544,0.020290669285293474,0.03182366291133842,0.8589874772911841,COMPLETE
245,0.8877008797653959,2026-03-23 18:00:00.177348,2026-03-23 18:00:00.475696,0 days 00:00:00.298348,0.9630877997771929,2.1181768790178426,0.14573040538679455,8,1.011036462636666,0.02962955582696052,0.0324224660010974,0.8606981019846108,COMPLETE
246,0.886605083088954,2026-03-23 18:00:00.498189,2026-03-23 18:00:00.839855,0 days 00:00:00.341666,0.9611554272270053,2.060618944595846,0.14848317296437116,8,1.016757499429644,0.019698036067386644,0.03604016386681748,0.8648068307133341,COMPLETE
247,0.8862942326490713,2026-03-23 18:00:00.861514,2026-03-23 18:00:01.178948,0 days 00:00:00.317434,0.9786796003772973,2.070931402765864,0.16238064470223051,8,1.0199500475488097,0.023793522025813002,0.026769127023149604,0.8627253073698997,COMPLETE
248,0.8827673509286413,2026-03-23 18:00:01.201917,2026-03-23 18:00:01.532420,0 days 00:00:00.330503,0.9853046760238048,2.1324477213487714,0.16083076679977684,8,1.0033937416728433,0.03152359263757044,0.026256644170728743,0.8649068035667764,COMPLETE
249,0.8877233626588464,2026-03-23 18:00:01.556431,2026-03-23 18:00:01.887991,0 days 00:00:00.331560,0.9773754225963939,2.018993896052653,0.14774118154891544,8,1.006142698757603,0.050051365085924164,0.03574574164477337,0.8718103930830079,COMPLETE
250,0.8854565004887585,2026-03-23 18:00:01.908921,2026-03-23 18:00:02.195936,0 days 00:00:00.287015,0.9759101343891088,2.0654550965816165,0.150163981438404,8,1.0267353161858386,0.09246452350101725,0.03651919780562082,0.8699695913300727,COMPLETE
251,0.8868621700879765,2026-03-23 18:00:02.216240,2026-03-23 18:00:02.521124,0 days 00:00:00.304884,0.9858842553362417,2.0776485646121077,0.16144086124189222,8,1.0148060943270545,0.051004916971276626,0.028593108178025316,0.8694445516678021,COMPLETE
252,0.8851221896383188,2026-03-23 18:00:02.542436,2026-03-23 18:00:02.858937,0 days 00:00:00.316501,0.9887764100724784,1.9489044288929367,0.16239771291367688,8,1.0016285838799337,0.029533836762648532,0.027605298558869392,0.8722232851090774,COMPLETE
253,0.885646138807429,2026-03-23 18:00:02.879833,2026-03-23 18:00:03.191414,0 days 00:00:00.311581,0.9942760298059719,2.104726547244112,0.1492268388920545,8,1.0022746779162341,0.04607388714400343,0.033059402926162745,0.870483396482028,COMPLETE
254,0.8866578690127077,2026-03-23 18:00:03.210053,2026-03-23 18:00:03.591515,0 days 00:00:00.381462,0.9779734667733332,2.0168141484256252,0.18329299243137565,8,1.0620210395781433,0.06269095767166452,0.025426135533521566,0.8630300616888275,COMPLETE
255,0.8843108504398827,2026-03-23 18:00:03.623759,2026-03-23 18:00:04.059565,0 days 00:00:00.435806,0.9765896838777245,2.0447526225316817,0.18660420985457812,8,1.053552436642567,0.05262905531205478,0.02343056983882847,0.875379570298997,COMPLETE
256,0.8825151515151515,2026-03-23 18:00:04.083385,2026-03-23 18:00:04.377464,0 days 00:00:00.294079,0.9802691467574097,1.9637175128687334,0.17483372806711184,8,1.0012932359616182,0.06269957333478775,0.027542265462409704,0.8634504036933031,COMPLETE
257,0.8856187683284458,2026-03-23 18:00:04.408911,2026-03-23 18:00:04.824615,0 days 00:00:00.415704,0.9671357801688394,1.9846120959406621,0.1688023833684805,8,1.0694429948294393,0.10771702253383297,0.030780782316019297,0.8862038616708012,COMPLETE
258,0.8849941348973607,2026-03-23 18:00:04.856595,2026-03-23 18:00:05.286801,0 days 00:00:00.430206,0.98631720077994,1.8851239569153675,0.1569827344316702,8,1.067159239162973,0.045213406356944694,0.023032268812970047,0.8633027959566997,COMPLETE
259,0.8853734115347018,2026-03-23 18:00:05.318838,2026-03-23 18:00:05.704685,0 days 00:00:00.385847,0.9712376658936474,2.1589056045935826,0.1864258492715885,8,1.089729061209111,0.02571278207066894,0.03832547527582869,0.8577223788188107,COMPLETE
260,0.8865444770283479,2026-03-23 18:00:05.741399,2026-03-23 18:00:06.161488,0 days 00:00:00.420089,0.9950611296015595,2.0049727635293744,0.14950535274227206,8,1.0507009266405871,0.06724866897968558,0.03212968891621646,0.8750222841740206,COMPLETE
261,0.8852590420332356,2026-03-23 18:00:06.193776,2026-03-23 18:00:06.568407,0 days 00:00:00.374631,0.9920702993396524,2.0469143165503136,0.19841636200199678,8,2.8479727634609064,0.05050169005192079,0.029797419838858905,0.8773605844741929,COMPLETE
262,0.8862785923753665,2026-03-23 18:00:06.603462,2026-03-23 18:00:07.028802,0 days 00:00:00.425340,0.9838905087743929,2.001955447599926,0.166034717378996,8,1.0554701839999487,0.16868420783958482,0.035601771428662485,0.8897350595622023,COMPLETE
263,0.8880449657869012,2026-03-23 18:00:07.062316,2026-03-23 18:00:07.456915,0 days 00:00:00.394599,0.9969431449343442,1.98704252595238,0.16968234261971687,8,1.048993908889953,0.130836659928467,0.024901203006968325,0.8802766100522806,COMPLETE
264,0.8862678396871945,2026-03-23 18:00:07.495818,2026-03-23 18:00:07.902090,0 days 00:00:00.406272,0.9950145980369071,2.0038060122786785,0.16746594960374234,8,1.0007582310811691,0.41125593045840575,0.025635892995779227,0.894019448154815,COMPLETE
265,0.882336265884653,2026-03-23 18:00:07.918868,2026-03-23 18:00:08.211617,0 days 00:00:00.292749,0.9961484848249433,1.901997879229727,0.17690873283769315,8,1.0045180974270982,0.06705402401938233,0.021418484077150222,0.9018291895609083,COMPLETE
266,0.8847409579667644,2026-03-23 18:00:08.245467,2026-03-23 18:00:08.583268,0 days 00:00:00.337801,0.9827404743554164,2.0355759317682094,0.16191837927873814,8,1.0046154113852428,0.21741010629594656,0.025668501395449912,0.9163102882801389,COMPLETE
267,0.8843558162267839,2026-03-23 18:00:08.600232,2026-03-23 18:00:08.973616,0 days 00:00:00.373384,0.99981467651015,1.9812558277949206,0.16951851375144117,8,1.057796613025826,0.15442270727043042,0.026327504587645566,0.8924677853873891,COMPLETE
268,0.8851016617790812,2026-03-23 18:00:08.997663,2026-03-23 18:00:09.406290,0 days 00:00:00.408627,0.9916304821491698,1.8290860606187924,0.18145200088439908,8,1.055731386953745,0.3410895455529162,0.03142169759552518,0.8879018293660305,COMPLETE
269,0.88388954056696,2026-03-23 18:00:09.436578,2026-03-23 18:00:09.851971,0 days 00:00:00.415393,0.9815170372109012,2.124534177220064,0.16360596835591676,6,1.103317379356045,0.4534921813929549,0.018847239717418973,0.8938807216590429,COMPLETE
270,0.8855581622678399,2026-03-23 18:00:09.882724,2026-03-23 18:00:10.274102,0 days 00:00:00.391378,0.9865152074820457,2.0016163209223254,0.15338122274561267,8,1.0466535618783932,0.09700128176482493,0.035275363626217436,0.8982054183038595,COMPLETE
271,0.8866246334310851,2026-03-23 18:00:10.305180,2026-03-23 18:00:10.678208,0 days 00:00:00.373028,0.999765558454669,2.2088523993844085,0.14832931175427985,8,1.001733996282199,0.21309545357557688,0.024955810879451503,0.8849387662415975,COMPLETE
272,0.8813499511241447,2026-03-23 18:00:10.707772,2026-03-23 18:00:11.084050,0 days 00:00:00.376278,0.9996272959137449,2.1497823825641094,0.14898968192077652,4,1.002259916296682,0.2538855311357476,0.022932207257101194,0.8815324717621323,COMPLETE
273,0.8851876832844575,2026-03-23 18:00:11.114156,2026-03-23 18:00:11.490970,0 days 00:00:00.376814,0.9912116813128278,2.2154647310572204,0.16834569419520565,8,1.0982817256136703,0.20800232318027193,0.024877277783949207,0.9079389489119537,COMPLETE
274,0.8848123167155424,2026-03-23 18:00:11.517764,2026-03-23 18:00:11.901432,0 days 00:00:00.383668,0.9771903497057111,1.9082591090516212,0.15879293233575664,8,1.1140409800159539,0.13679401996008758,0.020208714902504463,0.8851156616695522,COMPLETE
275,0.8863978494623656,2026-03-23 18:00:11.937253,2026-03-23 18:00:12.286783,0 days 00:00:00.349530,0.993260887575816,2.0453839578963797,0.1463630100218394,8,1.038963921248755,0.01980095693559776,0.02837681593191048,0.8756969666956071,COMPLETE
276,0.884284457478006,2026-03-23 18:00:12.305267,2026-03-23 18:00:12.588184,0 days 00:00:00.282917,0.980079878103426,2.073729537322576,0.146446399367355,8,1.0915848940601194,0.02268527962588698,0.037452821004441625,0.8751522051446357,COMPLETE
277,0.8851896383186706,2026-03-23 18:00:12.608383,2026-03-23 18:00:12.899595,0 days 00:00:00.291212,0.9704587366282444,1.7959601302366217,0.15255604565497696,8,1.1266388984935194,0.04071496024179663,0.029628526144363707,0.8836407525583624,COMPLETE
278,0.8854946236559139,2026-03-23 18:00:12.919367,2026-03-23 18:00:13.276537,0 days 00:00:00.357170,0.9858082557162109,2.2087079598536166,0.1462854368056247,8,1.0453336165239564,0.014984292714769261,0.03814696659093917,0.8769383584643402,COMPLETE
279,0.8843763440860214,2026-03-23 18:00:13.295539,2026-03-23 18:00:13.583542,0 days 00:00:00.288003,0.9685418898812003,2.1053065581571633,0.15567854345163362,8,1.049233673721299,0.07971203897852804,0.029839903693561227,0.8722078459405589,COMPLETE
280,0.8864887585532747,2026-03-23 18:00:13.605367,2026-03-23 18:00:13.890398,0 days 00:00:00.285031,0.9993613621099852,1.8945985553912956,0.14677850572241666,8,3.1800499143917986,0.018364790525357732,0.03527155243097809,0.8862243672056723,COMPLETE
281,0.8862267839687195,2026-03-23 18:00:13.911059,2026-03-23 18:00:14.230780,0 days 00:00:00.319721,0.9960078302369906,1.9017449584589035,0.1770000705324831,8,1.0788353442242427,0.02032755527028717,0.034878388549456414,0.8863560566580684,COMPLETE
282,0.8865239491691105,2026-03-23 18:00:14.249801,2026-03-23 18:00:14.617960,0 days 00:00:00.368159,0.9869630268882786,1.7492440905240714,0.14497759147965186,8,3.756360016635353,0.03310274170086328,0.022041702886083977,0.8800617455424552,COMPLETE
283,0.8831564027370479,2026-03-23 18:00:14.637118,2026-03-23 18:00:14.939266,0 days 00:00:00.302148,0.9901477435352789,1.857077117844252,0.14312088158548178,8,3.90659061140264,0.033726127726167315,0.017651213435841067,0.8782662963157359,COMPLETE
284,0.8866089931573803,2026-03-23 18:00:14.958705,2026-03-23 18:00:15.274128,0 days 00:00:00.315423,0.9761834616796783,1.8033583779608422,0.14533071522319013,8,3.3173563473028556,0.015380937093735848,0.02225360488937535,0.870393594041595,COMPLETE
285,0.8823069403714565,2026-03-23 18:00:15.292923,2026-03-23 18:00:15.604973,0 days 00:00:00.312050,0.9957297278747281,1.7938657704444858,0.1423547374545715,8,3.492435858001354,0.012043706004168323,0.021542471069968566,0.8749411013000022,COMPLETE
286,0.8827057673509286,2026-03-23 18:00:15.624180,2026-03-23 18:00:15.955775,0 days 00:00:00.331595,0.999595687112095,1.6811382873882743,0.14403669683467926,8,3.2823727730157635,0.017715619090346964,0.016683767089644284,0.8828160791282648,COMPLETE
287,0.8834037145650049,2026-03-23 18:00:15.974273,2026-03-23 18:00:16.271549,0 days 00:00:00.297276,0.9623978626537067,1.9393966845633206,0.15291704988863203,8,4.083098480459012,0.06923672236409019,0.02163411661496417,0.8779121818040935,COMPLETE
288,0.8826187683284457,2026-03-23 18:00:16.288760,2026-03-23 18:00:16.601435,0 days 00:00:00.312675,0.972928160487502,1.8102026398317608,0.14658851982857474,8,3.798375399793987,0.03241222710079578,6.929009464329207,0.8697040299810703,COMPLETE
289,0.8813978494623655,2026-03-23 18:00:16.620879,2026-03-23 18:00:16.939329,0 days 00:00:00.318450,0.9887502936562279,2.229123797515508,0.15170412371528222,8,7.235317725351178,0.014719293861040298,0.02850470774566889,0.8716331465484344,COMPLETE
290,0.8839305962854349,2026-03-23 18:00:16.961701,2026-03-23 18:00:17.272266,0 days 00:00:00.310565,0.9634986947831898,1.7220623044670005,0.13916010677355575,8,1.1435594728294245,0.0337258582761399,0.02371062569515728,0.9542428035561423,COMPLETE
291,0.8847380254154447,2026-03-23 18:00:17.291394,2026-03-23 18:00:17.610123,0 days 00:00:00.318729,0.9815393475689825,1.7487467656896307,0.1542859167102491,8,3.6601671309977797,0.05357556954915584,0.03133230537497747,0.8980505226452995,COMPLETE
292,0.8837624633431085,2026-03-23 18:00:17.628724,2026-03-23 18:00:17.950724,0 days 00:00:00.322000,0.9710297606258705,1.9201104328710792,0.14311226977529498,8,4.096604190206434,0.01903676083434595,0.040338096275430904,0.8888710200287563,COMPLETE
293,0.8832463343108503,2026-03-23 18:00:17.971220,2026-03-23 18:00:18.317602,0 days 00:00:00.346382,0.9898560112854493,0.886093027873244,0.13804096471955452,8,4.3344558866737986,0.011845430723968505,0.02584176111636196,0.8679687470864734,COMPLETE
294,0.884791788856305,2026-03-23 18:00:18.337479,2026-03-23 18:00:18.666693,0 days 00:00:00.329214,0.9752945846827331,2.303918983103058,0.14810312793176947,8,1.1348868289036464,0.08729552452740212,0.020013861677319413,0.8807980952959579,COMPLETE
295,0.8792512218963833,2026-03-23 18:00:18.685765,2026-03-23 18:00:19.009643,0 days 00:00:00.323878,0.9988407355006164,2.154899578041987,0.1573332775025809,3,3.2080537943827463,0.02414330844231052,0.03225199215587061,0.8706433376252052,COMPLETE
296,0.8849423264907137,2026-03-23 18:00:19.029264,2026-03-23 18:00:19.328848,0 days 00:00:00.299584,0.9645104254288365,2.007101783637869,0.1998013023573027,8,3.3520357036376276,0.0399140224226401,0.04015296428135475,0.8652429775216468,COMPLETE
297,0.886030303030303,2026-03-23 18:00:19.348228,2026-03-23 18:00:19.674210,0 days 00:00:00.325982,0.9828450531152131,1.8489985695268176,0.1369203384940899,8,3.010000155573873,0.010072769509120562,1.4397307721661137,0.856788711314812,COMPLETE
298,0.8849257086999023,2026-03-23 18:00:19.694409,2026-03-23 18:00:20.052937,0 days 00:00:00.358528,0.9572661364708279,2.177336883465868,0.1596064031071153,8,1.0967377960793978,0.01652405861827924,0.01836072975490332,0.8815513218054034,COMPLETE
299,0.8847204301075269,2026-03-23 18:00:20.072329,2026-03-23 18:00:20.424294,0 days 00:00:00.351965,0.9894531711288044,2.0638205339968048,0.14606742782156934,8,3.782469826473325,0.06428774451244726,0.02802040526275959,0.888296643681746,COMPLETE
300,0.8853841642228739,2026-03-23 18:00:20.443373,2026-03-23 18:00:20.788145,0 days 00:00:00.344772,0.974861671056975,2.350729800232623,0.17297947268559405,8,3.5414641980407864,0.12487226406289266,0.02355256030376914,0.858147318221878,COMPLETE
301,0.8825698924731183,2026-03-23 18:00:20.806958,2026-03-23 18:00:21.168634,0 days 00:00:00.361676,0.9629249947835493,0.6809414677829628,0.13436618511843604,6,2.3325977551245964,0.027451646880208028,0.033987953875526986,0.8692461928049977,COMPLETE
302,0.8824545454545454,2026-03-23 18:00:21.190169,2026-03-23 18:00:21.514465,0 days 00:00:00.324296,0.9809301439915067,1.70065209605547,0.14289498493594235,8,7.790159308336385,0.00926229535013307,0.04126677034067889,0.8552795638556836,COMPLETE
303,0.8841221896383187,2026-03-23 18:00:21.536021,2026-03-23 18:00:21.828294,0 days 00:00:00.292273,0.9997230955758317,4.596519031264933,0.1547436788654488,8,1.1474892954902671,0.044841416508721664,0.02889984473723398,0.8755499232047089,COMPLETE
304,0.8862043010752689,2026-03-23 18:00:21.849784,2026-03-23 18:00:22.160775,0 days 00:00:00.310991,0.9892280854072488,1.9438823127657159,0.1320855909214136,8,2.6794050591900906,0.014940989334075545,0.03676016088599267,0.8643910906597705,COMPLETE
305,0.8856158357771261,2026-03-23 18:00:22.180490,2026-03-23 18:00:22.502718,0 days 00:00:00.322228,0.9530762685276198,2.2155350248241077,0.14970080818503906,7,2.4722875028444506,0.027877381649774366,0.02358173924642392,0.8944204079681929,COMPLETE
306,0.8863753665689149,2026-03-23 18:00:22.523691,2026-03-23 18:00:22.815506,0 days 00:00:00.291815,0.9720061692329687,2.086210582101104,0.1632432331786073,8,3.1650156177840194,0.008456164440104628,0.03174599427510379,0.8549129577934523,COMPLETE
307,0.8887165200391007,2026-03-23 18:00:22.834975,2026-03-23 18:00:23.149861,0 days 00:00:00.314886,0.9793250106129007,2.1060930219757,0.16770924672758358,8,3.357469523244548,0.009394399033380522,0.030655202858507615,0.8666906551858331,COMPLETE
308,0.8818621700879765,2026-03-23 18:00:23.171501,2026-03-23 18:00:23.464404,0 days 00:00:00.292903,0.9747431488404261,2.0569553116399346,0.18330836985719606,8,3.009208946027202,0.009086123745112801,0.02852108086332243,0.8735272957810882,COMPLETE
309,0.8849765395894429,2026-03-23 18:00:23.486855,2026-03-23 18:00:23.814476,0 days 00:00:00.327621,0.9690381078089985,1.9190140411694194,0.16829572868645185,8,3.3968834336166016,0.013834338543090907,0.03319120977954521,0.8646149246907616,COMPLETE
310,0.8827282502443793,2026-03-23 18:00:23.836257,2026-03-23 18:00:24.126360,0 days 00:00:00.290103,0.9826688777220339,2.1528962434701704,0.185407532207414,8,3.126698712085052,0.01769625626049276,0.020851443888388253,0.8529325798759431,COMPLETE
311,0.8831994134897361,2026-03-23 18:00:24.148145,2026-03-23 18:00:22.469199,-1 days +23:59:58.321054,0.9655616000090607,1.8533505122991472,0.16253508911431197,8,3.4306841416541536,0.007523919621518746,0.02587234935937929,0.8819952323208978,COMPLETE
312,0.885171065493646,2026-03-23 18:00:22.493700,2026-03-23 18:00:22.853488,0 days 00:00:00.359788,0.9899280848124957,2.0806859291752433,0.1613729372035774,8,3.2802153997553662,0.07164310484884442,0.03095757234965875,0.8675092987844959,COMPLETE
313,0.8832033235581622,2026-03-23 18:00:22.873333,2026-03-23 18:00:23.203437,0 days 00:00:00.330104,0.974611642562129,2.279817996041228,0.17398262753351107,8,3.0897255848002896,0.02305575385067473,4.352103567405154,0.8554369987575997,COMPLETE
314,0.8836441837732161,2026-03-23 18:00:23.220587,2026-03-23 18:00:23.618533,0 days 00:00:00.397946,0.6032942389592357,1.9696058464461326,0.15512086161476157,8,4.714103064622914,0.04258883407327657,0.04078040413656511,0.8750500611061387,COMPLETE
315,0.8842414467253177,2026-03-23 18:00:23.638376,2026-03-23 18:00:23.940061,0 days 00:00:00.301685,0.9615364608266812,1.7740810971493288,0.16591700900689282,8,2.85536747977829,0.011230671979923402,0.025413237175332105,0.8596689664063596,COMPLETE
316,0.884386119257087,2026-03-23 18:00:23.959673,2026-03-23 18:00:24.240577,0 days 00:00:00.280904,0.9818034523553316,2.1164697335752365,0.17846495011556274,8,3.639923423300781,0.10429815121093268,0.7993246258793972,0.9033089131765943,COMPLETE
317,0.884457478005865,2026-03-23 18:00:24.261878,2026-03-23 18:00:24.554582,0 days 00:00:00.292704,0.9918807294915346,2.3213282395310886,0.1447420599668406,8,2.076095691326008,0.007996871011468757,0.03333263205666045,0.8676678805063074,COMPLETE
318,0.8824809384164223,2026-03-23 18:00:24.573193,2026-03-23 18:00:24.887364,0 days 00:00:00.314171,0.9724075537678237,2.0008988389999156,0.15371084010213654,8,5.450875881063275,0.03172558281551293,0.04312978004746665,0.8901652379469491,COMPLETE
319,0.8855131964809384,2026-03-23 18:00:24.909179,2026-03-23 18:00:25.211754,0 days 00:00:00.302575,0.9821682019961939,1.6377492506387759,0.1406396740681614,8,3.7207674655105225,0.0145543506443801,0.021982996953923993,0.8793168617230662,COMPLETE
320,0.8863998044965787,2026-03-23 18:00:25.232253,2026-03-23 18:00:25.555966,0 days 00:00:00.323713,0.9554207646014498,1.8638682814430085,0.15960199674398934,8,1.0069590337920218,0.05618057132712414,0.028210780952823877,0.8584235099649254,COMPLETE
321,0.884854349951124,2026-03-23 18:00:25.575319,2026-03-23 18:00:25.916040,0 days 00:00:00.340721,0.9540940658687773,1.73231901438624,0.14907282550603695,8,1.008202100721058,0.05239285047809985,0.018326662894323973,0.8717788423001185,COMPLETE
322,0.8848250244379278,2026-03-23 18:00:25.935372,2026-03-23 18:00:26.246682,0 days 00:00:00.311310,0.9579715959501439,1.9141562878332503,0.13727959849842863,8,1.001938741232803,0.12809767440804848,0.025004192551824053,0.862690015593641,COMPLETE
323,0.8796314760508308,2026-03-23 18:00:26.266999,2026-03-23 18:00:26.583009,0 days 00:00:00.316010,0.9988597919265574,1.777984811025183,0.19061050990509681,8,1.0531620336490504,0.07152339205164156,35.80439602766407,0.8840959886875995,COMPLETE
324,0.8869423264907137,2026-03-23 18:00:26.603112,2026-03-23 18:00:26.916375,0 days 00:00:00.313263,0.9882454800512659,1.8654670561688227,0.1552084874538601,8,1.0526043055200336,0.038012241492806194,0.028280480018145916,0.8591643070494694,COMPLETE
325,0.8881270772238514,2026-03-23 18:00:26.936536,2026-03-23 18:00:27.278500,0 days 00:00:00.341964,0.964759853096821,1.7638677104332592,0.174713834981817,8,1.0695457032111084,0.04263542413969849,0.03565411043237891,0.8504592065806915,COMPLETE
326,0.8852140762463343,2026-03-23 18:00:27.300614,2026-03-23 18:00:27.605844,0 days 00:00:00.305230,0.9667268107179738,1.5943891376089894,0.17455856482734253,8,1.0946996235080966,0.035078547317847285,0.0368318565104466,0.8485507761998158,COMPLETE
327,0.880366568914956,2026-03-23 18:00:27.627065,2026-03-23 18:00:27.918671,0 days 00:00:00.291606,0.9838486022030829,1.794303611172466,0.1806091433391833,8,1.0776072952274804,0.09147471865243889,0.043481340426002164,0.8392652634704479,COMPLETE
328,0.8835679374389053,2026-03-23 18:00:27.939526,2026-03-23 18:00:28.265280,0 days 00:00:00.325754,0.9773393182049929,2.34830644766216,0.19041562481139235,8,1.0863970775847767,0.7565115263766098,0.03567530311571144,0.8549568262213049,COMPLETE
329,0.8837908113391985,2026-03-23 18:00:28.284221,2026-03-23 18:00:28.703876,0 days 00:00:00.419655,0.9646659545847076,1.9036950422348513,0.16982473604979392,8,1.1602336328714946,0.15729021619571454,0.0447866073127993,0.8482014748871741,COMPLETE
330,0.8838426197458455,2026-03-23 18:00:28.722769,2026-03-23 18:00:29.050559,0 days 00:00:00.327790,0.9857835177222055,1.6528455662915815,0.13270337762609755,8,1.0488599257555595,0.037664687288682594,0.021401337229800435,0.8654671712729566,COMPLETE
331,0.8854398826979473,2026-03-23 18:00:29.067849,2026-03-23 18:00:29.358624,0 days 00:00:00.290775,0.9516314780544647,2.2448510792120855,0.16013954916398745,8,1.101342641388087,0.029132058800294004,0.03417029542127236,0.8453377922412865,COMPLETE
332,0.8851368523949169,2026-03-23 18:00:29.377967,2026-03-23 18:00:29.695241,0 days 00:00:00.317274,0.9999424596259838,2.4015821040371494,0.14948750216769913,8,1.144191864002422,0.05333551517353484,0.029611200093763217,0.8599636279792048,COMPLETE
333,0.8848866080156403,2026-03-23 18:00:29.716095,2026-03-23 18:00:30.030182,0 days 00:00:00.314087,0.9744786213871607,1.7046547173105076,0.1401341974331879,8,1.0407258558914378,0.23829144944247077,0.03897638359746051,0.8689277094748121,COMPLETE
334,0.8860156402737048,2026-03-23 18:00:30.051224,2026-03-23 18:00:30.371065,0 days 00:00:00.319841,0.9607153844365457,1.9798152667595112,0.154369371071674,8,1.0007507793489525,0.021079114885466724,0.026392251598345157,0.8528965955020414,COMPLETE
335,0.886485826001955,2026-03-23 18:00:30.391481,2026-03-23 18:00:30.703514,0 days 00:00:00.312033,0.9903746757344983,2.219479390938444,0.17042244179301425,7,1.0888612441926246,0.013695768466060866,0.033785198423931934,0.8419084076936585,COMPLETE
336,0.8855865102639298,2026-03-23 18:00:30.723154,2026-03-23 18:00:31.037791,0 days 00:00:00.314637,0.9786751822835759,1.8514857239109608,0.13241765188364352,8,1.1601846242739386,0.006001360484536685,0.04372707335820513,0.8860823894308302,COMPLETE
337,0.872843597262952,2026-03-23 18:00:31.057392,2026-03-23 18:00:31.354829,0 days 00:00:00.297437,0.9673870772438145,2.154193065220214,0.029315574963976042,8,9.417016514668779,0.10591318177865303,0.01573007514881762,0.8634773839950839,COMPLETE
338,0.8845913978494624,2026-03-23 18:00:31.374504,2026-03-23 18:00:31.737096,0 days 00:00:00.362592,0.6967901089406181,1.751678382715492,0.1415461507526125,8,3.5039079689201,0.02505247037736166,0.02416302440648104,0.8367372587704377,COMPLETE
339,0.8849970674486803,2026-03-23 18:00:31.754668,2026-03-23 18:00:32.084478,0 days 00:00:00.329810,0.9855960156164947,2.394563437375267,0.1518552644680055,8,1.0005814989269097,0.04398006105330678,0.01894260994974944,0.8755599371327794,COMPLETE
340,0.885782991202346,2026-03-23 18:00:32.105064,2026-03-23 18:00:32.412459,0 days 00:00:00.307395,0.9506522316166037,2.014797801214052,0.13063197246244093,8,2.189816729118975,0.07881088741654872,0.0316789994414504,0.8536641735185057,COMPLETE
341,0.8861339198435974,2026-03-23 18:00:32.433103,2026-03-23 18:00:32.735587,0 days 00:00:00.302484,0.9698100403335602,1.869989045666743,0.16283630336392116,8,1.0630484107106515,0.011312933331101819,0.046204109808098526,0.8711382142427545,COMPLETE
342,0.8861114369501465,2026-03-23 18:00:32.754475,2026-03-23 18:00:33.050205,0 days 00:00:00.295730,0.9919757515610115,2.471239811334852,0.17884435381338606,8,1.1891710921583143,0.006023637345322848,0.0380719780137806,0.8622213483276053,COMPLETE
343,0.8847262952101662,2026-03-23 18:00:33.068797,2026-03-23 18:00:33.403249,0 days 00:00:00.334452,0.9589338575340817,1.974062307950745,0.1401543383946228,8,1.1138610112699516,0.017459248049497746,0.022621077384300678,0.8935099177619903,COMPLETE
344,0.88541642228739,2026-03-23 18:00:33.423214,2026-03-23 18:00:33.713093,0 days 00:00:00.289879,0.9784444131105078,2.296470351704004,0.14648589131290277,8,1.0578908131048796,8.718507159904387e-08,0.02773389658138205,0.8477667076413227,COMPLETE
345,0.8857585532746823,2026-03-23 18:00:33.733381,2026-03-23 18:00:34.050255,0 days 00:00:00.316874,0.9998393909297248,2.166856927242788,0.15603809101415111,8,1.1180241128304604,0.04297254612387219,0.03117096313543444,0.8807240236941156,COMPLETE
346,0.8854310850439883,2026-03-23 18:00:34.070021,2026-03-23 18:00:34.380550,0 days 00:00:00.310529,0.9862262226094025,1.6012055609051736,0.17109686401661367,8,1.186677639019455,0.027247858653439285,0.038372609830125914,0.8569286096449599,COMPLETE
347,0.8754154447702837,2026-03-23 18:00:34.398536,2026-03-23 18:00:34.694303,0 days 00:00:00.295767,0.9496666776478564,1.8317990631807406,0.02491320691073787,8,1.0403003245282711,0.06449168128057543,0.025627822179030795,0.8690530409574363,COMPLETE
348,0.8860860215053763,2026-03-23 18:00:34.714426,2026-03-23 18:00:35.049729,0 days 00:00:00.335303,0.9654775611369869,2.0825980124778245,0.12796224307299264,8,3.9206573326193226,0.010327116675965564,0.04648653594074093,0.8339310506246027,COMPLETE
349,0.8843479960899316,2026-03-23 18:00:35.069000,2026-03-23 18:00:35.389783,0 days 00:00:00.320783,0.9744091015924764,2.46429720174256,0.1371143171871948,8,1.0012235434806613,0.16852246939011206,2.5142374252776984,0.8500178372985737,COMPLETE
350,0.8851730205278593,2026-03-23 18:00:35.409672,2026-03-23 18:00:35.787675,0 days 00:00:00.378003,0.9921073811869016,1.9473303451450745,0.19444366592102383,8,3.344920885588525,0.018261193509484863,0.01938421942898625,0.8800338626731936,COMPLETE
351,0.8854291300097752,2026-03-23 18:00:35.807151,2026-03-23 18:00:36.099986,0 days 00:00:00.292835,0.9606782098840893,2.7519482718881,0.14910566102322123,8,1.1088840432008031,0.00755096081991009,0.034899304688401404,0.8630041762573042,COMPLETE
352,0.8852228739002932,2026-03-23 18:00:36.121337,2026-03-23 18:00:36.466967,0 days 00:00:00.345630,0.9807722565919101,2.3166621014852993,0.16004296974801183,8,1.0643095476919853,0.036254463321857375,0.030977585917143252,0.8884446890401599,COMPLETE
353,0.8865738025415446,2026-03-23 18:00:36.488378,2026-03-23 18:00:36.823700,0 days 00:00:00.335322,0.9724719188245714,1.748668441739707,0.14440236477324453,8,1.1602778285158397,0.30247349759510533,0.02225429903356297,0.8996508729481587,COMPLETE
354,0.8846529814271749,2026-03-23 18:00:36.846578,2026-03-23 18:00:37.175246,0 days 00:00:00.328668,0.9679936253669332,1.7063758600820635,0.1343795903267832,8,1.1838375461594728,0.6220590279066973,0.484480844279927,0.9048042035872084,COMPLETE
355,0.8778142717497556,2026-03-23 18:00:37.195743,2026-03-23 18:00:37.582175,0 days 00:00:00.386432,0.7164167555713592,2.6508204510059055,0.12677050415151644,6,1.1646740599679726,0.3608678220032215,14.07037853069722,0.9292901520818235,COMPLETE
356,0.8842033235581622,2026-03-23 18:00:37.603906,2026-03-23 18:00:37.931978,0 days 00:00:00.328072,0.9523265366683227,4.368527220709221,0.18176494056068182,8,1.128934835319229,0.29503057245975156,0.01736749445704378,0.8431857634920907,COMPLETE
357,0.8835855327468232,2026-03-23 18:00:37.953220,2026-03-23 18:00:38.278959,0 days 00:00:00.325739,0.9713945997864415,1.6790176174257,0.16480886868829084,8,1.0780761100107041,0.17764947711131682,0.022439429895010632,0.8557293180355168,COMPLETE
358,0.8825542521994134,2026-03-23 18:00:38.298135,2026-03-23 18:00:38.610962,0 days 00:00:00.312827,0.9578652006663985,2.2200007351625337,0.13923418985873495,8,1.2115106425159554,0.07473624708826229,0.02151585874037406,0.9158617994544606,COMPLETE
359,0.8832404692082112,2026-03-23 18:00:38.629968,2026-03-23 18:00:38.957209,0 days 00:00:00.327241,0.6400412711650161,2.3861247412967237,0.15353055503418891,8,1.039349248180074,0.10311055717777838,0.026042728917111544,0.8984915951397079,COMPLETE
360,0.8784105571847507,2026-03-23 18:00:38.975197,2026-03-23 18:00:39.297097,0 days 00:00:00.321900,0.6717893760239729,1.7856283585816517,0.1421566430623425,8,10.683200802571504,0.27406068184656346,1.0399701964260577,0.8713315361557102,COMPLETE
361,0.8845542521994135,2026-03-23 18:00:39.312912,2026-03-23 18:00:39.617003,0 days 00:00:00.304091,0.9785727386994513,1.6064850903776968,0.12369455120587662,8,1.1426358850602365,0.005698208560088612,0.015716563734312378,0.860479849618324,COMPLETE
362,0.8838895405669599,2026-03-23 18:00:39.632676,2026-03-23 18:00:39.973641,0 days 00:00:00.340965,0.9484713200167337,2.0684139683945664,0.17250897951343883,8,1.0970643091490337,0.0531041046295689,0.028475037843415874,0.9110388578770529,COMPLETE
363,0.8846715542521995,2026-03-23 18:00:39.989242,2026-03-23 18:00:40.254164,0 days 00:00:00.264922,0.9652121657425093,2.505275689605872,0.15529577293078045,8,1.2215266739984785,0.005123710890310926,0.020290891239112353,0.8409856169264563,COMPLETE
364,0.8857253176930597,2026-03-23 18:00:40.269980,2026-03-23 18:00:40.552906,0 days 00:00:00.282926,0.9731360202336262,2.614157078718268,0.13315184932923876,8,1.055669318082789,0.01226516998168421,0.02484835957863438,0.8509596254033231,COMPLETE
365,0.8842893450635386,2026-03-23 18:00:40.568952,2026-03-23 18:00:40.845293,0 days 00:00:00.276341,0.9835794970496865,2.130016054075936,0.14432628896213684,8,1.1511252220057282,0.11211364367841799,0.04158498258597773,0.8651596150980789,COMPLETE
366,0.8870351906158358,2026-03-23 18:00:40.860760,2026-03-23 18:00:41.125763,0 days 00:00:00.265003,0.9459540523278327,1.9997431944222817,0.16282107164379866,8,1.0420631291690294,0.024009399013159023,0.049734596694830775,0.8740487960912346,COMPLETE
367,0.8837605083088953,2026-03-23 18:00:41.141373,2026-03-23 18:00:41.388768,0 days 00:00:00.247395,0.957196825075756,1.9773842631461118,0.19981720593659053,8,1.035647220527996,0.02658071366550636,0.0474137891999113,0.8765904319555877,COMPLETE
368,0.8833010752688173,2026-03-23 18:00:41.402932,2026-03-23 18:00:41.662958,0 days 00:00:00.260026,0.9446124566009959,1.8503174916837795,0.16783423996710836,8,1.0036600261996214,0.042391371410340314,0.047585040531109346,0.8739749998513499,COMPLETE
369,0.8824037145650049,2026-03-23 18:00:41.677898,2026-03-23 18:00:41.957447,0 days 00:00:00.279549,0.9658476738276349,2.025514061807514,0.18400871498667998,8,1.0012510645874542,0.022807916429873284,0.05047778451561223,0.6456083468213789,COMPLETE
370,0.8831124144672531,2026-03-23 18:00:41.972266,2026-03-23 18:00:42.228168,0 days 00:00:00.255902,0.9724576343918311,1.7774306808931324,0.16190608156794548,8,1.0943436113296041,0.061463675958721584,0.028827250063733316,0.9010809356472747,COMPLETE
371,0.8840351906158358,2026-03-23 18:00:42.243181,2026-03-23 18:00:42.499087,0 days 00:00:00.255906,0.9866974422848456,2.2044199834546556,0.17627443567213769,8,1.0699691909361897,0.035212559859496534,0.03940724672246733,0.8932085020888398,COMPLETE
372,0.8799335288367547,2026-03-23 18:00:42.514952,2026-03-23 18:00:42.825035,0 days 00:00:00.310083,0.9601909020557486,1.9286343155774803,0.15370079244334858,4,6.140937662722611,0.012238259602356564,0.022886017132547332,0.9253886903374944,COMPLETE
373,0.8846695992179863,2026-03-23 18:00:42.841094,2026-03-23 18:00:43.121140,0 days 00:00:00.280046,0.944240861210433,2.104488746813439,0.16361448212827245,8,1.1028930343464443,0.023793884995952107,0.018362762865867552,0.8830305396599395,COMPLETE
374,0.8857947214076246,2026-03-23 18:00:43.136193,2026-03-23 18:00:43.389732,0 days 00:00:00.253539,0.9786535834536594,1.9926008639814896,0.14867625715826657,8,1.0487500413429207,0.20920307089569834,0.03152490498395461,0.8676381574433888,COMPLETE
375,0.8815542521994135,2026-03-23 18:00:43.404509,2026-03-23 18:00:43.831164,0 days 00:00:00.426655,0.9502833014108967,1.8515676799225997,0.17119450670911335,3,1.1139983153343929,0.008357737177773043,0.03960999169349322,0.8305947621491615,COMPLETE
376,0.8863020527859237,2026-03-23 18:00:43.847504,2026-03-23 18:00:44.133900,0 days 00:00:00.286396,0.9900159763600164,2.1863449458833903,0.15630502558485262,8,1.0016438346296337,0.12389866929696569,0.027063315152900575,0.8753044042697337,COMPLETE
377,0.8849824046920822,2026-03-23 18:00:44.148670,2026-03-23 18:00:44.404988,0 days 00:00:00.256318,0.9635088667245065,1.6953368437737735,0.1473052326569725,8,1.9143181537618683,0.01640445097438611,0.03557143468219359,0.8611670493631555,COMPLETE
378,0.8777214076246334,2026-03-23 18:00:44.420001,2026-03-23 18:00:44.653517,0 days 00:00:00.233516,0.9753935495617386,2.2740032419595275,0.01811830268320179,8,1.076903449659882,0.0755196280656406,0.052641226612774455,0.6051970442556777,COMPLETE
379,0.885950146627566,2026-03-23 18:00:44.670470,2026-03-23 18:00:44.926954,0 days 00:00:00.256484,0.9574125828477971,1.4851436275623102,0.1852880306842344,8,1.1534172231150996,0.030965712579045044,0.014212937884915372,0.8704063484878084,COMPLETE
380,0.8854017595307918,2026-03-23 18:00:44.943904,2026-03-23 18:00:45.195953,0 days 00:00:00.252049,0.9804376249690498,2.0351306191163836,0.13801516450136755,8,1.041183257536869,0.053760069824334615,0.023655148692501456,0.8456772987998102,COMPLETE
381,0.884902248289345,2026-03-23 18:00:45.211675,2026-03-23 18:00:45.487772,0 days 00:00:00.276097,0.9715895140626245,1.9124418537401084,0.1278089243527184,8,1.1366935327804617,0.010392250819862527,0.03188850473818318,0.8841251062726315,COMPLETE
382,0.8871915933528837,2026-03-23 18:00:45.501643,2026-03-23 18:00:45.746674,0 days 00:00:00.245031,0.992120490043997,1.782952129993845,0.15744744197765512,8,1.044649770070427,0.022056323751324578,0.042599392252865485,0.855724710192261,COMPLETE
383,0.8827702834799609,2026-03-23 18:00:45.767750,2026-03-23 18:00:46.012274,0 days 00:00:00.244524,0.864439659077773,2.369153663537606,0.16422111248045462,8,1.0579265450854731,0.015375772949574948,0.044658257527257064,0.8533507736473186,COMPLETE
384,0.8839824046920821,2026-03-23 18:00:46.026548,2026-03-23 18:00:46.312932,0 days 00:00:00.286384,0.9928553134372449,2.115747186027395,0.17685625277495556,7,1.0946849379543049,0.5336487103782858,0.05230104298188104,0.8342214502156078,COMPLETE
385,0.8849589442815249,2026-03-23 18:00:46.327584,2026-03-23 18:00:46.594403,0 days 00:00:00.266819,0.94434565366083,1.8118501618956895,0.15880612771239425,8,1.0003103426606308,0.007067012592137294,0.28446818880794406,0.8577339455840388,COMPLETE
386,0.8813685239491692,2026-03-23 18:00:46.608860,2026-03-23 18:00:46.870924,0 days 00:00:00.262064,0.9537748791456329,1.9496386528353156,0.16964065003576673,8,1.1861302474056363,0.00011540165411776255,0.040574010921104686,0.8416581046624986,COMPLETE
387,0.8762365591397849,2026-03-23 18:00:46.886104,2026-03-23 18:00:47.146249,0 days 00:00:00.260145,0.9654859808814211,2.2886713250729684,0.01406565528841141,8,1.046448833156011,0.020965599821493014,0.03551218809423618,0.8485993050543147,COMPLETE
388,0.8823049853372434,2026-03-23 18:00:47.161565,2026-03-23 18:00:47.430942,0 days 00:00:00.269377,0.9835320682474132,2.0456515800877275,0.15496542597909166,8,1.1252403186162847,0.014695976311288028,0.04386602747248118,0.8628610895692386,COMPLETE
389,0.8866217008797653,2026-03-23 18:00:47.445178,2026-03-23 18:00:47.670876,0 days 00:00:00.225698,0.9909796501759062,2.4723054325000025,0.19055888267265744,8,1.0481095179915103,0.008748662529462287,0.6232642272185448,0.8539322891461275,COMPLETE
390,0.8832434017595309,2026-03-23 18:00:47.685810,2026-03-23 18:00:47.957844,0 days 00:00:00.272034,0.9719808476587044,2.415796042638474,0.1947457245168453,8,1.0824555385734909,0.009439143752044427,0.6277783999215025,0.853795524356036,COMPLETE
391,0.8855503421309873,2026-03-23 18:00:47.972209,2026-03-23 18:00:48.232876,0 days 00:00:00.260667,0.9521740038601705,2.5266643223339966,0.18325182781054977,8,1.2474298515644275,0.005806388436789304,0.05334861145488175,0.8401168015370574,COMPLETE
392,0.8848396871945259,2026-03-23 18:00:48.247755,2026-03-23 18:00:48.508115,0 days 00:00:00.260360,0.9804962200363577,2.7259467361313803,0.19097884866387202,8,1.1722638220107697,1.4601737834001145,0.03993217956052134,0.8545531086430235,COMPLETE
393,0.8847966764418378,2026-03-23 18:00:48.522322,2026-03-23 18:00:48.771247,0 days 00:00:00.248925,0.9608309222728615,2.4740534696763956,0.18129852971287605,8,1.041786504777813,0.009116026195795646,0.028728622930128324,0.8465321309470779,COMPLETE
394,0.8861612903225806,2026-03-23 18:00:48.786719,2026-03-23 18:00:49.054537,0 days 00:00:00.267818,0.9441319753392827,2.61029855555775,0.19889050639093667,8,1.0943467246400405,0.005725491343045664,0.04926034846001199,0.8611155344369501,COMPLETE
395,0.885635386119257,2026-03-23 18:00:49.070287,2026-03-23 18:00:49.329918,0 days 00:00:00.259631,0.9907659396039159,2.346611260361704,0.17310077928233225,8,1.0008714226998683,0.012527904671338911,0.03484747142465837,0.8306229291315302,COMPLETE
396,0.8851808406647116,2026-03-23 18:00:49.345156,2026-03-23 18:00:49.624100,0 days 00:00:00.278944,0.9654522722023271,2.462514672045285,0.11775734068219545,8,1.1343438947491264,0.0204155767347979,0.02693773563446221,0.8488439278981297,COMPLETE
397,0.8847507331378299,2026-03-23 18:00:49.636086,2026-03-23 18:00:49.893842,0 days 00:00:00.257756,0.9765435483245193,2.259895216739757,0.1648780762681468,8,1.19586574992132,0.00458764401810125,0.04327820634920053,0.8671300383796767,COMPLETE
398,0.8835014662756597,2026-03-23 18:00:49.908534,2026-03-23 18:00:50.175433,0 days 00:00:00.266899,0.9864677408999947,1.583843700195692,0.1839577493321918,5,1.0496545925495855,0.006947752814228648,3.888405667852511,0.8365459237766385,COMPLETE
399,0.8848318670576735,2026-03-23 18:00:50.191001,2026-03-23 18:00:50.454356,0 days 00:00:00.263355,0.9695307893784654,2.7976668978526567,0.130714906767556,8,1.0011348519602585,0.013188768516314585,0.05912547318904855,0.8584846167172271,COMPLETE
400,0.885820136852395,2026-03-23 18:00:50.470016,2026-03-23 18:00:50.712457,0 days 00:00:00.242441,0.9550419830241019,2.672548514452533,0.17332513448650247,8,1.3126970894198773,0.03474470026717826,0.035549410035604564,0.8656643781955381,COMPLETE
401,0.8863636363636364,2026-03-23 18:00:50.727865,2026-03-23 18:00:50.976053,0 days 00:00:00.248188,0.9916953025125287,2.5383566531847395,0.139605206517797,8,1.1094950939723671,0.019079318684348406,0.02898957613307914,0.8442723967301572,COMPLETE
402,0.8857106549364614,2026-03-23 18:00:50.990086,2026-03-23 18:00:51.281095,0 days 00:00:00.291009,0.9463737766308059,2.170499497396585,0.1567734947760746,8,1.077607868727547,0.008718429917660574,0.02416580734382186,0.8549041307741311,COMPLETE
403,0.8849833822091886,2026-03-23 18:00:51.296201,2026-03-23 18:00:51.580536,0 days 00:00:00.284335,0.9781351654536593,2.3950830967121473,0.12327491240498199,8,1.2271513868397799,0.00432077041075316,0.21615884982762523,0.8674341655195539,COMPLETE
404,0.886524926686217,2026-03-23 18:00:51.596604,2026-03-23 18:00:51.873368,0 days 00:00:00.276764,0.9599856235332226,1.8266144067996248,0.14802731507820024,8,1.1471644327116173,0.026120182132774287,0.37078072134452983,0.8493007149827233,COMPLETE
405,0.8824711632453568,2026-03-23 18:00:51.889141,2026-03-23 18:00:52.140220,0 days 00:00:00.251079,0.9398751161934132,1.6551918838850415,0.1660270175195636,8,1.0010133333228877,2.6363813329698615e-08,0.03978846862565126,0.8578537696054006,COMPLETE
406,0.8799227761485826,2026-03-23 18:00:52.155696,2026-03-23 18:00:52.641006,0 days 00:00:00.485310,0.9679315344965126,2.2420417698472184,0.011670736268369813,8,1.0763098347058946,0.38228952760599866,0.03333641540749164,0.8383048527807662,COMPLETE
407,0.8792756598240469,2026-03-23 18:00:52.657673,2026-03-23 18:00:52.921655,0 days 00:00:00.263982,0.9827086083432095,2.5202824036332907,0.13577053468692932,8,1.0455838954875545,0.16184949549335054,23.597967718311637,0.8721078834494723,COMPLETE
408,0.8854535679374391,2026-03-23 18:00:52.939226,2026-03-23 18:00:53.207385,0 days 00:00:00.268159,0.9944498071867738,2.1289045761130634,0.14430365277163576,8,1.1280891943550346,0.012304783051576793,0.051397219870589435,0.8256398063096706,COMPLETE
409,0.8845630498533724,2026-03-23 18:00:53.222859,2026-03-23 18:00:53.470007,0 days 00:00:00.247148,0.9997907662631454,2.685346108139049,0.1858233374649463,8,1.178869922799463,0.007052879254686319,0.019888717167008144,0.8603924186152301,COMPLETE
410,0.8772590420332355,2026-03-23 18:00:53.483333,2026-03-23 18:00:53.714317,0 days 00:00:00.230984,0.9741887450671939,1.757343759683287,0.02104700956748731,8,1.3930648308151539,0.04219071037496822,0.030340364807248166,0.8500652995045688,COMPLETE
411,0.8852443792766373,2026-03-23 18:00:53.727669,2026-03-23 18:00:53.985432,0 days 00:00:00.257763,0.9548046105370456,1.8935601487732228,0.13147180452923563,8,1.276416707116626,0.019386213883078797,0.04470263943066079,0.8662263927578838,COMPLETE
412,0.883453567937439,2026-03-23 18:00:54.000020,2026-03-23 18:00:54.273639,0 days 00:00:00.273619,0.9849196715620668,2.3397389723301276,0.15814499357492906,8,1.057112546438276,0.004526851323413723,7.175225142952017,0.8428325456989251,COMPLETE
413,0.886288367546432,2026-03-23 18:00:54.289280,2026-03-23 18:00:54.541871,0 days 00:00:00.252591,0.9695880608164078,2.0407148829336212,0.17248137445360864,8,1.0980073482097557,0.0267329534662227,0.02546746245800164,0.87631806892202,COMPLETE
414,0.8829257086999023,2026-03-23 18:00:52.612411,2026-03-23 18:00:52.849901,0 days 00:00:00.237490,0.6549261340544674,2.8743842718169863,0.1493524508022338,8,1.0418889117211614,0.22685528684311154,0.03731250767975025,0.8550857819330648,COMPLETE
415,0.8871827956989247,2026-03-23 18:00:52.865333,2026-03-23 18:00:53.144602,0 days 00:00:00.279269,0.9492041834676889,2.602170571633148,0.11985079389426966,8,1.170591750911064,0.010363394285949921,0.030192069624711968,0.8623555933877318,COMPLETE
416,0.8862287390029326,2026-03-23 18:00:53.158600,2026-03-23 18:00:53.438792,0 days 00:00:00.280192,0.94969920613506,2.4432549941058643,0.1157136457497642,8,1.2161104386158545,0.010698720521369389,0.017105113559283402,0.8484916302420934,COMPLETE
417,0.8837771260997067,2026-03-23 18:00:53.454579,2026-03-23 18:00:53.709054,0 days 00:00:00.254475,0.9594891997286258,2.589407808208866,0.12712594716864453,7,1.160255193264386,0.014704324711972916,0.021550931406773617,0.8615163938064377,COMPLETE
418,0.8839814271749756,2026-03-23 18:00:53.724222,2026-03-23 18:00:54.016659,0 days 00:00:00.292437,0.9778063424122121,2.203896209364717,0.12240438611450936,8,1.0038364349957722,0.047456737128155575,0.029056920071180943,0.834372387039886,COMPLETE
419,0.8824819159335289,2026-03-23 18:00:54.031695,2026-03-23 18:00:54.321364,0 days 00:00:00.289669,0.9644878046249277,1.9344149209301305,0.1387539966874974,8,1.1079489462737693,0.08482376042158002,10.173989390725932,0.8539464638690853,COMPLETE
420,0.886505376344086,2026-03-23 18:00:54.335966,2026-03-23 18:00:54.603574,0 days 00:00:00.267608,0.9901889375457779,2.7657371610590564,0.13431357448589337,8,1.2784768354042824,0.025081273550769532,0.025160760543434628,0.8659928424175467,COMPLETE
421,0.8856207233626587,2026-03-23 18:00:54.619707,2026-03-23 18:00:54.907312,0 days 00:00:00.287605,0.9714551301469088,1.7142284217910106,0.12307541508106605,8,1.049237078246117,0.016392937637579808,0.03133549620443563,0.8444318949495215,COMPLETE
422,0.8835083088954057,2026-03-23 18:00:54.924542,2026-03-23 18:00:55.190701,0 days 00:00:00.266159,0.9512787045731618,2.1040381589625676,0.15929773697016764,8,1.1920450468059174,0.036143875225942125,0.025538974496718946,0.8179925410034644,COMPLETE
423,0.8803655913978494,2026-03-23 18:00:55.207607,2026-03-23 18:00:55.471881,0 days 00:00:00.264274,0.9844058465094653,1.8627951644168417,0.1430830476549238,4,1.096440558920369,0.00813597244066474,0.019979626529322055,0.8589374856030464,COMPLETE
424,0.8819335288367547,2026-03-23 18:00:55.486865,2026-03-23 18:00:55.755656,0 days 00:00:00.268791,0.9598975987862713,2.267272283026346,0.1525484027333044,8,1.1469259199334383,1.0394568588345852,1.5057289511875174,0.8704874381217865,COMPLETE
425,0.8879990224828934,2026-03-23 18:00:55.770333,2026-03-23 18:00:56.057493,0 days 00:00:00.287160,0.9403419602076117,2.010399346105776,0.131965791813439,8,1.0429719182425998,0.01224574882453475,0.03450643894666185,0.839036939745662,COMPLETE
426,0.8860361681329423,2026-03-23 18:00:56.072438,2026-03-23 18:00:56.404374,0 days 00:00:00.331936,0.9410073982478706,2.0657278569386524,0.11960237296609162,8,1.0391819753587748,0.012347099494050951,0.036912795110732984,0.8298045508197425,COMPLETE
427,0.8854428152492668,2026-03-23 18:00:56.419416,2026-03-23 18:00:56.680552,0 days 00:00:00.261136,0.9372280319511078,2.177812414719002,0.1873896021582467,8,1.0045250069693459,0.008269105735448765,0.034009951563437404,0.8388742259975359,COMPLETE
428,0.8853313782991203,2026-03-23 18:00:56.696955,2026-03-23 18:00:56.960163,0 days 00:00:00.263208,0.946053133287437,1.9665214006620448,0.12853434054096724,8,2.5482314751265656,0.019912662131357443,0.04362174892649363,0.8395782184538089,COMPLETE
429,0.8850772238514174,2026-03-23 18:00:56.975384,2026-03-23 18:00:57.244468,0 days 00:00:00.269084,0.9460853815747876,2.4349476759791795,0.11231000885372543,8,1.053944057571013,0.011465971690061773,0.05647142307512602,0.8514829664400191,COMPLETE
430,0.8856735092864125,2026-03-23 18:00:57.259291,2026-03-23 18:00:57.520350,0 days 00:00:00.261059,0.9530798375253302,2.6661766242535836,0.13219347275618393,8,1.001833203202608,0.027888436824855794,0.031560654519269864,0.8293024022992731,COMPLETE
431,0.8849872922776147,2026-03-23 18:00:57.535768,2026-03-23 18:00:57.800688,0 days 00:00:00.264920,0.9374963653826531,2.348435335289876,0.11835999961695899,8,1.0961637143372793,0.0161960424727077,0.038558343653132564,0.8460068595389162,COMPLETE
432,0.8811476050830891,2026-03-23 18:00:57.815504,2026-03-23 18:00:58.064791,0 days 00:00:00.249287,0.8493580027771549,2.005950248979724,0.17677328001186116,6,5.115292879363567,0.005913791285192748,0.028372564979506937,0.8576291727642927,COMPLETE
433,0.8797976539589442,2026-03-23 18:00:58.080116,2026-03-23 18:00:58.371362,0 days 00:00:00.291246,0.8786200381004315,2.119316826243595,0.13719230533345797,8,7.1417935119518905,0.04554299838022603,0.04843853739999345,0.8637517272688989,COMPLETE
434,0.8848260019550342,2026-03-23 18:00:58.383425,2026-03-23 18:00:58.636393,0 days 00:00:00.252968,0.995312651781124,2.51661838582544,0.1661378056803309,8,1.0669602684843313,0.00903615339544138,0.03816589217225364,0.8498484267986067,COMPLETE
435,0.8823499511241446,2026-03-23 18:00:58.651118,2026-03-23 18:00:58.914108,0 days 00:00:00.262990,0.9620811955717001,1.9118593753467004,0.19917784285377477,8,1.0011565985783104,0.022433550641337913,0.11026889079030137,0.8391243936519,COMPLETE
436,0.8839423264907136,2026-03-23 18:00:58.929030,2026-03-23 18:00:59.201413,0 days 00:00:00.272383,0.9836240593400629,2.2402741321738446,0.12885122222069093,8,1.0962639007591104,0.012328206383411311,0.03195994044227847,0.8692547053542502,COMPLETE
437,0.8857399804496578,2026-03-23 18:00:59.217492,2026-03-23 18:00:59.453651,0 days 00:00:00.236159,0.9334057190768172,2.6094521275384426,0.15382499332085242,8,1.052445411563155,0.032602923312173133,0.06517877034005104,0.8124344483286279,COMPLETE
438,0.8861485826001956,2026-03-23 18:00:59.466937,2026-03-23 18:00:59.712557,0 days 00:00:00.245620,0.9472755419856544,2.0488299852621865,0.14203875413563186,8,1.1237747178109918,0.05431476953159151,0.02776549112604045,0.8233311817443936,COMPLETE
439,0.8857605083088954,2026-03-23 18:00:59.727714,2026-03-23 18:01:00.001806,0 days 00:00:00.274092,0.9917445800609203,2.346374719970699,0.1636914366934636,8,1.0554281434139245,0.006563245815921128,0.0472720206474967,0.8546522221899052,COMPLETE
440,0.8855923753665689,2026-03-23 18:01:00.016257,2026-03-23 18:01:00.282080,0 days 00:00:00.265823,0.9578841017718498,2.1580393213787237,0.17566414068884545,8,1.2348663672584288,0.01580099750757522,0.03445719980038943,0.8448880976057411,COMPLETE
441,0.8842678396871946,2026-03-23 18:01:00.297067,2026-03-23 18:01:00.571983,0 days 00:00:00.274916,0.9787558704638778,1.8357876349907218,0.12460197095577524,8,1.092037777460818,0.009714528961998866,0.9366189047814105,0.8610287599813662,COMPLETE
442,0.8852825024437927,2026-03-23 18:01:00.586587,2026-03-23 18:01:00.897065,0 days 00:00:00.310478,0.9991521557548689,1.9688083525871058,0.1486674554361678,8,1.039916020386426,0.07646378080842171,0.04275741947769547,0.8331613518696281,COMPLETE
443,0.8869755620723362,2026-03-23 18:01:00.915094,2026-03-23 18:01:01.172720,0 days 00:00:00.257626,0.9659109276222961,2.740783726568837,0.1343761684995587,8,1.1453530562893754,0.004919484575879046,0.02632972001383844,0.8718696698781535,COMPLETE
444,0.8844828934506352,2026-03-23 18:01:01.192154,2026-03-23 18:01:01.468275,0 days 00:00:00.276121,0.9706964895338125,2.6869294431523407,0.1376354400477491,8,1.1447721049430992,0.003908206286841686,0.024826333631618836,0.8717752106758091,COMPLETE
445,0.884567937438905,2026-03-23 18:01:01.483226,2026-03-23 18:01:01.751087,0 days 00:00:00.267861,0.9666831131090045,2.888729706728399,0.15535467549763085,7,1.10074764018122,0.003799928741169962,0.028519354683187313,0.8780302714885007,COMPLETE
446,0.8849120234604104,2026-03-23 18:01:01.765700,2026-03-23 18:01:02.011072,0 days 00:00:00.245372,0.976251104498925,2.74760961289851,0.16550624063381725,8,1.0505615146076361,0.005341630254442903,0.02320491168522383,0.8795451804635619,COMPLETE
447,0.8866402737047898,2026-03-23 18:01:02.026379,2026-03-23 18:01:02.289942,0 days 00:00:00.263563,0.9829483675202018,2.9473997216388703,0.14309746492789605,8,1.147795801816202,0.00019894375216288645,0.017916932225869195,0.8645350236638143,COMPLETE
448,0.886,2026-03-23 18:01:02.305489,2026-03-23 18:01:02.570857,0 days 00:00:00.265368,0.9855483245364393,2.8720587385913916,0.1345392662639323,8,1.1921659288083604,9.466362278596764e-05,0.015742864173454503,0.869785990915063,COMPLETE
449,0.8849276637341155,2026-03-23 18:01:02.584299,2026-03-23 18:01:02.825104,0 days 00:00:00.240805,0.987402672453757,2.944734998224579,0.14316228047402793,8,1.178754996909628,0.0002750873293100892,0.017094985820912997,0.8625107539141297,COMPLETE
450,0.8834173998044965,2026-03-23 18:01:02.840180,2026-03-23 18:01:03.107805,0 days 00:00:00.267625,0.9997749918981985,2.814695631159214,0.18867501266819778,8,1.133480350467813,0.10465934428941126,0.013532431937615523,0.8838216900937201,COMPLETE
451,0.8867829912023459,2026-03-23 18:01:03.120859,2026-03-23 18:01:03.388998,0 days 00:00:00.268139,0.9779222275855777,3.0865617262329703,0.11369109522483792,8,1.128234818012268,0.00019521542479656787,0.019204070828525623,0.8717378494122004,COMPLETE
452,0.8853685239491691,2026-03-23 18:01:03.405589,2026-03-23 18:01:03.715596,0 days 00:00:00.310007,0.9876762657097594,2.6998026773685386,0.1078568430095611,8,1.2095724487351125,0.00018325143883953583,0.018875364980024466,0.8760840317882503,COMPLETE
453,0.8858005865102639,2026-03-23 18:01:03.728211,2026-03-23 18:01:03.982867,0 days 00:00:00.254656,0.9818522749994253,3.266651412516115,0.12326526499155971,8,1.1364395433427048,0.00025235358512549816,0.014158929279064843,0.8597355249489521,COMPLETE
454,0.883789833822092,2026-03-23 18:01:03.998419,2026-03-23 18:01:04.274264,0 days 00:00:00.275845,0.9925114132374524,2.938862027099607,0.10970539155357462,8,1.1025834518605346,0.00012123756445514909,0.019713689084169036,0.8879238356703016,COMPLETE
455,0.8853196480938417,2026-03-23 18:01:04.289650,2026-03-23 18:01:04.569889,0 days 00:00:00.280239,0.975589511271878,2.9438210375728207,0.12489398834926259,8,1.1853940279446702,5.173439951348487e-05,0.015784882621123174,0.8533699243871216,COMPLETE
456,0.883781036168133,2026-03-23 18:01:04.583136,2026-03-23 18:01:04.853061,0 days 00:00:00.269925,0.9910827243795597,3.076713614744845,0.11532539751804859,8,1.304776825144256,8.903021778508659e-05,0.021687679222132026,0.8657587032618193,COMPLETE
457,0.885336265884653,2026-03-23 18:01:04.868422,2026-03-23 18:01:05.187309,0 days 00:00:00.318887,0.9819810806704875,2.7472812189995137,0.11574466858583925,8,1.1371257195040831,0.00013960607480088192,0.018928427584281864,0.8758653963226798,COMPLETE
458,0.8859159335288368,2026-03-23 18:01:05.202302,2026-03-23 18:01:05.466143,0 days 00:00:00.263841,0.9667044412721357,3.0497325762592644,0.1310454054655061,8,1.082717104274376,0.00016222314295377495,0.025235472211083732,0.8480727484284715,COMPLETE
459,0.8840224828934505,2026-03-23 18:01:05.481146,2026-03-23 18:01:05.752948,0 days 00:00:00.271802,0.9766251645391221,3.1623664445259863,0.11947055646820223,8,1.2184468494025726,0.00018026203340459757,0.027798589795179005,0.8564059877146692,COMPLETE
460,0.883067448680352,2026-03-23 18:01:05.767913,2026-03-23 18:01:06.030763,0 days 00:00:00.262850,0.9900138764656083,3.0948443550779907,0.17568620335720275,8,1.080323213984143,0.0004085040535581833,2.2852075548935153,0.8371520510375362,COMPLETE
461,0.885663734115347,2026-03-23 18:01:06.043481,2026-03-23 18:01:06.292448,0 days 00:00:00.248967,0.967740455178167,2.9798409941864676,0.1610748470181084,8,1.0009796605555314,0.0003075095076127053,0.316546939549246,0.8691117692355599,COMPLETE
462,0.8847292277614858,2026-03-23 18:01:06.308464,2026-03-23 18:01:06.569346,0 days 00:00:00.260882,0.9997844165389819,3.02719706953071,0.18205986062817653,8,1.159182005349219,0.05809591846530732,0.05550569172956551,0.8627649795044425,COMPLETE
463,0.884654936461388,2026-03-23 18:01:06.586218,2026-03-23 18:01:06.880604,0 days 00:00:00.294386,0.7418749187464408,2.4894630332222536,0.11436054590016449,8,1.2518764038870396,0.00024017411119762178,0.029021754142793562,0.8442538582626519,COMPLETE
464,0.8856930596285434,2026-03-23 18:01:06.895575,2026-03-23 18:01:07.192267,0 days 00:00:00.296692,0.9545833226319649,3.1523404089033185,0.10382516833439195,8,1.0528381234145219,0.003787277718658798,0.023223566398838515,0.8522501712140015,COMPLETE
465,0.882158357771261,2026-03-23 18:01:07.206692,2026-03-23 18:01:07.456902,0 days 00:00:00.250210,0.9821147725447916,4.01522697523863,0.13137698098730144,8,1.1224326477770274,0.003074131486377714,0.0173796362127205,0.7967710588935725,COMPLETE
466,0.8847761485826002,2026-03-23 18:01:07.470615,2026-03-23 18:01:07.754769,0 days 00:00:00.284154,0.972175224847457,2.6219690362518486,0.13866573939823262,8,1.0476665180240656,0.00015717235419967688,0.03327585131464607,0.8841558282609667,COMPLETE
467,0.8843382209188662,2026-03-23 18:01:07.770989,2026-03-23 18:01:08.016671,0 days 00:00:00.245682,0.9632523540875045,2.570486615812518,0.16828709327655195,8,1.171456770112927,0.14040651455701889,0.04050111862741836,0.8728973099320277,COMPLETE
468,0.884830889540567,2026-03-23 18:01:08.032456,2026-03-23 18:01:08.304397,0 days 00:00:00.271941,0.9845936030833411,2.8755048657837983,0.15260128794478917,8,1.091176766429732,0.005065650053328936,0.031158779062801064,0.8596590690375233,COMPLETE
469,0.8811808406647116,2026-03-23 18:01:08.319727,2026-03-23 18:01:08.602778,0 days 00:00:00.283051,0.9542545941815168,3.186565449560105,0.1216890282805375,5,1.0441311398236301,0.0922878860195825,0.06976938489644044,0.8237070296340722,COMPLETE
470,0.8862463343108504,2026-03-23 18:01:08.617976,2026-03-23 18:01:08.866418,0 days 00:00:00.248442,0.9757385827937798,2.4160594875836208,0.18717120066573553,8,1.831720442878561,0.000288836397077752,0.024898871633280365,0.8667825593207902,COMPLETE
471,0.8826324535679375,2026-03-23 18:01:08.882324,2026-03-23 18:01:09.128803,0 days 00:00:00.246479,0.9946207269525548,2.307008713368755,0.14463491067057846,8,1.121682344964769,0.040298505453105926,0.020527054667331252,0.9529798671113059,COMPLETE
472,0.8796969696969698,2026-03-23 18:01:09.144514,2026-03-23 18:01:09.417101,0 days 00:00:00.272587,0.9408696884029513,3.749197923626604,0.15779109400192295,7,1.2101589592972115,7.089928667899939e-05,0.04849619292090685,0.8406484157660362,COMPLETE
473,0.876258064516129,2026-03-23 18:01:09.432302,2026-03-23 18:01:09.706964,0 days 00:00:00.274662,0.9630044432692206,2.806774537639993,0.03323652094321955,8,1.0874523521050328,0.006614687535519897,0.03760366033731271,0.8528981130997838,COMPLETE
474,0.8767262952101662,2026-03-23 18:01:09.721953,2026-03-23 18:01:09.976282,0 days 00:00:00.254329,0.9870975275461858,3.386917730570508,0.12935447571438302,8,8.566942101018395,0.0004432997363675094,0.1534302276020745,0.9839995185941386,COMPLETE
475,0.8869042033235581,2026-03-23 18:01:09.989933,2026-03-23 18:01:10.230040,0 days 00:00:00.240107,0.9265102172621805,2.1921970419088157,0.1739776212794141,8,1.0392268292631757,0.0362009471438149,0.02908887617981435,0.8786029013059458,COMPLETE
476,0.8856490713587488,2026-03-23 18:01:10.245547,2026-03-23 18:01:10.490506,0 days 00:00:00.244959,0.9266692667602634,2.169785715974381,0.16749149299414168,8,1.0051252282012848,0.04788204460399357,0.030759409673405447,0.8759508609541697,COMPLETE
477,0.8824261974584555,2026-03-23 18:01:10.504558,2026-03-23 18:01:10.765177,0 days 00:00:00.260619,0.9260984758864425,2.226737394675034,0.15147241005475295,8,1.354750415683808,0.03606768737091313,0.02432436010880406,0.883823322186474,COMPLETE
478,0.8851964809384163,2026-03-23 18:01:10.778633,2026-03-23 18:01:11.058288,0 days 00:00:00.279655,0.9367330664289076,2.114147039838919,0.1403257849138584,8,1.1566866292965627,0.07447418895215996,0.028415314354205808,0.8921788218443153,COMPLETE
479,0.8835024437927664,2026-03-23 18:01:11.072084,2026-03-23 18:01:11.367774,0 days 00:00:00.295690,0.9334528751114363,2.029781060088712,0.1604902969086805,8,1.0944971497946239,0.028629837377336216,0.034938673612404984,0.8824457244637922,COMPLETE
480,0.8851720430107527,2026-03-23 18:01:11.383859,2026-03-23 18:01:11.663958,0 days 00:00:00.280099,0.8380672477857961,2.2593046993407144,0.13389358695540557,8,1.2601560437515733,0.06634286256686105,0.021404735231380298,0.8930782555979514,COMPLETE
481,0.887514173998045,2026-03-23 18:01:11.680018,2026-03-23 18:01:11.967215,0 days 00:00:00.287197,0.9502861207175306,1.9576338473719535,0.110451280151081,8,1.004634527115288,0.11556704548620736,0.027078411046217908,0.8734235472451193,COMPLETE
482,0.8872991202346041,2026-03-23 18:01:11.982312,2026-03-23 18:01:12.286601,0 days 00:00:00.304289,0.9460187540109312,1.9219451177688351,0.11102930897031138,8,1.1319701871451053,0.04879201260511898,0.041471646998264,0.8708273913497041,COMPLETE
483,0.8859872922776149,2026-03-23 18:01:12.301379,2026-03-23 18:01:12.570668,0 days 00:00:00.269289,0.9503996083250205,1.8862066628097345,0.10666449429344228,8,1.7325888239235314,0.09887110321589396,0.04423552107550549,0.8762235608213489,COMPLETE
484,0.8732952101661778,2026-03-23 18:01:12.585902,2026-03-23 18:01:12.859268,0 days 00:00:00.273366,0.9456562473292445,3.6021551308543955,0.1112166853231003,8,1.0463136468343,6.233061504139272,0.051006898160861666,0.7008734728341824,COMPLETE
485,0.8869012707722385,2026-03-23 18:01:12.874365,2026-03-23 18:01:13.157790,0 days 00:00:00.283425,0.9413519812188835,1.94791278100001,0.1091602168254418,8,1.0919680715512008,0.045079688106725226,0.040141983983165146,0.8691997747696125,COMPLETE
486,0.8823558162267839,2026-03-23 18:01:13.170796,2026-03-23 18:01:13.466021,0 days 00:00:00.295225,0.9320906944753057,3.5283203955377798,0.09860922022051154,8,1.0000069753292984,0.041915047868244314,0.04032834242923968,0.8736052825084526,COMPLETE
487,0.8847409579667644,2026-03-23 18:01:13.480843,2026-03-23 18:01:13.759678,0 days 00:00:00.278835,0.941107334758389,1.9021838077844968,0.1082804546862814,8,1.181591671676868,0.028258140325881313,0.05507859856625102,0.8711030695147265,COMPLETE
488,0.8873030303030303,2026-03-23 18:01:13.775431,2026-03-23 18:01:14.050355,0 days 00:00:00.274924,0.9226535590680723,1.7936780186424308,0.0997649710104986,8,1.111389263219655,0.05400502806241132,0.062283647294539835,0.8777780191040965,COMPLETE
489,0.8873206256109483,2026-03-23 18:01:14.066400,2026-03-23 18:01:14.362648,0 days 00:00:00.296248,0.9246460079581622,1.7548067678194412,0.10157136681029763,8,1.0998601937311367,0.05867637225146745,0.04432356585296429,0.8868943621688709,COMPLETE
490,0.8856041055718475,2026-03-23 18:01:14.400736,2026-03-23 18:01:14.653689,0 days 00:00:00.252953,0.9180277312877737,1.548089202031073,0.10248248156239667,8,1.0725443548849625,0.06029252612330052,0.07888427569044748,0.8868450106928029,COMPLETE
491,0.8825004887585532,2026-03-23 18:01:14.668865,2026-03-23 18:01:14.986537,0 days 00:00:00.317672,0.9253943064592589,1.6812228945898933,0.09624779056469912,8,6.587650843693341,0.08483567276735034,0.06480512560965294,0.8886509620158554,COMPLETE
492,0.8868787878787878,2026-03-23 18:01:15.002539,2026-03-23 18:01:15.278162,0 days 00:00:00.275623,0.9251751424123316,1.816037605807842,0.09885238156815748,8,1.000284528067219,0.04977693727577037,0.059183923077174086,0.8817237978942626,COMPLETE
493,0.8843020527859238,2026-03-23 18:01:15.295310,2026-03-23 18:01:15.637879,0 days 00:00:00.342569,0.9212771308454252,1.7450991832178848,0.09238788991719199,8,1.0937135353625185,0.14180741130333313,0.06274727675108077,0.8962293592644679,COMPLETE
494,0.8837663734115347,2026-03-23 18:01:15.652770,2026-03-23 18:01:15.945976,0 days 00:00:00.293206,0.9119436237986956,1.6147503749666328,0.09864591448190195,8,1.044068338933679,0.045516798611653024,0.09638992955228086,0.890110733180738,COMPLETE
495,0.8847790811339199,2026-03-23 18:01:15.960769,2026-03-23 18:01:16.264482,0 days 00:00:00.303713,0.9276649638515199,1.8005834759537689,0.10198630751563481,8,1.104391772543061,0.11287409987955986,0.07115641518776807,0.8791794205106663,COMPLETE
496,0.8849912023460411,2026-03-23 18:01:16.279783,2026-03-23 18:01:16.577263,0 days 00:00:00.297480,0.9221733145740987,1.6564294522345357,0.09331736781134593,8,1.0005367460998285,0.06497070682498883,0.05780628553872927,0.8830580799278329,COMPLETE
497,0.8865347018572824,2026-03-23 18:01:16.592271,2026-03-23 18:01:16.884247,0 days 00:00:00.291976,0.9326309958192718,1.7887754030873486,0.10765581341960205,8,1.0527344563162913,0.037490351070304614,0.05613446861850019,0.8970042347221157,COMPLETE
498,0.8831446725317692,2026-03-23 18:01:16.899967,2026-03-23 18:01:17.158487,0 days 00:00:00.258520,0.9127323475117161,4.761086313065302,0.09957627243320878,8,1.1180206574167018,0.028471475519060523,0.05105821901962698,0.8824132989901516,COMPLETE
499,0.8830136852394916,2026-03-23 18:01:17.174198,2026-03-23 18:01:17.453735,0 days 00:00:00.279537,0.9305802810849224,1.8749257428083126,0.10580471404250129,8,1.479076061663211,0.050830667361702206,0.0631251314351799,0.8789004321948922,COMPLETE
500,0.8843216031280547,2026-03-23 18:01:17.468727,2026-03-23 18:01:17.789646,0 days 00:00:00.320919,0.9351826576582457,1.7268771773338691,0.08782963763205535,8,4.473068984714061,0.08336512798563744,0.04686148592222483,0.9055121856217347,COMPLETE
501,0.8864291300097753,2026-03-23 18:01:17.805307,2026-03-23 18:01:18.074932,0 days 00:00:00.269625,0.9205928614995753,1.8602782594893166,0.10436124612211103,8,1.2242531555043998,0.02574224992507893,0.08173730522160348,0.8889185511855179,COMPLETE
502,0.8857468230694037,2026-03-23 18:01:18.088577,2026-03-23 18:01:18.362805,0 days 00:00:00.274228,0.9242957254405654,1.7949036813073884,0.11568880501343823,7,1.0840738408228874,0.0386422602026847,0.04671054039679508,0.8796989179358254,COMPLETE
503,0.8853988269794721,2026-03-23 18:01:18.377938,2026-03-23 18:01:18.680156,0 days 00:00:00.302218,0.9410017837748947,1.5527978952145225,0.09574118743510644,8,1.1758106064976956,0.11915749198918518,0.05705238987575519,0.8734450544277337,COMPLETE
504,0.8851329423264908,2026-03-23 18:01:18.695402,2026-03-23 18:01:18.976464,0 days 00:00:00.281062,0.9315529088757275,1.9467839420253168,0.11191432608545063,8,1.036050366564352,0.05590287733314436,0.04246208576040715,0.8677243013097734,COMPLETE
505,0.8863626588465299,2026-03-23 18:01:18.992432,2026-03-23 18:01:19.276918,0 days 00:00:00.284486,0.9416199090979793,1.7013039339833655,0.1179090326418441,8,1.1356523639798661,0.025517901645204615,0.0691546743929187,0.8787757188530505,COMPLETE
506,0.8853128054740959,2026-03-23 18:01:19.293393,2026-03-23 18:01:19.589499,0 days 00:00:00.296106,0.9005819710216915,1.4654341685628616,0.10610209719698287,8,2.2087061100840453,0.07874196311615088,0.05059227091974172,0.8885278968448069,COMPLETE
507,0.8853714565004888,2026-03-23 18:01:19.604720,2026-03-23 18:01:19.901276,0 days 00:00:00.296556,0.9383544515458586,1.934465003870667,0.09826370185788441,8,1.0024841914135632,0.037293916485788066,0.04557728622236935,0.863139874995237,COMPLETE
508,0.8787585532746823,2026-03-23 18:01:19.918241,2026-03-23 18:01:20.216257,0 days 00:00:00.298016,0.9167785158431423,1.808167611794238,0.1023333376202404,8,10.355231545660784,0.02114918048442109,0.04191729263333118,0.8980636965091662,COMPLETE
509,0.8790234604105571,2026-03-23 18:01:20.230625,2026-03-23 18:01:20.625057,0 days 00:00:00.394432,0.9248213267490099,1.6470026402484454,0.11319711049714465,3,1.069236718641006,0.06577170062509913,0.08380040069172905,0.8711545634919724,COMPLETE
510,0.8863108504398827,2026-03-23 18:01:20.637623,2026-03-23 18:01:20.898949,0 days 00:00:00.261326,0.945889705947086,1.9636112686998157,0.12237884424467077,8,1.206621869155163,0.04592991583082437,0.03764653950456958,0.8605134749574387,COMPLETE
511,0.8755366568914956,2026-03-23 18:01:20.914705,2026-03-23 18:01:21.211760,0 days 00:00:00.297055,0.9334473337709308,1.8653676434733018,0.08891793909688099,8,11.73033350984308,0.14332782994171878,0.05946796191028759,0.8777550562459049,COMPLETE
512,0.8852306940371455,2026-03-23 18:01:21.226556,2026-03-23 18:01:21.520010,0 days 00:00:00.293454,0.9095454881878554,1.974881120492554,0.11268004659088193,8,1.2978344108760094,0.02107228607749002,0.050263282154327134,0.8659822097765555,COMPLETE
513,0.8861436950146628,2026-03-23 18:01:21.535785,2026-03-23 18:01:21.848759,0 days 00:00:00.312974,0.9408067993250313,1.7373944908690593,0.12346611857885641,8,1.1094826965248297,0.031033113524946653,0.036652674664315106,0.8895089901738396,COMPLETE
514,0.885275659824047,2026-03-23 18:01:21.861170,2026-03-23 18:01:22.139150,0 days 00:00:00.277980,0.9296294209359772,1.8353436847317257,0.10173759951580352,8,1.0426798721489068,0.08884428773318866,0.041839982559968215,0.8574336820556074,COMPLETE
515,0.8846549364613882,2026-03-23 18:01:22.154409,2026-03-23 18:01:22.416551,0 days 00:00:00.262142,0.9475170371951558,1.9438822203826525,0.11713812541394486,8,1.1460635836241482,0.017688926414472776,0.06262650740768153,0.8700127957873612,COMPLETE
516,0.885731182795699,2026-03-23 18:01:22.428912,2026-03-23 18:01:22.705378,0 days 00:00:00.276466,0.9504435186806675,1.5890593308103937,0.11134629542223626,8,1.07764877504715,0.05638130360830853,0.033936382496308384,0.880641686379398,COMPLETE
517,0.8863176930596285,2026-03-23 18:01:22.720992,2026-03-23 18:01:23.003080,0 days 00:00:00.282088,0.9371115502734395,2.052975458942564,0.09450881201362545,8,1.0411511725892248,0.034137000978702904,0.051253964400267187,0.8579760313301225,COMPLETE
518,0.8822570869990225,2026-03-23 18:01:23.020496,2026-03-23 18:01:23.322081,0 days 00:00:00.301585,0.9183936278653799,1.7551602787413219,0.1202434960837871,6,1.0024899640384313,0.017118338888916423,0.04212887756578071,0.8739310086747231,COMPLETE
519,0.8858709677419354,2026-03-23 18:01:23.336393,2026-03-23 18:01:23.600756,0 days 00:00:00.264363,0.9282265194798267,1.9171028146399836,0.1088457209562831,8,1.1802433717002434,0.11847776303163449,0.033823439637212196,0.8475278356039194,COMPLETE
520,0.8849569892473118,2026-03-23 18:01:23.614514,2026-03-23 18:01:23.901604,0 days 00:00:00.287090,0.9455267972012624,1.8365613788178834,0.12586612097437488,8,2.009956514776532,0.049759886932334414,0.03774804932582936,0.8653697837431605,COMPLETE
521,0.8832541544477028,2026-03-23 18:01:23.917743,2026-03-23 18:01:24.203758,0 days 00:00:00.286015,0.9356379707084775,2.0498682276093114,0.10357214797549412,8,1.10215346265841,0.023633572967074683,0.07742979326280551,0.891674617511088,COMPLETE
522,0.8850166177908114,2026-03-23 18:01:24.219165,2026-03-23 18:01:24.524120,0 days 00:00:00.304955,0.9535362871330284,1.6694678372520324,0.11796672761965311,8,1.2305916811182462,0.01336145220945459,0.04708404295800852,0.853105786208852,COMPLETE
523,0.8837067448680354,2026-03-23 18:01:24.539294,2026-03-23 18:01:22.840193,-1 days +23:59:58.300899,0.6217687014026616,1.9788665774347085,0.12420066722192605,8,1.1330714218126345,0.034151284846972225,0.03328899011324383,0.8620168238489544,COMPLETE
524,0.8863567937438905,2026-03-23 18:01:22.858198,2026-03-23 18:01:23.149614,0 days 00:00:00.291416,0.9420485399786926,1.8741468454906378,0.12878476534915295,8,1.044332819190442,0.17592740115177372,0.05623626196350723,0.8794995074980659,COMPLETE
525,0.8842678396871945,2026-03-23 18:01:23.162194,2026-03-23 18:01:23.434738,0 days 00:00:00.272544,0.9269398526281127,1.7936074797614405,0.09850152107489481,8,1.0897355703752516,0.07330658151576273,0.04103945553105245,0.8704523490859553,COMPLETE
526,0.8826588465298143,2026-03-23 18:01:23.449787,2026-03-23 18:01:23.777308,0 days 00:00:00.327521,0.9523437804058772,2.1323114813891637,0.07799022562017696,8,1.002067310586814,0.04756613436140049,0.03231279895217419,0.8464022318005033,COMPLETE
527,0.8840381231671555,2026-03-23 18:01:23.792280,2026-03-23 18:01:24.091032,0 days 00:00:00.298752,0.9195874635641627,1.9937657013444177,0.13268457682361126,8,1.1691372805032025,0.02472938614745504,0.0688875664756251,0.8858172967954309,COMPLETE
528,0.8873255131964809,2026-03-23 18:01:24.107037,2026-03-23 18:01:24.398743,0 days 00:00:00.291706,0.9378148275491314,1.7239244002679999,0.10826561807344559,8,1.07748318794226,0.09656397685142651,0.04717300063033889,0.8577991192133783,COMPLETE
529,0.882852394916911,2026-03-23 18:01:24.413812,2026-03-23 18:01:24.706120,0 days 00:00:00.292308,0.9402191434706036,1.554795715870061,0.10830804995584806,8,1.2104046568558966,0.13599490709862125,0.03900911429054334,0.8536427493506675,COMPLETE
530,0.88269403714565,2026-03-23 18:01:24.721149,2026-03-23 18:01:25.025242,0 days 00:00:00.304093,0.9440209745353383,0.46348592974598235,0.1143528367797091,8,1.1275536869987655,0.07557760080815724,0.04541614301512544,0.841821418166046,COMPLETE
531,0.8850674486803518,2026-03-23 18:01:25.039662,2026-03-23 18:01:25.328370,0 days 00:00:00.288708,0.9579619895515488,1.6567171145353714,0.11953059989255528,8,1.2642122612122924,0.19424855044936917,0.030527358197559567,0.8584156525526195,COMPLETE
532,0.885466275659824,2026-03-23 18:01:25.344055,2026-03-23 18:01:25.648566,0 days 00:00:00.304511,0.9499093435105336,1.72828586293086,0.1262411993801122,8,1.0871786346960006,0.011239378304414186,0.03682712388928627,0.8467310686071078,COMPLETE
533,0.8865464320625611,2026-03-23 18:01:25.663050,2026-03-23 18:01:25.955572,0 days 00:00:00.292522,0.9495219220639253,1.4293550038333804,0.10919282277054766,8,1.3372237580532575,0.09787279475802332,0.04740507133865275,0.859924435865058,COMPLETE
534,0.8842238514173998,2026-03-23 18:01:25.972929,2026-03-23 18:01:26.275967,0 days 00:00:00.303038,0.9353672135985944,2.1212686801368257,0.1379737255720169,8,1.1649038921284192,0.01643742020089724,0.031295130047289114,0.8660992301341341,COMPLETE
535,0.8839491691104595,2026-03-23 18:01:26.290639,2026-03-23 18:01:26.631209,0 days 00:00:00.340570,0.9577400988328919,1.920732082252181,0.11749769094602087,5,1.0809432739706029,0.11350280408512253,0.04024139687913395,0.8377816754965118,COMPLETE
536,0.8854144672531769,2026-03-23 18:01:26.648110,2026-03-23 18:01:26.909596,0 days 00:00:00.261486,0.9418340901483713,2.041101852198996,0.1327944260764077,8,1.13077110576015,0.006552292411593238,0.05190769901351983,0.850922136867997,COMPLETE
537,0.8852717497556207,2026-03-23 18:01:26.924452,2026-03-23 18:01:27.217412,0 days 00:00:00.292960,0.9301390319736267,1.6364631922467012,0.12912898576320184,8,1.0651908216420218,0.032485754396939806,0.028939542102933636,0.8580685124995735,COMPLETE
538,0.8864330400782015,2026-03-23 18:01:27.233261,2026-03-23 18:01:27.524472,0 days 00:00:00.291211,0.9559113717175407,1.7278053532126978,0.10504857129504788,8,1.2486477668558889,0.010589270091608215,0.03470206442136994,0.8693871133465427,COMPLETE
539,0.8858172043010752,2026-03-23 18:01:27.539574,2026-03-23 18:01:27.845134,0 days 00:00:00.305560,0.9371126125387705,1.879465854059498,0.13843349310303296,8,1.1725904584475004,0.06501904735047853,0.04396864787407393,0.8505932044194879,COMPLETE
540,0.887364613880743,2026-03-23 18:01:27.860274,2026-03-23 18:01:28.114794,0 days 00:00:00.254520,0.9509637923720691,2.0974630931422236,0.1511646896584824,8,1.0509014109427288,0.017971087355495283,0.027732937773838548,0.8635834816403781,COMPLETE
541,0.8857859237536657,2026-03-23 18:01:28.127200,2026-03-23 18:01:28.385096,0 days 00:00:00.257896,0.9591390750147671,2.161673313446403,0.15014602164092716,8,1.0423823847445144,0.017334937936995247,0.02700044982539978,0.8352609394704115,COMPLETE
542,0.8860048875855326,2026-03-23 18:01:28.399655,2026-03-23 18:01:28.672812,0 days 00:00:00.273157,0.9503123922255715,2.0940561806379,0.1540974742870653,8,1.0509450675873433,8.747555727623869e-07,0.027456669046734525,0.8578125089513735,COMPLETE
543,0.8856324535679374,2026-03-23 18:01:28.690928,2026-03-23 18:01:28.956774,0 days 00:00:00.265846,0.9591659920679971,2.316930805951781,0.1451530955165638,8,1.120677289974906,0.014802948200813107,0.03209345371094234,0.8438171168260646,COMPLETE
544,0.8843734115347017,2026-03-23 18:01:28.972895,2026-03-23 18:01:29.231511,0 days 00:00:00.258616,0.9461316101820822,2.254513102236845,0.171572615626481,8,1.0006066763711385,0.008229507955756726,0.02718136162563848,0.8649092227948844,COMPLETE
545,0.8784731182795699,2026-03-23 18:01:29.244896,2026-03-23 18:01:29.527465,0 days 00:00:00.282569,0.9622628015942541,4.162207722418761,0.16202088311897414,4,1.0486913062389767,0.022342817334116558,0.0345085930854247,0.8506374156428643,COMPLETE
546,0.8853695014662757,2026-03-23 18:01:29.542088,2026-03-23 18:01:29.827762,0 days 00:00:00.285674,0.9517351848889104,2.038116754202362,0.13751492351412767,8,1.1272728882921923,0.011116683665005496,0.03052500528865191,0.8605117872574601,COMPLETE
547,0.8844506353861192,2026-03-23 18:01:29.842941,2026-03-23 18:01:30.124816,0 days 00:00:00.281875,0.7276603723437751,1.5167507327352843,0.1527158613614699,8,1.1968371139112126,0.005196505554528848,0.03701595606061235,0.8746087421482993,COMPLETE
548,0.8854711632453567,2026-03-23 18:01:30.140490,2026-03-23 18:01:30.493130,0 days 00:00:00.352640,0.9351072123968108,2.1874808668540067,0.1438790760397849,8,1.0904568375026145,0.008112515963934558,0.024737245911235668,0.8438844119051047,COMPLETE
549,0.8853431085043989,2026-03-23 18:01:30.509041,2026-03-23 18:01:30.791984,0 days 00:00:00.282943,0.6877259657433916,2.380881701154851,0.1588753498547325,8,1.050893727506183,0.021784988724947447,0.05214564810332025,0.8551221361948808,COMPLETE
550,0.8831173020527859,2026-03-23 18:01:30.808387,2026-03-23 18:01:31.084173,0 days 00:00:00.275786,0.9644881375145312,2.1035292369774097,0.17205791998970918,8,1.1487177014855412,0.013976846494983222,0.031255188304112606,0.8326888910302193,COMPLETE
551,0.8848426197458454,2026-03-23 18:01:31.099265,2026-03-23 18:01:31.376496,0 days 00:00:00.277231,0.8897925055794785,2.010829910940298,0.1487932426962931,8,1.2866747185182703,0.030706139780475008,0.042247278941727945,0.8653535209921374,COMPLETE
552,0.8823245356793743,2026-03-23 18:01:31.390776,2026-03-23 18:01:31.736623,0 days 00:00:00.345847,0.9484956152567703,1.7898977602502488,0.1312325385667871,7,5.7101514314922515,0.004072114320355138,0.027586057167853718,0.8749724014793999,COMPLETE
553,0.8845376344086021,2026-03-23 18:01:31.752968,2026-03-23 18:01:32.009807,0 days 00:00:00.256839,0.9061879251635968,2.2743287436218274,0.1383784453112477,8,1.0452134897946619,0.007325476198822516,0.03628108273519272,0.8519496533810411,COMPLETE
554,0.8836275659824047,2026-03-23 18:01:32.024615,2026-03-23 18:01:32.324967,0 days 00:00:00.300352,0.9562198462357011,1.869101542870786,0.06862182908294177,8,1.0990581415064697,0.019608010033383784,0.04754820474393331,0.86275925804799,COMPLETE
555,0.8851876832844575,2026-03-23 18:01:32.340666,2026-03-23 18:01:32.606430,0 days 00:00:00.265764,0.9296728457807373,2.1665949825926285,0.1641598310291047,8,1.0005638888762807,0.195028632067769,0.02622120615556101,0.8431413720381723,COMPLETE
556,0.8796989247311828,2026-03-23 18:01:32.621871,2026-03-23 18:01:33.007406,0 days 00:00:00.385535,0.9657636241730806,0.2175059376506776,0.12569560360523718,8,1.2060349946693298,0.012224362743699327,47.75054088233619,0.8738958294548551,COMPLETE
557,0.8769579667644184,2026-03-23 18:01:33.020977,2026-03-23 18:01:33.257728,0 days 00:00:00.236751,0.9420225352779528,2.5222601802787143,0.026668048420857866,8,1.1386442932373977,0.02903597617193378,0.034406339198331276,0.8559148104485436,COMPLETE
558,0.8852091886608016,2026-03-23 18:01:33.272733,2026-03-23 18:01:33.539007,0 days 00:00:00.266274,0.9510680810537134,2.400220089417409,0.15228283458547176,8,1.0686327992829157,0.0029104427037280546,0.05622697215659522,0.8656051619811819,COMPLETE
559,0.8827869012707722,2026-03-23 18:01:33.555774,2026-03-23 18:01:33.795412,0 days 00:00:00.239638,0.9203172637118171,1.9586396461142885,0.14272451258778843,8,1.1812094388200969,0.09673079518629193,0.03038937402519401,0.8491467960042439,COMPLETE
560,0.8833812316715544,2026-03-23 18:01:33.811183,2026-03-23 18:01:34.069628,0 days 00:00:00.258445,0.9336138394690353,1.6133255047968096,0.17615188928326017,8,1.102394030326823,0.03470696215562253,0.02273732168090306,0.8376831080313818,COMPLETE
561,0.8857174975562073,2026-03-23 18:01:34.083707,2026-03-23 18:01:34.374100,0 days 00:00:00.290393,0.9582789900869745,1.7806870013644192,0.12157991676678064,8,1.0000339920634722,0.06368122827511404,0.04141466454368678,0.8602668829172198,COMPLETE
562,0.8809804496578691,2026-03-23 18:01:34.386845,2026-03-23 18:01:34.665854,0 days 00:00:00.279009,0.9443672965750753,2.007319505558509,0.1361820232827543,8,1.05437592723881,0.006241284486778815,0.03615177343755441,0.8752794169287307,COMPLETE
563,0.8859403714565006,2026-03-23 18:01:34.682804,2026-03-23 18:01:34.949135,0 days 00:00:00.266331,0.9676808609634565,1.8825180656447302,0.16077627300884745,8,1.224654829449147,0.016391211708489558,0.04734649451303705,0.867535716160725,COMPLETE
564,0.8867360703812316,2026-03-23 18:01:34.963729,2026-03-23 18:01:35.299982,0 days 00:00:00.336253,0.936640605898075,2.1112053649327214,0.14584455843518168,8,1.1244503075788144,0.010591595430770871,0.024834632404035904,0.8859990245479745,COMPLETE
565,0.8839345063538611,2026-03-23 18:01:35.315229,2026-03-23 18:01:35.567299,0 days 00:00:00.252070,0.952999515129626,1.691650974361899,0.12902400262298747,8,1.0552492960877546,0.0429139065559958,0.03016265266694808,0.854454889434971,COMPLETE
566,0.8852404692082111,2026-03-23 18:01:35.579781,2026-03-23 18:01:35.834366,0 days 00:00:00.254585,0.927449730261916,2.3265521995154264,0.15564873496910506,8,1.156755567223717,0.022286077906233187,0.06631738350434223,0.8427190536438387,COMPLETE
567,0.8865259042033236,2026-03-23 18:01:35.848333,2026-03-23 18:01:36.109045,0 days 00:00:00.260712,0.9639827077122965,2.6447187059556994,0.17047716275662145,8,1.0469094302186273,0.004310595686165965,0.03920970340547246,0.828945204571468,COMPLETE
568,0.8778758553274681,2026-03-23 18:01:36.124354,2026-03-23 18:01:36.448273,0 days 00:00:00.323919,0.9149651409082794,2.5097453008084654,0.13515061508955714,8,1.3856981658750933,0.11062156971736148,18.828177819110042,0.8787703493276788,COMPLETE
569,0.8811906158357771,2026-03-23 18:01:36.462913,2026-03-23 18:01:36.750750,0 days 00:00:00.287837,0.8259647339941687,2.2299014343572185,0.11778085798586152,8,1.1074455532390441,2.5961706238988556,0.05164685157155101,0.8618190955030567,COMPLETE
570,0.8823900293255131,2026-03-23 18:01:36.765269,2026-03-23 18:01:37.025872,0 days 00:00:00.260603,0.9455434033431189,1.9731737940947565,0.1475814494568662,8,2.4304243026496843,0.008634141687228994,0.032563230078407605,0.8989082178825252,COMPLETE
571,0.8847595307917888,2026-03-23 18:01:37.041444,2026-03-23 18:01:37.307023,0 days 00:00:00.265579,0.9551124461290058,2.070658207913164,0.16391101387902912,8,1.2398153486244663,0.06945167720084151,0.023995358627422907,0.8696634494849618,COMPLETE
572,0.8864604105571847,2026-03-23 18:01:37.322070,2026-03-23 18:01:37.599301,0 days 00:00:00.277231,0.938049269760058,1.760202284206934,0.12600347297666892,8,1.0774876425315307,0.03688544871051723,0.042429091672589896,0.8490793443391996,COMPLETE
573,0.8855004887585534,2026-03-23 18:01:37.613710,2026-03-23 18:01:37.870287,0 days 00:00:00.256577,0.9654604913696593,2.3986802380511625,0.14197725521023313,8,1.0383961486890816,0.017776200476960144,0.05891170181318498,0.8551395710599006,COMPLETE
574,0.8829569892473118,2026-03-23 18:01:37.885125,2026-03-23 18:01:38.151203,0 days 00:00:00.266078,0.9246665377284571,1.871957736690137,0.15361713185330025,8,1.0013403985857114,2.49920629321766e-07,0.028208496319274374,0.8805139397234295,COMPLETE
575,0.8815532746823069,2026-03-23 18:01:38.168326,2026-03-23 18:01:38.436948,0 days 00:00:00.268622,0.9706704591906081,2.1621056197786825,0.1759963804050023,8,1.1464190799674407,0.16725687693999297,0.03579778202743306,0.6630523019831139,COMPLETE
576,0.8835913978494623,2026-03-23 18:01:38.453602,2026-03-23 18:01:38.753509,0 days 00:00:00.299907,0.9467508336622635,1.596420557289144,0.13243700187852847,8,1.2908756384695614,0.02560608952260402,0.04219635523187085,0.868778425742917,COMPLETE
577,0.8832482893450635,2026-03-23 18:01:38.768429,2026-03-23 18:01:39.039704,0 days 00:00:00.271275,0.9320144894530944,2.7644332969870935,0.11265537839232316,6,1.0889123861881418,0.01218397306671083,0.03019051281007508,0.8614858930013664,COMPLETE
578,0.8780342130987292,2026-03-23 18:01:39.054177,2026-03-23 18:01:39.493570,0 days 00:00:00.439393,0.9553347085268735,2.018933136117249,0.04218819669966095,8,8.489585147343812,0.04942938979998478,0.05282003000930274,0.8463584148834848,COMPLETE
579,0.8838455522971652,2026-03-23 18:01:39.508773,2026-03-23 18:01:39.915739,0 days 00:00:00.406966,0.9614745189516216,1.8299849592084085,0.038399839320292,8,1.5742141410144954,0.005633554692486407,0.024083677105348804,0.8363190928433626,COMPLETE
580,0.8885366568914956,2026-03-23 18:01:39.931011,2026-03-23 18:01:40.204385,0 days 00:00:00.273374,0.9420348892089606,2.60425231358216,0.12051118792017478,8,1.1856292994344153,0.08341317477886102,0.03288342950945685,0.8731513474574911,COMPLETE
581,0.8833479960899315,2026-03-23 18:01:40.219778,2026-03-23 18:01:40.572508,0 days 00:00:00.352730,0.9470338054619426,2.598993592269217,0.05573707366979974,8,1.2185487723139437,0.3094978310399131,0.04609154555689227,0.8574519527748361,COMPLETE
582,0.88330596285435,2026-03-23 18:01:40.587665,2026-03-23 18:01:40.884846,0 days 00:00:00.297181,0.9405896841359187,2.694881357735828,0.12054108986816503,8,1.302312601263509,0.12436464957585829,0.036820398413400894,0.8706060957774996,COMPLETE
583,0.886811339198436,2026-03-23 18:01:40.900607,2026-03-23 18:01:41.153412,0 days 00:00:00.252805,0.9571361083640767,2.6128829963119475,0.12162613106872058,8,1.1860311302863755,0.09495378943906355,0.06349235740995082,0.8186191717296522,COMPLETE
584,0.8843040078201369,2026-03-23 18:01:41.168092,2026-03-23 18:01:41.456512,0 days 00:00:00.288420,0.860770299986957,2.548707790989945,0.11478379280999843,7,1.255393917371124,0.24536722397760902,0.03460103158030295,0.8634405579099265,COMPLETE
585,0.8768582600195504,2026-03-23 18:01:41.472163,2026-03-23 18:01:41.744983,0 days 00:00:00.272820,0.969498501515448,2.718619787604197,0.016592375877683106,8,1.1556344749288365,0.15135425199053254,0.08594538052638102,0.7828194727356089,COMPLETE
586,0.8857976539589443,2026-03-23 18:01:41.758654,2026-03-23 18:01:42.007658,0 days 00:00:00.249004,0.948334968733143,2.5042534898780344,0.12661395234158632,8,1.1909723986096876,0.07957197618126645,0.0438103558831923,0.8501251275522044,COMPLETE
587,0.8830293255131965,2026-03-23 18:01:42.022103,2026-03-23 18:01:42.283374,0 days 00:00:00.261271,0.9391192227377917,2.462256106371073,0.13642284662267462,8,1.123357398570077,1.1956006251180756e-08,0.036935075786218775,0.8035291275445735,COMPLETE
588,0.8846070381231672,2026-03-23 18:01:42.298245,2026-03-23 18:01:42.578335,0 days 00:00:00.280090,0.9604886477239212,1.749010824206414,0.10401909327663184,8,1.1763485573283974,0.06501182824320906,0.04882575406246684,0.8725781936280607,COMPLETE
589,0.8879638318670577,2026-03-23 18:01:42.595047,2026-03-23 18:01:42.881946,0 days 00:00:00.286899,0.9482529538966884,2.5735606943234983,0.11508107734047472,8,1.1017604080813699,0.0046183149705087785,0.02741754004459032,0.8571862774901917,COMPLETE
590,0.8846959921798632,2026-03-23 18:01:42.898369,2026-03-23 18:01:43.185647,0 days 00:00:00.287278,0.9512111011180319,2.6961603465218547,0.11751199803139775,8,2.70351304021944,0.0034211516248714158,0.02182304378842626,0.8439350321838779,COMPLETE
591,0.8861221896383187,2026-03-23 18:01:43.199010,2026-03-23 18:01:43.471953,0 days 00:00:00.272943,0.9438663539760876,2.6291907933403116,0.11304878163672459,8,1.3150529153070463,0.002280751533382383,0.07530130539794931,0.8547030728711459,COMPLETE
592,0.8819833822091887,2026-03-23 18:01:43.487761,2026-03-23 18:01:43.760272,0 days 00:00:00.272511,0.817079747732103,2.794357823313973,0.10990644424596224,8,1.2085567843363811,0.005025942675447385,0.03207121414070874,0.8907677214577775,COMPLETE
593,0.8851163245356793,2026-03-23 18:01:43.775656,2026-03-23 18:01:44.067021,0 days 00:00:00.291365,0.9519907622723169,2.5812052170510507,0.12221858571745722,8,1.2546446673314828,0.00242900093039223,0.04092399686024262,0.8325029562400361,COMPLETE
594,0.8846089931573803,2026-03-23 18:01:44.082566,2026-03-23 18:01:44.413278,0 days 00:00:00.330712,0.9328791874885992,2.454640311334496,0.05002869875733184,8,1.3650382884410965,0.006743737856390021,0.02933697448500527,0.8677024160741267,COMPLETE
595,0.8865239491691104,2026-03-23 18:01:44.428223,2026-03-23 18:01:44.717550,0 days 00:00:00.289327,0.9408864049308764,2.752607582305919,0.1073114894641379,8,1.1097524142463102,0.0038509552540492613,0.053866047163263785,0.8483341757874292,COMPLETE
596,0.8855865102639296,2026-03-23 18:01:44.730024,2026-03-23 18:01:45.006478,0 days 00:00:00.276454,0.955185941287921,2.5225621724109124,0.1268362402594524,8,1.1502884599235086,0.007730635579368748,0.026306884580044262,0.8834570025575115,COMPLETE
597,0.8858416422287391,2026-03-23 18:01:45.025360,2026-03-23 18:01:45.295025,0 days 00:00:00.269665,0.9459043886480585,2.6075703751115515,0.11706605728686835,8,1.1214272333901194,0.003851074931557978,0.034976977503307125,0.8605225318301891,COMPLETE
598,0.8865777126099706,2026-03-23 18:01:45.309110,2026-03-23 18:01:45.580474,0 days 00:00:00.271364,0.9611115424983094,2.3969002308038987,0.10402879984078968,8,1.0942643328649941,0.009588664796465713,0.021381640905236626,0.8745716656204598,COMPLETE
599,0.8845806451612903,2026-03-23 18:01:45.597340,2026-03-23 18:01:45.860949,0 days 00:00:00.263609,0.9365520023513622,2.8103569751096558,0.12253154587259674,8,1.234913216009328,0.005519936718909355,0.043933211346476334,0.8398673617118537,COMPLETE
600,0.8844936461388074,2026-03-23 18:01:45.878342,2026-03-23 18:01:46.186297,0 days 00:00:00.307955,0.9515530277833906,2.659143985235538,0.11442609243348721,8,1.167658861561964,0.012156442227866488,0.06632584888883877,0.855038077405834,COMPLETE
601,0.8853323558162267,2026-03-23 18:01:46.198982,2026-03-23 18:01:46.482164,0 days 00:00:00.283182,0.9665847778891413,2.524170777340535,0.12976888412107485,8,1.0890551300759577,0.0063181338421971125,0.03827815257442337,0.8655431150358771,COMPLETE
602,0.8825014662756598,2026-03-23 18:01:46.498175,2026-03-23 18:01:46.786522,0 days 00:00:00.288347,0.9435208686352763,2.358417164414166,0.092664225514574,8,1.0475154991553477,0.002659644717386879,0.031959338523455526,0.9093443753648955,COMPLETE
603,0.8857839687194525,2026-03-23 18:01:46.801728,2026-03-23 18:01:47.082837,0 days 00:00:00.281109,0.9329354535203334,2.418228054179786,0.13344548782350313,8,1.1704716936714357,0.0097171848091955,0.026337522582378894,0.8762151714900137,COMPLETE
604,0.8858787878787878,2026-03-23 18:01:47.098013,2026-03-23 18:01:47.392879,0 days 00:00:00.294866,0.9610854785660166,2.6687721320597264,0.10917725711051864,8,1.6566884009604768,0.13462147361184218,0.05023927531508331,0.8492470964394682,COMPLETE
605,0.8836441837732161,2026-03-23 18:01:47.409185,2026-03-23 18:01:47.683136,0 days 00:00:00.273951,0.8721282262627792,2.5708485797898675,0.10168534483228832,8,1.1088838852424836,0.014859118192774174,0.056687127130083705,0.8639072469846849,COMPLETE
606,0.8861026392961876,2026-03-23 18:01:47.697865,2026-03-23 18:01:47.958454,0 days 00:00:00.260589,0.9483212523593673,1.4858198828629114,0.12440089915228919,8,1.0419990888761697,0.004316342132454968,0.039716306672308875,0.8848518328094894,COMPLETE
607,0.8873822091886607,2026-03-23 18:01:47.975640,2026-03-23 18:01:48.251600,0 days 00:00:00.275960,0.9545890685762217,2.4515154318055297,0.13819624994616278,8,1.2234199452160692,0.007308590491677128,0.023302478839208964,0.941258297008266,COMPLETE
608,0.8831055718475074,2026-03-23 18:01:48.266255,2026-03-23 18:01:48.535009,0 days 00:00:00.268754,0.937795920781714,2.3304777444199463,0.14158480292914583,8,1.3113757367997017,0.008223308581703411,0.022234244710190906,0.9159094846529257,COMPLETE
609,0.8808347996089931,2026-03-23 18:01:48.549307,2026-03-23 18:01:48.814038,0 days 00:00:00.264731,0.955090580421504,2.4838411488427687,0.11587762289193765,8,1.2693623992002412,0.012652833847702787,0.03153616588092144,0.9990383808944419,COMPLETE
610,0.884357771260997,2026-03-23 18:01:48.830266,2026-03-23 18:01:49.113659,0 days 00:00:00.283393,0.9454440008627015,2.2914037273964443,0.09808143690200084,8,1.2449259054055413,0.18673834253393715,0.0487378776729751,0.8244381536601862,COMPLETE
611,0.8839051808406647,2026-03-23 18:01:49.129378,2026-03-23 18:01:49.389767,0 days 00:00:00.260389,0.9300182171167852,2.4595345783332894,0.13976808207185068,8,1.4381736571228214,0.01932108563468973,0.10000072987762103,0.9340200721620892,COMPLETE
612,0.8828220918866079,2026-03-23 18:01:49.404691,2026-03-23 18:01:49.675879,0 days 00:00:00.271188,0.9414909452458365,2.2403362499171373,0.11166157930719459,8,1.376553872609629,0.10548417393093283,0.46393927263212137,0.9920040020241859,COMPLETE
613,0.8838768328445749,2026-03-23 18:01:49.692586,2026-03-23 18:01:49.993672,0 days 00:00:00.301086,0.9512162453050979,2.4324254702052968,0.08267722475204321,8,1.2021929825827047,0.007787724181098411,0.020439112809752157,0.9231016299695664,COMPLETE
614,0.8819286412512221,2026-03-23 18:01:50.012280,2026-03-23 18:01:50.275912,0 days 00:00:00.263632,0.9201307300944435,2.3514267650391547,0.12480943305176313,8,1.0872123069541197,0.023944227799615716,0.035309188484579465,0.6733606490777385,COMPLETE
615,0.8858044965786902,2026-03-23 18:01:50.291504,2026-03-23 18:01:50.569844,0 days 00:00:00.278340,0.9572807783303643,2.5447050875736905,0.1326822451810324,8,1.039362480504826,0.0809830570242198,0.042001389417578125,0.8325223386530625,COMPLETE
616,0.8866881720430108,2026-03-23 18:01:50.583882,2026-03-23 18:01:50.877129,0 days 00:00:00.293247,0.9366707184916623,1.9595656259393592,0.14670070247640768,8,1.0029049165037613,0.014493652855081564,0.06163380799134043,0.8432070044770917,COMPLETE
617,0.8862512218963832,2026-03-23 18:01:50.893166,2026-03-23 18:01:51.182860,0 days 00:00:00.289694,0.9305597802229324,1.6629488947559128,0.10434848435924368,8,1.1398881932737945,0.05626430187506525,0.02373715765019804,0.8536393673273213,COMPLETE
618,0.8857214076246335,2026-03-23 18:01:51.197763,2026-03-23 18:01:51.471642,0 days 00:00:00.273879,0.942089375910021,1.3611197214723436,0.12048198877897116,8,1.0017817058775316,0.009561470656062332,0.02799997990762897,0.9393059937058131,COMPLETE
619,0.8786539589442816,2026-03-23 18:01:51.486827,2026-03-23 18:01:51.754614,0 days 00:00:00.267787,0.9500731551166844,2.068369445097748,0.13843830532440735,7,6.442031764189878,4.097402672883706e-06,0.03328775108519666,0.9851799919737112,COMPLETE
620,0.8836666666666667,2026-03-23 18:01:51.770467,2026-03-23 18:01:52.113915,0 days 00:00:00.343448,0.9699984248253166,2.311182024815185,0.12852602782612288,5,1.2035185745370398,0.25763908428425153,0.04605150536505227,0.8386117795187276,COMPLETE
621,0.8810019550342131,2026-03-23 18:01:52.128151,2026-03-23 18:01:52.397319,0 days 00:00:00.269168,0.9610983998020555,1.9284737363058873,0.1481808547766552,8,5.180926593899571,0.02864947711468305,0.04019820452923284,0.9462144758166725,COMPLETE
622,0.8832023460410556,2026-03-23 18:01:52.412033,2026-03-23 18:01:52.697362,0 days 00:00:00.285329,0.9552402696561552,2.430348882897104,0.11225999586879368,8,1.0879875612471406,0.01727449065959557,0.02609500388787145,0.9576055252490363,COMPLETE
623,0.8845865102639294,2026-03-23 18:01:52.712560,2026-03-23 18:01:52.989444,0 days 00:00:00.276884,0.9260627766448741,2.1280151851488753,0.11842925536218965,8,1.3177857881530681,0.006307472337858398,0.05641264275864498,0.8458796616785078,COMPLETE
624,0.8850303030303032,2026-03-23 18:01:53.004587,2026-03-23 18:01:53.287559,0 days 00:00:00.282972,0.9471647253068943,2.22364874666621,0.1307040028612737,8,1.068553917343031,0.04627564223414193,0.07213371224412368,0.6446443865477561,COMPLETE
625,0.8820801564027372,2026-03-23 18:01:53.300832,2026-03-23 18:01:53.626075,0 days 00:00:00.325243,0.9386324270220192,1.8097304369171348,0.14080768396359541,4,1.1459291573440926,0.0032719893021326742,0.030283707131192553,0.8552313665931106,COMPLETE
626,0.88316715542522,2026-03-23 18:01:53.640684,2026-03-23 18:01:53.910433,0 days 00:00:00.269749,0.9615654604990881,1.7042078169751596,0.15093351408500896,8,1.1933412051438277,0.08127759380921587,0.035733714522694277,0.8610431011142194,COMPLETE
627,0.881683284457478,2026-03-23 18:01:53.923944,2026-03-23 18:01:54.200017,0 days 00:00:00.276073,0.9121987193281609,2.541090978932583,0.1040392332937402,8,1.0711171220848859,0.012339055969616068,0.019628240560685555,0.9604640660830285,COMPLETE
628,0.8846891495601172,2026-03-23 18:01:54.217673,2026-03-23 18:01:54.524289,0 days 00:00:00.306616,0.9699485107711004,1.5371950643184964,0.0910847161765595,8,1.2641452835768408,0.024144604284212327,0.0480240527567599,0.7702625600284053,COMPLETE
629,0.8861329423264906,2026-03-23 18:01:54.541160,2026-03-23 18:01:54.835037,0 days 00:00:00.293877,0.9338584933763386,2.0534241709282406,0.12165031035701517,8,1.1206245662830034,0.15310362448853165,0.02439047445063082,0.8147483098291067,COMPLETE
630,0.8871837732160314,2026-03-23 18:01:54.850100,2026-03-23 18:01:53.165706,-1 days +23:59:58.315606,0.9494935183646904,1.9142039896569998,0.11001098814228132,8,1.0496501324498557,0.04365787366976603,0.03890907407175485,0.8290033666032399,COMPLETE
631,0.8850596285434995,2026-03-23 18:01:53.179116,2026-03-23 18:01:53.504864,0 days 00:00:00.325748,0.9444569733585811,1.890269092199591,0.09750795125348737,7,1.1669330559033575,0.06430783216010763,0.055668390479314434,0.8245490098511545,COMPLETE
632,0.8827448680351907,2026-03-23 18:01:53.519586,2026-03-23 18:01:53.754560,0 days 00:00:00.234974,0.9504035986851452,1.7840632316124099,0.10788106297183286,8,1.0938366597098215,0.08969407859147574,0.04388126035420995,0.8059739121354955,COMPLETE
633,0.8855728250244379,2026-03-23 18:01:53.766354,2026-03-23 18:01:54.034954,0 days 00:00:00.268600,0.9371566377041332,1.9194748805141535,0.10465032290971389,8,1.0428760243297555,0.06309231484505856,0.03892266267505766,0.8230770545668289,COMPLETE
634,0.8878465298142718,2026-03-23 18:01:54.050781,2026-03-23 18:01:54.363379,0 days 00:00:00.312598,0.944432706579041,1.6482551099712883,0.1129711502312184,8,1.11703081146812,0.03791430108768273,0.04922432492119,0.8333625928627975,COMPLETE
635,0.8860234604105572,2026-03-23 18:01:54.376503,2026-03-23 18:01:54.692775,0 days 00:00:00.316272,0.9252961795514091,1.413840975571619,0.11187711468887028,8,1.190714996104298,0.11576189071643492,0.03873867263360736,0.8154798948961534,COMPLETE
636,0.8855425219941349,2026-03-23 18:01:54.707603,2026-03-23 18:01:55.065069,0 days 00:00:00.357466,0.9402942419248184,1.5755393908416477,0.10085355389838845,8,1.2625894941061588,0.04644879678104961,0.06303250480369847,0.832520792756907,COMPLETE
637,0.877396871945259,2026-03-23 18:01:55.078866,2026-03-23 18:01:55.455476,0 days 00:00:00.376610,0.9481966645907677,1.671290967747213,0.11127612964353241,8,1.2267814323689696,0.04290667222960173,36.30540041300246,0.8246701320954655,COMPLETE
638,0.8850078201368524,2026-03-23 18:01:55.467123,2026-03-23 18:01:55.757850,0 days 00:00:00.290727,0.9298392202048904,1.6203923532620232,0.11502375799931966,8,1.1538666040349854,0.10403645707562657,0.0341838066792803,0.8296265989116164,COMPLETE
639,0.8831231671554252,2026-03-23 18:01:55.773601,2026-03-23 18:01:56.048038,0 days 00:00:00.274437,0.9346815997823211,1.7170444563711635,0.10827739847041663,8,1.3497034864033164,0.05524569161098512,0.04588086084998253,0.9420155437481759,COMPLETE
640,0.8864672531769304,2026-03-23 18:01:56.063800,2026-03-23 18:01:56.355049,0 days 00:00:00.291249,0.9553396676055226,1.572573815876004,0.1003039007465194,8,1.1115243132776,0.19105750362464605,0.02959730783642701,0.8342657912498223,COMPLETE
641,0.8832306940371456,2026-03-23 18:01:56.370578,2026-03-23 18:01:56.633729,0 days 00:00:00.263151,0.9535230509756701,1.7311477945620353,0.12066580677524066,8,1.2143104080536606,0.0021581623223621226,0.0521199724266473,0.9730733695271643,COMPLETE
642,0.8846979472140762,2026-03-23 18:01:56.649765,2026-03-23 18:01:56.924388,0 days 00:00:00.274623,0.9234650909663509,1.7438141450569873,0.11463323466354097,8,1.1324950182602527,0.07850317112853669,0.03983733419645291,0.8100950682648488,COMPLETE
643,0.8855698924731183,2026-03-23 18:01:56.939183,2026-03-23 18:01:57.317423,0 days 00:00:00.378240,0.9424756490914612,1.8386045800625996,0.10629521378225823,8,1.0918521491389868,0.03658336272442587,0.03227333707111258,0.8387143443153788,COMPLETE
644,0.8867165200391006,2026-03-23 18:01:57.334335,2026-03-23 18:01:57.614786,0 days 00:00:00.280451,0.9482491463243672,1.641987251762459,0.09529594090872823,8,1.1650287573019549,0.05755509021726962,0.026733381154820098,0.8282048667312834,COMPLETE
645,0.8781652003910068,2026-03-23 18:01:57.630347,2026-03-23 18:01:58.048039,0 days 00:00:00.417692,0.7561252399358636,1.833031610891167,0.12065273425751691,3,4.730382958313877,0.13820727627952667,0.07476682989315446,0.8346196850878166,COMPLETE
646,0.8836510263929618,2026-03-23 18:01:58.063622,2026-03-23 18:01:58.440868,0 days 00:00:00.377246,0.9582816347149279,1.480463547718296,0.06234588135546418,8,1.2870559325270359,0.004732197779741221,0.045244068166932785,0.7886239782041023,COMPLETE
647,0.8848015640273705,2026-03-23 18:01:58.458620,2026-03-23 18:01:58.737264,0 days 00:00:00.278644,0.9158783776195812,2.657933552377215,0.11488708783091557,8,1.0448726483890778,0.033307652170529924,0.03620790626956431,0.8154325574355329,COMPLETE
648,0.8849960899315739,2026-03-23 18:01:58.755137,2026-03-23 18:01:59.032522,0 days 00:00:00.277385,0.9406648085142009,1.8040005060369433,0.10831570718069972,8,1.1208786192600204,0.08561136833644928,0.022403308996427687,0.8418474296940676,COMPLETE
649,0.8859755620723362,2026-03-23 18:01:59.045461,2026-03-23 18:01:59.358754,0 days 00:00:00.313293,0.9318518473161846,1.5310258001966863,0.12517134801940505,8,1.212718954961807,0.007177587619948578,0.053542919008954575,0.8378907613894043,COMPLETE
650,0.8859491691104594,2026-03-23 18:01:59.375574,2026-03-23 18:01:59.684585,0 days 00:00:00.309011,0.9571908315668971,1.9089306616007264,0.10138357699355645,8,1.0035319735297137,0.034107972996577585,0.029718318778413324,0.8254624442443587,COMPLETE
651,0.8852609970674485,2026-03-23 18:01:59.701872,2026-03-23 18:01:59.998220,0 days 00:00:00.296348,0.9711096338158554,1.6555925828242708,0.11784052687529464,8,1.0847402989043566,0.057244172542047604,0.04001066202229908,0.844648347415169,COMPLETE
652,0.8847360703812317,2026-03-23 18:02:00.014088,2026-03-23 18:02:00.270819,0 days 00:00:00.256731,0.9436214727583239,2.5745619479354716,0.12698639442670456,8,1.1556519056866064,0.0031310617652611917,0.02625687959992142,0.8391976105667672,COMPLETE
653,0.8820000000000001,2026-03-23 18:02:00.285624,2026-03-23 18:02:00.568498,0 days 00:00:00.282874,0.9229772355774484,4.452426335358687,0.11151725815658198,8,1.5070271513363946,0.311954944902347,0.03296866389967998,0.8305501677534483,COMPLETE
654,0.8829042033235582,2026-03-23 18:02:00.584378,2026-03-23 18:02:00.861489,0 days 00:00:00.277111,0.9341573899515861,1.98857133650761,0.11734454971934286,8,1.0495295081740916,0.010436807496181715,0.06553503004476667,0.9637195694250221,COMPLETE
655,0.8816754643206257,2026-03-23 18:02:00.877195,2026-03-23 18:02:01.194808,0 days 00:00:00.317613,0.9519377524201442,1.8494205932099042,0.09184848003521084,6,1.092225912753403,0.005288177988811729,0.017022461059229377,0.8467134835273691,COMPLETE
656,0.8861065493646139,2026-03-23 18:02:01.206543,2026-03-23 18:02:01.483932,0 days 00:00:00.277389,0.9617099504065139,1.7036156186354872,0.10727403812891867,8,1.238151098994114,0.12550294839523168,0.04548571111225475,0.8479755862548056,COMPLETE
657,0.8850879765395894,2026-03-23 18:02:01.500255,2026-03-23 18:02:01.899345,0 days 00:00:00.399090,0.9395822395329394,2.6791506477229556,0.03078400446433643,8,1.0011816697269655,0.026458186651818476,0.021057855135894213,0.8202591388186694,COMPLETE
658,0.886468230694037,2026-03-23 18:02:01.916248,2026-03-23 18:02:02.207163,0 days 00:00:00.290915,0.9475561759712586,1.937570170238077,0.12710338531557566,8,1.1382215097613622,0.04466501797454745,0.03739148966986205,0.8349621172294452,COMPLETE
659,0.8837390029325513,2026-03-23 18:02:02.221152,2026-03-23 18:02:02.505209,0 days 00:00:00.284057,0.9063611146746449,1.766169697460398,0.09825959758197299,8,1.0829440746212844,0.01692039900829382,0.05822801240959123,0.8515362794609772,COMPLETE
660,0.8844936461388074,2026-03-23 18:02:02.520187,2026-03-23 18:02:02.776131,0 days 00:00:00.255944,0.9741248383158316,2.558490396749422,0.131811602704944,8,1.4261172093420191,0.08342769458912667,0.028078862372252718,0.9710044525035937,COMPLETE
661,0.8843998044965787,2026-03-23 18:02:02.791576,2026-03-23 18:02:03.089886,0 days 00:00:00.298310,0.964528494820119,1.626301881268745,0.12151497340633519,8,1.1836239796506116,0.009740042527153953,0.0459732164792193,0.8423493182695216,COMPLETE
662,0.8856041055718475,2026-03-23 18:02:03.104730,2026-03-23 18:02:03.387372,0 days 00:00:00.282642,0.9289034764940918,1.901699913222692,0.10960262197723988,8,1.0538182747874392,0.19583021201232742,0.03139487117323719,0.8521614180537646,COMPLETE
663,0.8863040078201367,2026-03-23 18:02:03.401374,2026-03-23 18:02:03.697593,0 days 00:00:00.296219,0.9530446031970258,1.78223773930609,0.13341432206530235,8,2.1157905253592704,0.03759036884962336,0.12610285910700234,0.8311070502078356,COMPLETE
664,0.8844173998044966,2026-03-23 18:02:03.713839,2026-03-23 18:02:03.979114,0 days 00:00:00.265275,0.9387835245196179,2.481091422292395,0.1030701132500943,8,1.1225212814913608,0.0032115964918004564,0.03633228855586073,0.9303280790488212,COMPLETE
665,0.8838592375366567,2026-03-23 18:02:03.994550,2026-03-23 18:02:04.315796,0 days 00:00:00.321246,0.9169669696994226,1.3343579514381338,0.1160243522355399,8,1.0014421423544493,2.7316812751419284e-05,0.05011461409736916,0.856377047836171,COMPLETE
666,0.8847517106549363,2026-03-23 18:02:04.334638,2026-03-23 18:02:04.636962,0 days 00:00:00.302324,0.9473440663718705,2.033108535013733,0.1264651407273257,8,1.251763111937352,0.007055287528197599,0.02341883749046518,0.9486753124032472,COMPLETE
667,0.8853235581622678,2026-03-23 18:02:04.652012,2026-03-23 18:02:04.915251,0 days 00:00:00.263239,0.9599524458951081,2.8165455243120894,0.13502827846709936,8,1.1818212776122583,0.020070464900295244,0.04282963518753533,0.8476298488779108,COMPLETE
668,0.8834105571847508,2026-03-23 18:02:04.931453,2026-03-23 18:02:05.210388,0 days 00:00:00.278935,0.970799524138174,2.626127402979597,0.08806541606285831,8,1.0776853669737751,1.5337595731595123e-05,0.03320569032892484,0.8179172427028529,COMPLETE
669,0.8853704789833823,2026-03-23 18:02:05.225451,2026-03-23 18:02:05.532889,0 days 00:00:00.307438,0.9322876526350763,1.9776769602123474,0.1134543727466954,8,1.3196486275299455,0.052999046001654934,0.25760505580678095,0.8592226717445811,COMPLETE
670,0.8851358748778103,2026-03-23 18:02:05.549771,2026-03-23 18:02:05.842016,0 days 00:00:00.292245,0.9536685319345736,1.8425574961490412,0.12187234975400268,8,1.1253768111942084,0.013729715484820559,0.026255650708899958,0.8391648703805772,COMPLETE
671,0.8860860215053765,2026-03-23 18:02:05.857534,2026-03-23 18:02:06.133094,0 days 00:00:00.275560,0.9429030752911928,1.7112072203287036,0.13763416991668853,8,1.0594243260829468,0.0018150466017496764,0.058175971856719945,0.8506535893979417,COMPLETE
672,0.8755669599217986,2026-03-23 18:02:06.148189,2026-03-23 18:02:06.403756,0 days 00:00:00.255567,0.9358123316090052,2.080558103048884,0.02314451088454092,8,1.1771583849935625,0.004577205651135414,0.018917132522438374,0.8660221460360208,COMPLETE
673,0.88452688172043,2026-03-23 18:02:06.418663,2026-03-23 18:02:06.721667,0 days 00:00:00.303004,0.9653149447253446,2.7240556831627982,0.09715101642417144,8,1.117134298770132,0.07973294890190787,0.03931278694889935,0.8407362797401383,COMPLETE
674,0.8843567937438905,2026-03-23 18:02:06.736856,2026-03-23 18:02:07.010632,0 days 00:00:00.273776,0.9235241322280888,1.4838710044061412,0.10467251460190789,8,1.0401214172390714,0.46201552791791256,0.03121826645764067,0.827214884485813,COMPLETE
675,0.8867106549364613,2026-03-23 18:02:07.025816,2026-03-23 18:02:07.289807,0 days 00:00:00.263991,0.9747435395646004,2.4625464428050248,0.12889335381713515,8,1.2313444042704467,0.028873798791131635,0.023982102897679623,0.854681838719885,COMPLETE
676,0.8870537634408603,2026-03-23 18:02:07.305162,2026-03-23 18:02:07.608798,0 days 00:00:00.303636,0.9559185541843367,1.9105207224019063,0.11814077846571126,8,1.0454014575291808,0.14315406312875428,0.050758641361442314,0.8456884199626501,COMPLETE
677,0.8790772238514174,2026-03-23 18:02:07.623541,2026-03-23 18:02:07.881117,0 days 00:00:00.257576,0.9474432906327063,2.5510856896859617,0.1428730238609988,8,1.1311016437837977,0.00707663062353099,0.036858548556779704,0.613578222210597,COMPLETE
678,0.884991202346041,2026-03-23 18:02:07.895129,2026-03-23 18:02:08.205740,0 days 00:00:00.310611,0.9627496799388566,1.6128910637907854,0.1126735452404453,8,1.081140003886337,0.01965289580793697,0.06977590903283597,0.8626691502331577,COMPLETE
679,0.8834486803519063,2026-03-23 18:02:08.221718,2026-03-23 18:02:08.569807,0 days 00:00:00.348089,0.8958319374905795,1.7887132295782189,0.1065349240869523,8,1.1766598137315958,0.03536926687784296,5.684858152808361,0.8582118336321574,COMPLETE
680,0.8821163245356793,2026-03-23 18:02:08.585025,2026-03-23 18:02:08.912346,0 days 00:00:00.327321,0.9388409749635804,2.1064501047843036,0.12383326925876029,5,2.807665833920057,0.06179269703454877,0.028835262046377826,0.8680378583989822,COMPLETE
681,0.8868778103616812,2026-03-23 18:02:08.928700,2026-03-23 18:02:09.204947,0 days 00:00:00.276247,0.9477661041051111,1.9608085718056798,0.13393522993407944,8,1.001198642654294,0.10247684157288034,0.043126638382328025,0.8321000024628746,COMPLETE
682,0.8863567937438905,2026-03-23 18:02:09.219892,2026-03-23 18:02:09.484756,0 days 00:00:00.264864,0.9284930442302228,2.38011566709387,0.14195146107337292,8,1.2824602054906453,0.009577750677799573,0.08995230864707278,0.850950340910086,COMPLETE
683,0.8706197458455524,2026-03-23 18:02:09.496599,2026-03-23 18:02:09.734431,0 days 00:00:00.237832,0.9733762516866302,2.6795217559909523,0.011864181289605872,8,7.441405361970086,0.014701964091621828,0.034563727073869836,0.7970607371571422,COMPLETE
684,0.8859657869012707,2026-03-23 18:02:09.746365,2026-03-23 18:02:10.048425,0 days 00:00:00.302060,0.9559721259329977,1.2257004393179605,0.11653856259360248,8,1.0870655496406911,0.000632097257230742,0.02252866636742414,0.8420232859698515,COMPLETE
685,0.8849980449657868,2026-03-23 18:02:10.062481,2026-03-23 18:02:10.362603,0 days 00:00:00.300122,0.9413863114799307,1.8539747706280814,0.12815503006343942,8,1.0002417675139383,0.004904411556098937,0.05175529119897377,0.905555050529059,COMPLETE
686,0.8843176930596286,2026-03-23 18:02:10.374717,2026-03-23 18:02:10.670543,0 days 00:00:00.295826,0.9188595165171632,1.709931118782428,0.10789726116356511,8,1.1377650426448622,0.04860790692906388,0.02819920330545616,0.8656593931305403,COMPLETE
687,0.8863225806451613,2026-03-23 18:02:10.684773,2026-03-23 18:02:10.973125,0 days 00:00:00.288352,0.9294821703565854,2.1542678811824505,0.09943028383483925,8,1.210418988902888,0.002682354041298381,0.04126622689773808,0.8578088690193749,COMPLETE
688,0.8834780058651026,2026-03-23 18:02:10.987246,2026-03-23 18:02:11.274076,0 days 00:00:00.286830,0.9613237946673616,2.567085222231655,0.07441821106953703,8,1.049604429399058,0.022279289703892903,0.1896329195382601,0.922178697169718,COMPLETE
689,0.8862160312805474,2026-03-23 18:02:11.289509,2026-03-23 18:02:11.575631,0 days 00:00:00.286122,0.9492996543478005,2.0335779203759543,0.15342863208143429,8,1.114718549055717,0.030153838740281384,0.03578429789099271,0.8358659475072644,COMPLETE
690,0.8850664711632454,2026-03-23 18:02:11.592863,2026-03-23 18:02:11.861187,0 days 00:00:00.268324,0.9771553901076393,2.458546649261418,0.1344294997695386,8,1.0436142194796918,0.2252133922150589,0.0616984429199093,0.8730042601284189,COMPLETE
691,0.8846353861192571,2026-03-23 18:02:11.877827,2026-03-23 18:02:12.163319,0 days 00:00:00.285492,0.7065650778268656,1.5674096757002731,0.09430908292728848,8,1.1680067092085071,0.06366071336472795,0.030883994730819337,0.8464913453076107,COMPLETE
692,0.8872482893450635,2026-03-23 18:02:12.178011,2026-03-23 18:02:12.501318,0 days 00:00:00.323307,0.9686680165698563,1.8963044924636394,0.12120885541121186,8,1.3370017713790572,0.10595747726538732,0.01942723473416581,0.8634185170372113,COMPLETE
693,0.8857145650048875,2026-03-23 18:02:12.515705,2026-03-23 18:02:12.795980,0 days 00:00:00.280275,0.9688313366301787,1.9065108023847956,0.11253769921415362,8,1.0798700807025265,0.14206470380754022,0.017382202952043072,0.8761361054151998,COMPLETE
694,0.8843343108504399,2026-03-23 18:02:12.811210,2026-03-23 18:02:13.106652,0 days 00:00:00.295442,0.6618684491719354,1.808259574836534,0.11975840162272255,8,1.0005296706778048,0.10842378544634318,0.01397674274198137,0.8663526299775823,COMPLETE
695,0.8798191593352884,2026-03-23 18:02:13.121790,2026-03-23 18:02:13.406744,0 days 00:00:00.284954,0.9792403513265582,1.9520457264923705,0.12155276174909296,8,9.922810327469977,0.22579987570745236,0.015631426793696366,0.8825940373902029,COMPLETE
696,0.8865650048875855,2026-03-23 18:02:13.421236,2026-03-23 18:02:13.704283,0 days 00:00:00.283047,0.9708984732972021,2.0092925564762014,0.1052251669656131,8,2.339683693335243,0.1667100476602232,0.022020918561551264,0.8935394596754686,COMPLETE
697,0.8722414467253177,2026-03-23 18:02:13.720985,2026-03-23 18:02:14.071259,0 days 00:00:00.350274,0.9656839851168877,1.7596735613272918,0.010340092449456476,7,1.3487874038216068,0.09004453590404957,0.016642765748410008,0.8214356720225566,COMPLETE
698,0.8853509286412511,2026-03-23 18:02:14.086419,2026-03-23 18:02:14.368189,0 days 00:00:00.281770,0.9757212383656848,1.8593445236995603,0.11219744505126575,8,1.1118917212045454,0.07426291225696378,0.01198165142703884,0.8091437577387683,COMPLETE
699,0.8836314760508308,2026-03-23 18:02:14.383517,2026-03-23 18:02:14.696712,0 days 00:00:00.313195,0.9611435032380886,1.6676254375486945,0.11890106586172049,8,1.2034834348856116,0.054566725572853164,0.021244138749392457,0.8614603327045678,COMPLETE
700,0.8839667644183774,2026-03-23 18:02:14.710791,2026-03-23 18:02:14.990956,0 days 00:00:00.280165,0.963945151478953,2.0588410600450713,0.10144431991469274,8,1.0506743520509503,0.10990102537041703,0.01835270221628975,0.8694370583017402,COMPLETE
701,0.885099706744868,2026-03-23 18:02:15.006863,2026-03-23 18:02:15.291181,0 days 00:00:00.284318,0.9543765928202769,1.8939582080777955,0.12626373770754146,8,1.148506146289162,0.397020413521233,0.024928386779882766,0.7535729069671269,COMPLETE
702,0.8880566959921798,2026-03-23 18:02:15.306111,2026-03-23 18:02:15.590604,0 days 00:00:00.284493,0.9825647100148375,1.7504630367316818,0.11084149280840538,8,1.1090362040122128,0.035897824243115356,0.022002824947595655,0.857099154453598,COMPLETE
703,0.8853147605083089,2026-03-23 18:02:15.607054,2026-03-23 18:02:15.903644,0 days 00:00:00.296590,0.9838035341876501,1.7394699510761276,0.10900757977369849,8,1.0814094841014794,0.03792256042768533,0.012912849051937582,0.8514025804353004,COMPLETE
704,0.8854193548387098,2026-03-23 18:02:15.920696,2026-03-23 18:02:16.246695,0 days 00:00:00.325999,0.9802694754880132,1.5291520409862998,0.10108332769902945,8,4.209692651852955,0.04426048549858618,0.019263993645329734,0.8393235531172543,COMPLETE
705,0.8848054740957967,2026-03-23 18:02:16.260826,2026-03-23 18:02:16.577482,0 days 00:00:00.316656,0.9776386820499893,1.6073481501469433,0.10869720860548382,8,1.0588822364575103,0.07145873691210068,0.019125707767210922,0.8545340584032872,COMPLETE
706,0.8830322580645162,2026-03-23 18:02:16.593543,2026-03-23 18:02:16.875808,0 days 00:00:00.282265,0.9924895834786763,1.795113332963567,0.1126390191443283,8,1.1034342304628904,0.05554934191397382,0.016307487844866624,0.7375208997593488,COMPLETE
707,0.8861290322580645,2026-03-23 18:02:16.890352,2026-03-23 18:02:17.172149,0 days 00:00:00.281797,0.9870835680993748,1.698333510143789,0.10459272841113137,8,1.0389737374568826,0.1155686025266594,2.8678910079773408,0.8283622231473622,COMPLETE
708,0.8853792766373412,2026-03-23 18:02:17.187733,2026-03-23 18:02:17.543352,0 days 00:00:00.355619,0.9727642192747613,1.8400697254212295,0.09385208739624701,8,1.0397787207258598,0.029516981513200077,0.020426429843989836,0.8503552937963859,COMPLETE
709,0.8850772238514173,2026-03-23 18:02:17.558736,2026-03-23 18:02:17.853611,0 days 00:00:00.294875,0.983579931797302,1.9525507616378555,0.11614134941017099,8,1.0006022910056604,0.044688453074144895,0.024858902643761675,0.8444378655849639,COMPLETE
710,0.8849227761485826,2026-03-23 18:02:17.870235,2026-03-23 18:02:18.176736,0 days 00:00:00.306501,0.9801127391191647,1.4439828524361986,0.09665211651214102,8,1.1187752624123812,0.08684389314927067,1.2130143599604095,0.8770677599947164,COMPLETE
711,0.8847820136852395,2026-03-23 18:02:18.192483,2026-03-23 18:02:18.476510,0 days 00:00:00.284027,0.970705546916074,1.677882325773804,0.12660299956713694,8,1.08854875762331,0.1403338002955859,0.019983643014960892,0.8589281471479099,COMPLETE
712,0.8838533724340176,2026-03-23 18:02:18.487521,2026-03-23 18:02:18.795884,0 days 00:00:00.308363,0.8536510148178913,1.812561777089064,0.08731582596642183,7,1.1597556931889539,0.028362310690767136,0.014807113330794701,0.8694312379266007,COMPLETE
713,0.8857761485826001,2026-03-23 18:02:18.811516,2026-03-23 18:02:19.114984,0 days 00:00:00.303468,0.9715900763830537,2.002033806896707,0.10169055656020172,8,1.241962438464269,0.07025745644791684,0.023003466738673525,0.8387457832868525,COMPLETE
714,0.8876979472140762,2026-03-23 18:02:19.130214,2026-03-23 18:02:19.411229,0 days 00:00:00.281015,0.9896519653105492,1.8999700450900388,0.1137403978946273,8,1.0877481819667065,0.2583303512816343,0.026235032832858603,0.855635769754206,COMPLETE
715,0.8878621700879765,2026-03-23 18:02:19.423558,2026-03-23 18:02:19.682058,0 days 00:00:00.258500,0.990952680658795,1.6270832644870374,0.11781668160928312,8,1.1465035399251338,0.1469003579579508,0.01927653735289773,0.8603593031600993,COMPLETE
716,0.8842570869990225,2026-03-23 18:02:19.698432,2026-03-23 18:02:19.979467,0 days 00:00:00.281035,0.9926345200773331,1.4293811754872916,0.11770588188416052,8,1.271837429003668,0.253894012577629,0.01621752818787326,0.8634452531318502,COMPLETE
717,0.8862737047898339,2026-03-23 18:02:19.993914,2026-03-23 18:02:20.282062,0 days 00:00:00.288148,0.9931087667960015,1.6185760195586487,0.11940348195876245,8,1.2076182722365267,0.9011281082001489,0.02070191633952903,0.86855657587845,COMPLETE
718,0.8870488758553274,2026-03-23 18:02:20.296995,2026-03-23 18:02:20.585976,0 days 00:00:00.288981,0.9877457161411456,1.5292413102877285,0.11143884545350671,8,1.1761926578007795,0.483484971603709,0.01620236436649819,0.880451700446742,COMPLETE
719,0.8848338220918865,2026-03-23 18:02:20.600953,2026-03-23 18:02:20.903445,0 days 00:00:00.302492,0.9986953950100337,1.5735847307065056,0.1247728386322089,8,1.2923461193265768,0.3244166577023876,0.013743400272224971,0.8584962606838871,COMPLETE
720,0.8865620723362658,2026-03-23 18:02:20.918756,2026-03-23 18:02:21.218458,0 days 00:00:00.299702,0.9782128883030341,1.682545437014551,0.1138287373869589,8,1.141801442889262,0.16948954180966003,0.019237336213022357,0.8755125488609409,COMPLETE
721,0.8878602150537634,2026-03-23 18:02:21.232853,2026-03-23 18:02:21.508819,0 days 00:00:00.275966,0.9840311387254361,1.7159074389150586,0.13032164280512926,8,1.2350147838494399,0.6048588907689322,0.022416283084286656,0.864568559529416,COMPLETE
722,0.8874173998044965,2026-03-23 18:02:21.527036,2026-03-23 18:02:21.823928,0 days 00:00:00.296892,0.9849319188230122,1.4962895452378404,0.12893904487221036,8,1.227539108344419,0.20047583474374164,0.022937773874241896,0.8713020508809596,COMPLETE
723,0.8826862170087977,2026-03-23 18:02:21.836077,2026-03-23 18:02:22.104988,0 days 00:00:00.268911,0.9999280039660765,1.2979871503948972,0.13061325490872303,8,1.4188616063856263,0.2777081082740755,0.018391767711959005,0.8863512021213859,COMPLETE
724,0.8857966764418377,2026-03-23 18:02:22.120834,2026-03-23 18:02:22.408387,0 days 00:00:00.287553,0.9871657893142229,1.3983394510130305,0.1263646059726227,8,1.2738906938898995,0.8361409628788986,0.022186237622892527,0.87503525778807,COMPLETE
725,0.885615835777126,2026-03-23 18:02:22.423107,2026-03-23 18:02:22.718457,0 days 00:00:00.295350,0.9885680277916943,1.4867296286227307,0.13091056063959694,8,1.2282942515680566,0.5920703219420178,0.023811401397121554,0.8938764032117442,COMPLETE
726,0.8878308895405669,2026-03-23 18:02:22.733373,2026-03-23 18:02:23.032401,0 days 00:00:00.299028,0.9936676790842197,1.5169797079187197,0.1060915420080653,8,1.246102769224751,0.20656996014463339,0.01546954796308765,0.8859485901262186,COMPLETE
727,0.8855816226783968,2026-03-23 18:02:23.046872,2026-03-23 18:02:23.337794,0 days 00:00:00.290922,0.9973440618459529,1.382042360771393,0.11719325446488676,8,1.3905014164512988,0.5520596959477853,0.012964550854001996,0.9006551649462156,COMPLETE
728,0.8836803519061585,2026-03-23 18:02:23.353928,2026-03-23 18:02:23.647673,0 days 00:00:00.293745,0.9925036242719345,1.3612604554477243,0.10476646857006607,6,1.3433463055369563,0.38550186758726485,0.011455220660697384,0.8800273499013119,COMPLETE
729,0.8824173998044966,2026-03-23 18:02:23.662788,2026-03-23 18:02:23.994921,0 days 00:00:00.332133,0.9999031327943901,1.205035171378722,0.09309066922024666,8,1.9805535627231396,2.255755128650359,0.014875199180591648,0.9093432080227606,COMPLETE
730,0.8871720430107527,2026-03-23 18:02:24.008852,2026-03-23 18:02:24.324469,0 days 00:00:00.315617,0.9852520168579176,1.4872998370887718,0.09909221479751988,8,1.2557100448253316,0.7131480563377208,0.014957931980616635,0.8953059028368843,COMPLETE
731,0.8866275659824047,2026-03-23 18:02:24.339541,2026-03-23 18:02:24.632760,0 days 00:00:00.293219,0.9900013692216163,1.471852682198276,0.13584789630287922,8,1.3223246802976791,1.3786412465454696,0.01108561146285011,0.8918284409048393,COMPLETE
732,0.888088954056696,2026-03-23 18:02:24.647283,2026-03-23 18:02:24.920436,0 days 00:00:00.273153,0.9822352012572854,1.5384198371521427,0.10654437254694671,8,1.225234410958147,0.420406715597837,0.017800899736206133,0.8879399610903286,COMPLETE
733,0.8822306940371456,2026-03-23 18:02:24.936525,2026-03-23 18:02:25.255330,0 days 00:00:00.318805,0.9826560605684602,1.571061963046207,0.12554544750203764,8,1.3161879433357473,0.43948742889250597,0.017324022419991977,0.912508814166302,COMPLETE
734,0.8860830889540566,2026-03-23 18:02:25.273961,2026-03-23 18:02:23.601061,-1 days +23:59:58.327100,0.9928172901550739,1.3696925625315564,0.10758933188954733,8,1.3774795663629569,0.6226021636552758,0.01453220700385615,0.8884633313161547,COMPLETE
735,0.885902248289345,2026-03-23 18:02:23.616339,2026-03-23 18:02:23.910483,0 days 00:00:00.294144,0.9826869070357916,1.345110816649147,0.11520700281830847,8,1.269214689626949,0.3399563096113731,0.012617655024518296,0.8894702882743646,COMPLETE
736,0.8869081133919844,2026-03-23 18:02:23.925807,2026-03-23 18:02:24.252085,0 days 00:00:00.326278,0.9842120726812728,1.112222224265179,0.12325959342513801,8,1.2283278477211057,0.883455603752302,0.01769518653437119,0.9000598423385981,COMPLETE
737,0.8851143695014663,2026-03-23 18:02:24.267821,2026-03-23 18:02:24.559157,0 days 00:00:00.291336,0.9863667253456141,1.2705797472355587,0.1377294988201517,7,1.291964432888632,0.21617520757689804,0.020794247797727088,0.8825981412142169,COMPLETE
738,0.8857292277614859,2026-03-23 18:02:24.573946,2026-03-23 18:02:24.866246,0 days 00:00:00.292300,0.993758250868451,1.5092979575895864,0.10923484071727883,8,1.2218300902627823,0.3662808068769831,0.018769204797230075,0.8973396352948655,COMPLETE
739,0.8852785923753665,2026-03-23 18:02:24.881600,2026-03-23 18:02:25.160528,0 days 00:00:00.278928,0.9928940554435532,1.534521909451804,0.13069075509848094,8,1.217325885662272,0.4617857293823593,0.015081203812758804,0.9063926489266507,COMPLETE
740,0.8826783968719453,2026-03-23 18:02:25.176335,2026-03-23 18:02:25.461324,0 days 00:00:00.284989,0.9818095916933511,1.561627336593504,0.12199661538726897,8,1.3249806611217811,0.7397778977167744,0.016057503567970487,0.9674358459462128,COMPLETE
741,0.8868015640273704,2026-03-23 18:02:25.476460,2026-03-23 18:02:25.780515,0 days 00:00:00.304055,0.9816653777965381,1.4656172132509042,0.1142950613792255,8,1.261692935070567,0.24752570899230336,0.018266782688036165,0.8850936147474113,COMPLETE
742,0.8858856304985336,2026-03-23 18:02:25.792955,2026-03-23 18:02:26.092208,0 days 00:00:00.299253,0.9995167125576583,1.4209231399183637,0.1047640673992562,8,1.194002625460655,0.29193634885399444,0.023286983945678585,0.8730630184497026,COMPLETE
743,0.8867067448680352,2026-03-23 18:02:26.108042,2026-03-23 18:02:26.381226,0 days 00:00:00.273184,0.9786702406148432,1.6005900634973946,0.14261185254851033,8,1.4329417549439563,0.4908086174441697,0.013893092352978302,0.8845079060670512,COMPLETE
744,0.8875542521994135,2026-03-23 18:02:26.396850,2026-03-23 18:02:26.678939,0 days 00:00:00.282089,0.9938536500783266,1.4630290740134262,0.11792099483315754,8,1.7744734746779023,0.28831467677371597,0.01739162825120101,0.866326534709524,COMPLETE
745,0.886347018572825,2026-03-23 18:02:26.693807,2026-03-23 18:02:26.990954,0 days 00:00:00.297147,0.9951921198016095,1.241754453712908,0.13019544059284063,8,1.5505525163563438,1.2514890605290072,0.013132308505098217,0.8684545105367211,COMPLETE
746,0.8871094819159335,2026-03-23 18:02:27.005982,2026-03-23 18:02:27.301706,0 days 00:00:00.295724,0.9910595835843906,1.377250631856552,0.12065284772442421,8,1.8019464566362124,0.3396373824133639,0.016922398057580744,0.861318780414576,COMPLETE
747,0.8834271749755622,2026-03-23 18:02:27.314481,2026-03-23 18:02:27.605716,0 days 00:00:00.291235,0.9892044887450059,1.276843652492799,0.13267016175677254,8,1.515044678356043,0.22322325980549004,0.010308654249887295,0.8564880597342783,COMPLETE
748,0.8853206256109483,2026-03-23 18:02:27.620262,2026-03-23 18:02:27.914271,0 days 00:00:00.294009,0.9829124923335588,1.4559188271294092,0.12569571963077264,8,1.6780280862620907,0.5111320037395423,0.017659488760265702,0.8648200564688906,COMPLETE
749,0.8838230694037146,2026-03-23 18:02:27.932403,2026-03-23 18:02:28.205640,0 days 00:00:00.273237,0.9912652373302894,1.4575801619122162,0.11871524604217569,8,1.434275174743465,0.32252561567338994,0.020353055288490896,0.9847732512323335,COMPLETE
750,0.883414467253177,2026-03-23 18:02:28.221123,2026-03-23 18:02:28.622660,0 days 00:00:00.401537,0.99951737096292,1.3091210491507521,0.0444701204488258,8,1.3146506453857274,0.6867679064442435,0.01484857567445326,0.871060250002087,COMPLETE
751,0.8813695014662757,2026-03-23 18:02:28.635515,2026-03-23 18:02:28.929103,0 days 00:00:00.293588,0.9869730391790185,1.55139559073532,0.14248291583627476,8,1.248743704455334,0.19924259212399525,0.021977414389360874,0.8528836412571519,COMPLETE
752,0.8856265884652981,2026-03-23 18:02:28.948143,2026-03-23 18:02:29.239030,0 days 00:00:00.290887,0.9791031173812281,1.5946145002001684,0.11497053259386818,8,1.3553343725049738,0.3538376256643712,0.017662384505373142,0.8632024511160826,COMPLETE
753,0.8860469208211144,2026-03-23 18:02:29.255029,2026-03-23 18:02:29.601012,0 days 00:00:00.345983,0.977787422923712,1.3973658712919077,0.12938595693341026,8,1.7551561020559427,0.3076706567600344,0.012033618267167069,0.8572117667003553,COMPLETE
754,0.8823304007820136,2026-03-23 18:02:29.617450,2026-03-23 18:02:30.067716,0 days 00:00:00.450266,0.9855395474358916,1.501170286493661,0.03450639382217491,5,2.2357066188200045,0.23350610796324364,0.021339368363997004,0.8703499309623938,COMPLETE
755,0.8835073313782992,2026-03-23 18:02:30.084219,2026-03-23 18:02:30.358483,0 days 00:00:00.274264,0.9999580375033721,0.9822929176291721,0.13765131505433445,8,1.1982473435740808,1.9976333284045906,0.023953101070734,0.718463424916317,COMPLETE
756,0.8848748778103617,2026-03-23 18:02:30.372385,2026-03-23 18:02:30.670356,0 days 00:00:00.297971,0.9931916538411777,1.1547871738030857,0.12164413386367168,8,2.620564644904529,0.5044229141075551,0.01640780567277781,0.8518565886679912,COMPLETE
757,0.8882580645161291,2026-03-23 18:02:30.684990,2026-03-23 18:02:30.949370,0 days 00:00:00.264380,0.9785621630340942,1.6308153754848416,0.1500404461713101,8,1.170950449202322,1.0256556080268768,0.019762281955585242,0.865830033513552,COMPLETE
758,0.8809736070381231,2026-03-23 18:02:30.964662,2026-03-23 18:02:31.273132,0 days 00:00:00.308470,0.9762262637052503,1.618221929778627,0.15512923544437188,3,1.2951100567118032,1.214475238257635,0.019059388073465102,0.8766565044678284,COMPLETE
759,0.8813626588465298,2026-03-23 18:02:31.288473,2026-03-23 18:02:31.563548,0 days 00:00:00.275075,0.9774413483762652,4.997903395282419,0.14781529584913605,8,1.2446224711385883,1.2381524735443483,0.01937272385924198,0.8677742462795333,COMPLETE
760,0.8847272727272727,2026-03-23 18:02:31.576798,2026-03-23 18:02:31.853798,0 days 00:00:00.277000,0.9880079690867661,1.4406310028169975,0.14525627452439985,8,1.1869203705570506,0.9388210351813286,0.0149016773780299,0.8785927248509106,COMPLETE
761,0.8860244379276637,2026-03-23 18:02:31.869672,2026-03-23 18:02:32.139245,0 days 00:00:00.269573,0.9805466125888058,1.54892441205234,0.16107898627031422,8,1.350234019622506,1.2189130394800614,0.022300785370682835,0.8655176545854019,COMPLETE
762,0.8818484848484849,2026-03-23 18:02:32.154387,2026-03-23 18:02:32.451073,0 days 00:00:00.296686,0.9863898029365267,1.3335244811260856,0.1460482513724733,8,2.0754657175193056,3.7160242022754417,0.012386337799987808,0.8735203203784099,COMPLETE
763,0.8853910068426197,2026-03-23 18:02:32.467067,2026-03-23 18:02:32.739789,0 days 00:00:00.272722,0.9749010909687709,1.6240723298848885,0.1355106375418548,8,2.9848835399779166,0.7905991825839133,0.016338756939431133,0.8616139507632573,COMPLETE
764,0.8845444770283479,2026-03-23 18:02:32.753304,2026-03-23 18:02:33.016355,0 days 00:00:00.263051,0.9878190684296798,1.4813734122741868,0.14912229938012672,8,1.491431671310519,0.40460498603382855,0.024290100083877615,0.8733370145277412,COMPLETE
765,0.8877673509286412,2026-03-23 18:02:33.030779,2026-03-23 18:02:33.291820,0 days 00:00:00.261041,0.9914730296413422,1.5914750039063505,0.1381561347401798,8,1.9321581714314,0.24795813639253822,0.01950351325978633,0.8514244186823069,COMPLETE
766,0.8863880742913002,2026-03-23 18:02:33.307734,2026-03-23 18:02:33.575940,0 days 00:00:00.268206,0.9951474804727451,1.535138815307166,0.1323684604045778,8,2.3208081897631914,0.2170754681117888,0.015909168795763137,0.8463014185220047,COMPLETE
767,0.888080156402737,2026-03-23 18:02:33.592069,2026-03-23 18:02:33.883351,0 days 00:00:00.291282,0.9899024199308807,1.6330333299444115,0.13636723413040702,8,1.3734091018002583,0.5165001654640724,0.019378269370522512,0.8495943710885269,COMPLETE
768,0.8876480938416421,2026-03-23 18:02:33.900376,2026-03-23 18:02:34.166083,0 days 00:00:00.265707,0.9950959500442721,1.6303463471894037,0.12765237429291929,8,2.040958569395488,0.9615777291785954,0.015012035167757723,0.8486952843453953,COMPLETE
769,0.885457478005865,2026-03-23 18:02:34.179327,2026-03-23 18:02:34.469732,0 days 00:00:00.290405,0.9975291977265988,1.576113158816324,0.12588971674171986,8,1.9518901874775487,0.9962924595653182,0.015236872980795783,0.8491677415625778,COMPLETE
770,0.8866119257087,2026-03-23 18:02:34.482522,2026-03-23 18:02:34.752127,0 days 00:00:00.269605,0.9999325212781734,1.6587780313207794,0.12653148596541086,8,1.731475752166734,0.6216805328012096,0.011743289463974026,0.8480545681112418,COMPLETE
771,0.8857741935483869,2026-03-23 18:02:34.768253,2026-03-23 18:02:35.048046,0 days 00:00:00.279793,0.993591540199408,1.389039512139529,0.12081049833930281,8,1.9869562671039205,0.6394219411940941,0.013557527178321791,0.8578637813083421,COMPLETE
772,0.8842776148582601,2026-03-23 18:02:35.065143,2026-03-23 18:02:35.366447,0 days 00:00:00.301304,0.9911853256656853,1.6420738471578538,0.1372829599580762,8,1.9161056107904675,0.5681944091645817,0.013417989810414366,0.8435781917935914,COMPLETE
773,0.8860430107526881,2026-03-23 18:02:35.381565,2026-03-23 18:02:35.683080,0 days 00:00:00.301515,0.9870525708209463,1.4442860441162673,0.12907429235043896,8,2.0877379770454216,1.823771060013812,0.01759111027615773,0.8536022443161527,COMPLETE
774,0.8870557184750734,2026-03-23 18:02:35.696477,2026-03-23 18:02:35.960147,0 days 00:00:00.263670,0.9924684792676703,1.5481361975103134,0.11549837322200056,8,2.1648303284814068,1.0237725889809486,0.014246062445765541,0.8837997559445037,COMPLETE
775,0.8872228739002933,2026-03-23 18:02:35.974147,2026-03-23 18:02:36.236159,0 days 00:00:00.262012,0.9994752588057194,1.6418989914236666,0.12374936051549262,8,1.918994858231133,0.42181526308519535,0.011693887818971458,0.8529273667467533,COMPLETE
776,0.8857683284457477,2026-03-23 18:02:36.253287,2026-03-23 18:02:36.537045,0 days 00:00:00.283758,0.984141013926783,1.5133461756362092,0.13450661787202853,8,2.025905009567471,0.5322108056414259,0.019362217608693215,0.8595032047705636,COMPLETE
777,0.8822101661779082,2026-03-23 18:02:36.552306,2026-03-23 18:02:36.879246,0 days 00:00:00.326940,0.9820912258494269,1.6480028262257462,0.11855639789831812,8,1.6347981069171555,2.373860592962809,0.01661321627913777,0.8787517596702451,COMPLETE
778,0.8836050830889539,2026-03-23 18:02:36.895204,2026-03-23 18:02:37.141553,0 days 00:00:00.246349,0.9876429506597038,1.3440626323777725,0.1408235850200539,8,1.8547601145309345,1.5490002619796792,0.018115929481236092,0.8453941792098087,COMPLETE
779,0.8833753665689148,2026-03-23 18:02:37.157100,2026-03-23 18:02:37.701432,0 days 00:00:00.544332,0.9930108319501196,1.4526308719034062,0.0200712302013531,8,1.471674584181142,0.8250208262159204,0.01401955404462027,0.8672487009854903,COMPLETE
780,0.8772199413489736,2026-03-23 18:02:37.717046,2026-03-23 18:02:37.995233,0 days 00:00:00.278187,0.9793807520374466,1.6477681677153524,0.12975662003048738,4,1.7993928599442508,0.3212198064320671,0.01118707790593021,0.6895665193059404,COMPLETE
781,0.8843088954056695,2026-03-23 18:02:38.011777,2026-03-23 18:02:38.282459,0 days 00:00:00.270682,0.9921543918950622,1.5313116795049628,0.11394221310913334,8,2.485782156013986,0.29533465411974924,0.010328673761675893,0.8916802370338621,COMPLETE
782,0.8849608993157381,2026-03-23 18:02:38.297329,2026-03-23 18:02:38.593238,0 days 00:00:00.295909,0.9989225419801777,1.6236111095385273,0.1825089905409482,8,1.6140746808049309,0.7511437647140147,0.01892707024178402,0.8549170244764713,COMPLETE
783,0.8859990224828934,2026-03-23 18:02:38.610069,2026-03-23 18:02:38.927486,0 days 00:00:00.317417,0.9835191605792969,1.6801842417964272,0.12307112668739406,8,1.8444518199290276,0.37653526997634634,0.019888138426241965,0.8426415092999061,COMPLETE
784,0.8857683284457478,2026-03-23 18:02:38.941940,2026-03-23 18:02:39.202325,0 days 00:00:00.260385,0.9776700094395581,1.2656364888175915,0.13777940183006418,8,2.0365068860413116,1.4175094030532167,0.016033919916221145,0.865564164882142,COMPLETE
785,0.8831720430107526,2026-03-23 18:02:39.218656,2026-03-23 18:02:39.902608,0 days 00:00:00.683952,0.987414172784873,1.3984114820712663,0.013268556401224282,8,1.7106021000838327,0.5505567148190316,0.013122209923576685,0.8815715692728942,COMPLETE
786,0.8842727272727273,2026-03-23 18:02:39.917694,2026-03-23 18:02:40.287905,0 days 00:00:00.370211,0.9763459032548161,1.5339228760312122,0.06622379394580705,8,1.7625390511701706,0.2916947081861825,0.020832876448097115,0.8380618898748153,COMPLETE
787,0.8853851417399805,2026-03-23 18:02:40.301421,2026-03-23 18:02:40.577181,0 days 00:00:00.275760,0.9995862330087292,1.7127032247797758,0.12782313314968685,8,1.837289318895947,0.20337219679682875,0.01701372843181665,0.8727704943302854,COMPLETE
788,0.8873782991202346,2026-03-23 18:02:40.592706,2026-03-23 18:02:40.869693,0 days 00:00:00.276987,0.9908951198301795,1.5889507871199737,0.14437789662498857,8,2.1304813592053744,0.18997736796510692,0.02118015792398376,0.851556750966894,COMPLETE
789,0.884930596285435,2026-03-23 18:02:40.885933,2026-03-23 18:02:41.224362,0 days 00:00:00.338429,0.9835118570862753,1.6677892159062742,0.11709623039834913,6,1.4080129464820978,0.8568804598274345,0.01797609422388972,0.8599582967018592,COMPLETE
790,0.8886774193548388,2026-03-23 18:02:41.241797,2026-03-23 18:02:41.510280,0 days 00:00:00.268483,0.9917400183654373,1.4701689313637052,0.16714061460133162,8,1.6168908491876217,0.44832221413128875,0.013699562436026753,0.8679145595191483,COMPLETE
791,0.8855131964809384,2026-03-23 18:02:41.526877,2026-03-23 18:02:41.793589,0 days 00:00:00.266712,0.9924200419179849,1.3033958780640231,0.17477144577173276,8,1.5245461466133627,0.4673707797210274,0.014817732337561952,0.8779831598405526,COMPLETE
792,0.8868084066471162,2026-03-23 18:02:41.808523,2026-03-23 18:02:42.088734,0 days 00:00:00.280211,0.999937445208483,1.4141785253459174,0.16735683565276357,8,1.6141971100645562,0.651676106821282,0.010282699953287623,0.8878986054630009,COMPLETE
793,0.8786089931573803,2026-03-23 18:02:42.104001,2026-03-23 18:02:42.371360,0 days 00:00:00.267359,0.9854671242281752,1.1873623513029576,0.19914279822262196,8,1.6435679922315294,6.1277502602291865,0.012588084148623417,0.8742242407965568,COMPLETE
794,0.8853743890518084,2026-03-23 18:02:42.386403,2026-03-23 18:02:42.656959,0 days 00:00:00.270556,0.9764940396312392,1.4947185344291896,0.17957335145669476,8,1.6988088700805033,0.3950614038690918,0.01338444243591241,0.8706736732355193,COMPLETE
795,0.8856158357771261,2026-03-23 18:02:42.672015,2026-03-23 18:02:42.930866,0 days 00:00:00.258851,0.988987446895096,1.4018816687611118,0.16711504062421847,8,1.820775996359879,0.2832377789736755,0.014413576071258115,0.8824240547927755,COMPLETE
796,0.8841476050830889,2026-03-23 18:02:42.945468,2026-03-23 18:02:43.242795,0 days 00:00:00.297327,0.9804340973592557,1.5362205020042068,0.1578520393669082,8,1.8929633394976217,1.8210185694395096,0.017101052869678907,0.8621847324047592,COMPLETE
797,0.8838651026392963,2026-03-23 18:02:43.256416,2026-03-23 18:02:43.537392,0 days 00:00:00.280976,0.9927752427163715,1.464783822272206,0.17999769112102268,8,1.9073105854972154,0.8971436263865435,0.012045527322482426,0.8653735152302131,COMPLETE
798,0.8853167155425221,2026-03-23 18:02:43.551169,2026-03-23 18:02:43.853943,0 days 00:00:00.302774,0.9834133438382927,1.5804064911166034,0.16495114574232494,7,1.7929780088201395,0.4361415133949777,0.015677582621371467,0.8947363771859963,COMPLETE
799,0.8803646138807428,2026-03-23 18:02:43.870876,2026-03-23 18:02:44.187443,0 days 00:00:00.316567,0.975955291194097,1.6966831534325797,0.15660530097920372,4,1.7737988651718548,0.18989202744212647,0.021038019171420338,0.8714475539388357,COMPLETE
800,0.8851779081133919,2026-03-23 18:02:44.203272,2026-03-23 18:02:44.502075,0 days 00:00:00.298803,0.9999548443251107,1.3166759139841215,0.16981598749952667,8,1.6938558572996765,0.25910668906190865,0.01793345378337425,0.8836234226662666,COMPLETE
801,0.8845884652981428,2026-03-23 18:02:44.516713,2026-03-23 18:02:44.785599,0 days 00:00:00.268886,0.9894417271895399,1.49200945320013,0.18180294680896025,8,1.599394211262404,0.6246218364611955,0.015088277171450743,0.8678300814698486,COMPLETE
802,0.8840840664711633,2026-03-23 18:02:44.799935,2026-03-23 18:02:45.186860,0 days 00:00:00.386925,0.974071845902888,1.5831864565099645,0.05783962389462767,8,1.5723182478535362,0.16631011630644618,0.022543876744610707,0.8584123703996894,COMPLETE
803,0.8831876832844575,2026-03-23 18:02:45.199872,2026-03-23 18:02:45.673343,0 days 00:00:00.473471,0.9923660795645675,1.6976241108757255,0.03657861139605089,8,1.7413581229032433,1.2245003065096358,0.019453606168722586,0.8790500355584331,COMPLETE
804,0.8835689149560118,2026-03-23 18:02:45.690213,2026-03-23 18:02:45.976185,0 days 00:00:00.285972,0.9821910104336092,1.422216316420691,0.15838458700250385,8,1.997885707688177,0.36262428772303096,0.023798536084098876,0.8649810142976001,COMPLETE
805,0.8836871945259042,2026-03-23 18:02:45.991629,2026-03-23 18:02:46.305845,0 days 00:00:00.314216,0.9851061355626574,1.6214610681204065,0.16277414941338944,8,1.8896142096121176,0.668472478394377,0.013290053115246465,0.874341715724733,COMPLETE
806,0.8841456500488759,2026-03-23 18:02:46.346241,2026-03-23 18:02:46.626812,0 days 00:00:00.280571,0.9923575147540241,1.699078794142331,0.1859741197367157,8,1.3972771200845504,0.2865102976439526,0.016128070658105044,0.8563864521357241,COMPLETE
807,0.882455522971652,2026-03-23 18:02:46.639439,2026-03-23 18:02:46.932572,0 days 00:00:00.293133,0.9727752938513377,1.5099894133078189,0.11053991419467271,8,1.5497177626022411,3.0318078235227444,0.020474261988454732,0.889545649801729,COMPLETE
808,0.8850791788856305,2026-03-23 18:02:46.949572,2026-03-23 18:02:47.262546,0 days 00:00:00.312974,0.9808787841838225,1.2936901874488762,0.14920713238988018,8,1.4347387100528302,0.16985924483886164,0.024771500272889095,0.8707413158385656,COMPLETE
809,0.885177908113392,2026-03-23 18:02:47.278291,2026-03-23 18:02:47.561782,0 days 00:00:00.283491,0.9923407851809903,1.734959202900173,0.17251224110022034,8,1.9087677230016193,0.5547851137154128,0.012029054294086666,0.8519358967279702,COMPLETE
810,0.8845591397849462,2026-03-23 18:02:47.572967,2026-03-23 18:02:48.426898,0 days 00:00:00.853931,0.9750483411732336,1.6000566273923953,0.015742013588486845,8,1.378200371641127,1.0419227801746234,0.010066010264501506,0.9013845644300481,COMPLETE
811,0.886008797653959,2026-03-23 18:02:48.441430,2026-03-23 18:02:48.729155,0 days 00:00:00.287725,0.9869237608918943,1.4857108976133977,0.1495747879387327,8,1.3005819986253855,0.4370672423680889,0.025003848761175927,0.8629139622315006,COMPLETE
812,0.8852678396871945,2026-03-23 18:02:48.744176,2026-03-23 18:02:49.029041,0 days 00:00:00.284865,0.9931561181485667,1.3655667070634043,0.11023252680505226,8,4.406028693157709,0.2217160018453196,0.017503512406215907,0.8790426173412847,COMPLETE
813,0.886090909090909,2026-03-23 18:02:49.043477,2026-03-23 18:02:49.314527,0 days 00:00:00.271050,0.9729812387457487,1.7339636836493615,0.1414950152686436,8,1.466813757931128,0.2883014098242006,0.020642708793146683,0.857754903562694,COMPLETE
814,0.8857174975562072,2026-03-23 18:02:49.330174,2026-03-23 18:02:49.573278,0 days 00:00:00.243104,0.7180515901005342,1.6049157673902963,0.19171144284973535,8,1.6571288610805692,0.15876749422596462,0.01483556794529004,0.8487083081910151,COMPLETE
815,0.8852844574780059,2026-03-23 18:02:49.588402,2026-03-23 18:02:49.870784,0 days 00:00:00.282382,0.9825618299888442,1.0996362552561838,0.11780516197772803,8,1.9991498478164986,0.39932816670099497,0.02599805422801364,0.8726323454013079,COMPLETE
816,0.8731104594330401,2026-03-23 18:02:49.886121,2026-03-23 18:02:50.133221,0 days 00:00:00.247100,0.9938930973679282,1.7341759729710513,0.05209478207028473,8,5.46652956277212,1.0068281327562898,0.01877072304078794,0.8873656200896716,COMPLETE
817,0.8842238514173999,2026-03-23 18:02:50.146093,2026-03-23 18:02:50.457193,0 days 00:00:00.311100,0.9995949499084159,1.477214579856252,0.15360445379854912,8,1.3455841979324643,0.24335271588401516,0.021163185150737347,0.8673066714535077,COMPLETE
818,0.8856422287390029,2026-03-23 18:02:50.469565,2026-03-23 18:02:50.777038,0 days 00:00:00.307473,0.9997032816120962,1.6375346160331004,0.12375436835814596,8,1.28277105235034,0.7114530368082463,0.016191903125388714,0.8579987567758954,COMPLETE
819,0.883366568914956,2026-03-23 18:02:50.792123,2026-03-23 18:02:51.085344,0 days 00:00:00.293221,0.8082336208350529,1.552754583144624,0.16723872206507098,8,1.7793348845619679,0.18011548685635062,0.023922735137596483,0.8442163214856305,COMPLETE
820,0.88669403714565,2026-03-23 18:02:51.100579,2026-03-23 18:02:51.395609,0 days 00:00:00.295030,0.9808844507135621,1.3781660881596094,0.10748730876719152,8,1.237632003029484,0.47285326275338874,0.01367055850895747,0.8801698376412395,COMPLETE
821,0.8865874877810361,2026-03-23 18:02:51.412363,2026-03-23 18:02:51.679608,0 days 00:00:00.267245,0.9727087865977064,1.7465876301544057,0.13303487385304902,8,1.283761042991313,0.29395406925810347,0.025666192679011376,0.864306302744525,COMPLETE
822,0.8845014662756598,2026-03-23 18:02:51.693033,2026-03-23 18:02:52.004022,0 days 00:00:00.310989,0.986564498208801,1.5895047777249187,0.11368618338762267,8,1.188450963662127,0.16875439351937802,0.018733726055288932,0.8519687036054264,COMPLETE
823,0.8848035190615836,2026-03-23 18:02:52.015852,2026-03-23 18:02:52.292470,0 days 00:00:00.276618,0.9709035287756549,1.7800648390339768,0.1468878982298208,8,1.4930346104596501,1.3801560494057188,1.9303264109243057,0.8738818461543022,COMPLETE
824,0.8848797653958945,2026-03-23 18:02:52.304436,2026-03-23 18:02:52.603341,0 days 00:00:00.298905,0.9802439272253304,1.4182228929014042,0.13918709581777935,8,1.875664942248786,1.56943765764731,0.020215295179722686,0.8361062365418247,COMPLETE
825,0.8852678396871945,2026-03-23 18:02:52.619264,2026-03-23 18:02:52.898338,0 days 00:00:00.279074,0.9883322566078382,1.6352317656669375,0.1582037199639036,8,2.2645349215579604,0.4499398782343709,0.025930686109317952,0.8603489081754305,COMPLETE
826,0.886793743890518,2026-03-23 18:02:52.914000,2026-03-23 18:02:53.206843,0 days 00:00:00.292843,0.9920048237994977,1.6772362614736929,0.12344084592810924,8,1.1703070481620446,0.14260080790366275,0.015174676561373935,0.8932592063701605,COMPLETE
827,0.8871427174975562,2026-03-23 18:02:53.223726,2026-03-23 18:02:53.527453,0 days 00:00:00.303727,0.9758705875299671,1.2022655639520827,0.13082744384834877,8,1.3807981095999864,0.6840882108537142,0.022179272892773275,0.8501644381215594,COMPLETE
828,0.8826383186705768,2026-03-23 18:02:53.544130,2026-03-23 18:02:53.940682,0 days 00:00:00.396552,0.9850316130687363,1.5251355521592944,0.04052719782697176,8,1.681851874646933,0.20074097915540923,0.01724318421269528,0.8653768835126354,COMPLETE
829,0.8852570869990225,2026-03-23 18:02:53.955946,2026-03-23 18:02:54.246425,0 days 00:00:00.290479,0.9934804409386401,1.7886442699523704,0.11441209326973935,8,1.237651820661282,0.25920194129405744,0.0133223889672009,0.8840179334973759,COMPLETE
830,0.8849061583577712,2026-03-23 18:02:54.259621,2026-03-23 18:02:54.509260,0 days 00:00:00.249639,0.9694662556905822,1.4697665132442768,0.17338272554267994,8,1.1811066094128118,0.40086422471734817,0.0255373724769537,0.841757431383749,COMPLETE
831,0.8857468230694037,2026-03-23 18:02:54.523932,2026-03-23 18:02:54.839339,0 days 00:00:00.315407,0.9799351117087437,1.7372040796445998,0.10455553306097509,8,1.3106423805853256,0.9431127353809935,0.021514616897921914,0.8716706677921816,COMPLETE
832,0.8844652981427176,2026-03-23 18:02:54.854048,2026-03-23 18:02:55.131177,0 days 00:00:00.277129,0.9858792983130624,3.8713768617243582,0.12199895509180989,8,3.967484198444396,0.15352178946301187,0.01746062324186895,0.856350156815433,COMPLETE
833,0.8840469208211144,2026-03-23 18:02:55.144510,2026-03-23 18:02:55.433038,0 days 00:00:00.288528,0.9989941293147133,1.3171298318027127,0.1410485564198774,8,1.2502454639458256,0.26480379290947714,0.011705366755491445,0.878377130921719,COMPLETE
834,0.8879374389051808,2026-03-23 18:02:55.446784,2026-03-23 18:02:53.740019,-1 days +23:59:58.293235,0.9709274101410065,1.5705860208795868,0.15417775681118293,8,1.1569720197261109,0.6827797608008641,0.02573418011438826,0.8654255726163645,COMPLETE
835,0.8838162267839687,2026-03-23 18:02:53.754906,2026-03-23 18:02:54.031583,0 days 00:00:00.276677,0.9692431348167879,1.6543203551321113,0.16601910765836606,7,4.688133082802966,1.0702053803581015,0.025998648936012513,0.8472693493651584,COMPLETE
836,0.882217008797654,2026-03-23 18:02:54.046385,2026-03-23 18:02:54.362293,0 days 00:00:00.315908,0.9715761859347318,1.7890133482791306,0.16375417278266446,8,1.1454754811730294,1.8846089666513473,0.028076020272786634,0.6537720239843965,COMPLETE
837,0.8866001955034214,2026-03-23 18:02:54.377429,2026-03-23 18:02:54.645333,0 days 00:00:00.267904,0.9695306551692886,1.5827979015646811,0.15836774546651636,8,1.1596004378234404,0.6592686534683077,0.026161558702064356,0.8582166610977097,COMPLETE
838,0.8786911045943304,2026-03-23 18:02:54.660468,2026-03-23 18:02:55.032925,0 days 00:00:00.372457,0.9769099063433807,1.6614945417052356,0.04725569019533652,8,6.156861742822011,0.6678893247986156,0.02010773420324531,0.8354164722296284,COMPLETE
839,0.8824076246334311,2026-03-23 18:02:55.045375,2026-03-23 18:02:55.371702,0 days 00:00:00.326327,0.9776979101299165,1.8089377800769584,0.15109944476920886,8,1.1628359759995002,2.679209306476598,0.016303483459055246,0.8640981859113853,COMPLETE
840,0.8860234604105572,2026-03-23 18:02:55.383951,2026-03-23 18:02:55.657036,0 days 00:00:00.273085,0.9998388923036611,1.6963908036724848,0.17797920497688507,8,1.1416826784812613,1.8029509383101936,0.022631776842764927,0.8550061329506607,COMPLETE
841,0.8838846529814273,2026-03-23 18:02:55.673210,2026-03-23 18:02:56.018290,0 days 00:00:00.345080,0.9686495258164864,1.5655955963674053,0.15497586950717396,8,1.8107589407640514,0.9506195746348074,0.026478536002214562,0.8456527516540213,COMPLETE
842,0.8821290322580644,2026-03-23 18:02:56.034735,2026-03-23 18:02:56.290109,0 days 00:00:00.255374,0.6032448390585601,1.7671985856882164,0.1880206920255879,8,2.1320943420349265,0.5784747127417389,0.013379689895659333,0.8643576065819287,COMPLETE
843,0.8844408602150539,2026-03-23 18:02:56.308949,2026-03-23 18:02:56.573648,0 days 00:00:00.264699,0.9844246755387419,1.4394746901011615,0.17175133829747607,8,1.18665562193801,0.42568777412550657,0.018658058031648665,0.8494861074998189,COMPLETE
844,0.8843675464320626,2026-03-23 18:02:56.589703,2026-03-23 18:02:56.878636,0 days 00:00:00.288933,0.991592125361167,1.624543341171066,0.1513083765230941,8,1.9923489995071342,1.1174777942536254,0.02804048548601664,0.8554430627268607,COMPLETE
845,0.8829550342130987,2026-03-23 18:02:56.892627,2026-03-23 18:02:57.136942,0 days 00:00:00.244315,0.9757638003384308,1.838843281020723,0.1607358979079348,8,1.1300580208699604,0.0004099297006638895,0.01541786842150271,0.8386171790023264,COMPLETE
846,0.8864477028347997,2026-03-23 18:02:57.152465,2026-03-23 18:02:57.405330,0 days 00:00:00.252865,0.9669242144338073,1.5485360288745973,0.14564200991550258,8,1.5913110063136946,0.572129469103394,0.021722118492778143,0.8661770659142425,COMPLETE
847,0.8839159335288368,2026-03-23 18:02:57.420745,2026-03-23 18:02:57.678938,0 days 00:00:00.258193,0.9890449733226205,1.7064421463079564,0.14830589908490982,8,1.1301825862742498,0.3214021157919393,0.010110164117705881,0.879794838233578,COMPLETE
848,0.886711632453568,2026-03-23 18:02:57.694824,2026-03-23 18:02:57.977401,0 days 00:00:00.282577,0.9823764397666714,1.7250614128326165,0.15720379172656426,8,1.204466420641045,0.7292326734430085,0.018503188175278795,0.8597099821289556,COMPLETE
849,0.8862825024437928,2026-03-23 18:02:57.992747,2026-03-23 18:02:58.274836,0 days 00:00:00.282089,0.9931355295638394,1.5397831062738752,0.17249419830078097,8,1.1257840025463857,0.37409735280089135,0.02754982380007198,0.8505497333253814,COMPLETE
850,0.8846392961876832,2026-03-23 18:02:58.291183,2026-03-23 18:02:58.566607,0 days 00:00:00.275424,0.651165039466306,1.8462186625711277,0.1107677750900552,8,1.1953675988223533,0.445419925198987,0.021879357945539205,0.8723974804514278,COMPLETE
851,0.8834242424242423,2026-03-23 18:02:58.582106,2026-03-23 18:02:58.860852,0 days 00:00:00.278746,0.7969940648489856,1.4063084085368769,0.1365702984622914,6,1.2659105710202647,1.4607798496834246,0.01192156569177123,0.8890379764699151,COMPLETE
852,0.8855249266862171,2026-03-23 18:02:58.876685,2026-03-23 18:02:59.148435,0 days 00:00:00.271750,0.9778041365709826,1.6648628281256823,0.14334083243246717,8,1.0921225131764691,0.8898046585123836,0.01664187345712169,0.8428249028200422,COMPLETE
853,0.8848260019550342,2026-03-23 18:02:59.164133,2026-03-23 18:02:59.511950,0 days 00:00:00.347817,0.9678528888809051,1.6070706832919606,0.10643254533217016,8,1.7100932171157888,0.13696656022945336,0.02731797750264095,0.8315007541157261,COMPLETE
854,0.875347018572825,2026-03-23 18:02:59.526904,2026-03-23 18:02:59.789622,0 days 00:00:00.262718,0.9872028530317103,4.711087065664345,0.1621621932156629,8,2.8992422004691343,4.386241320968233,0.02271694836524665,0.8682765986088921,COMPLETE
855,0.8838866080156402,2026-03-23 18:02:59.806291,2026-03-23 18:03:00.076871,0 days 00:00:00.270580,0.8817444360769388,1.7848460511355675,0.1923220365123353,8,1.943172525074241,0.28583296642588546,0.01904993834884402,0.8592327072646938,COMPLETE
856,0.8874428152492668,2026-03-23 18:03:00.090251,2026-03-23 18:03:00.382393,0 days 00:00:00.292142,0.9785590195841343,1.860687651946202,0.11732529368292832,8,1.1397915083002457,0.40713186971661264,0.013413567044741547,0.8981299303210116,COMPLETE
857,0.8829560117302052,2026-03-23 18:03:00.396919,2026-03-23 18:03:00.662026,0 days 00:00:00.265107,0.9902422959734469,1.506310493333813,0.1500708456815642,8,1.2891124317382372,0.5923143742078538,0.028186326226185554,0.7030346924997116,COMPLETE
858,0.8852375366568915,2026-03-23 18:03:00.676626,2026-03-23 18:03:00.955621,0 days 00:00:00.278995,0.9692298860855328,1.6960949037998134,0.1791162446040957,5,1.2038171904329462,0.25290879914507264,0.014882367276213882,0.8765413851330005,COMPLETE
859,0.883019550342131,2026-03-23 18:03:00.970381,2026-03-23 18:03:01.302456,0 days 00:00:00.332075,0.9930058467078021,1.3533261218340742,0.10020909386397908,8,1.3503738429194192,0.1268622791680901,0.023398510960803195,0.8539564077013726,COMPLETE
860,0.8859726295210166,2026-03-23 18:03:01.318527,2026-03-23 18:03:01.601931,0 days 00:00:00.283404,0.9814918891627347,1.5797676269288299,0.13765556290197178,8,1.1047625555033753,0.8536150555727513,0.01907950069411323,0.8634647507512214,COMPLETE
861,0.8837653958944283,2026-03-23 18:03:01.617259,2026-03-23 18:03:01.892920,0 days 00:00:00.275661,0.9988912827778604,1.76053072835998,0.16547878861759793,8,1.1502551901604763,1.7284631260213195e-06,0.02891882109521256,0.8469459620414727,COMPLETE
862,0.8868709677419354,2026-03-23 18:03:01.907569,2026-03-23 18:03:02.211264,0 days 00:00:00.303695,0.9994742838798905,1.4423528619608927,0.1102664331758526,8,1.2391763514923837,1.5514258357729143,0.01560025646551906,0.8682602711645688,COMPLETE
863,0.8854887585532748,2026-03-23 18:03:02.226336,2026-03-23 18:03:02.531279,0 days 00:00:00.304943,0.9754169483424884,1.2535199832634345,0.11899812989676195,8,1.0844794984123483,0.5322720964179648,0.024215012830885178,0.8825345059511212,COMPLETE
864,0.8840420332355816,2026-03-23 18:03:02.548534,2026-03-23 18:03:02.825130,0 days 00:00:00.276596,0.966543271509408,1.5739100428238884,0.14392365134879417,8,1.4988858079633547,0.14848891542113968,0.019696245331818744,0.8399961652217045,COMPLETE
865,0.8844780058651027,2026-03-23 18:03:02.842111,2026-03-23 18:03:03.168817,0 days 00:00:00.326706,0.9875769685281455,1.6470043973380049,0.1296356235599511,8,1.868602954372837,0.22436253608292475,0.028975476705926855,0.8564504412562852,COMPLETE
866,0.8858406647116325,2026-03-23 18:03:03.184224,2026-03-23 18:03:03.454792,0 days 00:00:00.270568,0.9827370287508042,1.8820101865698362,0.10508153996283498,8,1.1763272541021128,0.35043701186507603,0.017191682107416947,0.8743662754747192,COMPLETE
867,0.8869970674486805,2026-03-23 18:03:03.471934,2026-03-23 18:03:03.756871,0 days 00:00:00.284937,0.9737466653515756,1.4757283952652545,0.15656305717317995,8,1.0863507148143405,0.1300451311160341,0.022898077016405945,0.8507560358860825,COMPLETE
868,0.8872785923753665,2026-03-23 18:03:03.772188,2026-03-23 18:03:04.067944,0 days 00:00:00.295756,0.984142044407462,1.8083530146541842,0.13612943982049155,8,1.131915753780228,0.9973211902918535,0.012048018608767546,0.8868942686270673,COMPLETE
869,0.8847976539589443,2026-03-23 18:03:04.083653,2026-03-23 18:03:04.376447,0 days 00:00:00.292794,0.9926966636088037,1.716519007659372,0.11313196599683535,8,1.4319527430230283,2.3248364830854955,0.029878300488174497,0.862760123491999,COMPLETE
870,0.88527761485826,2026-03-23 18:03:04.394130,2026-03-23 18:03:04.693230,0 days 00:00:00.299100,0.9669519477576737,1.626603221714561,0.17017670520682135,8,1.301227901518158,0.5555919517795418,0.41253621337191926,0.8319035517345887,COMPLETE
871,0.8844291300097751,2026-03-23 18:03:04.708899,2026-03-23 18:03:04.995945,0 days 00:00:00.287046,0.9927725570360194,1.8561271200723584,0.12280879500000676,8,1.214891255447909,0.2947841830724837,0.015145979518865432,0.8700358741293264,COMPLETE
872,0.8821808406647116,2026-03-23 18:03:05.010725,2026-03-23 18:03:05.304127,0 days 00:00:00.293402,0.7803275394244527,1.369140647080634,0.15164339467219445,8,1.041253895525801,0.19186961947683978,0.020934019228592463,0.8216552166654774,COMPLETE
873,0.885702834799609,2026-03-23 18:03:05.320637,2026-03-23 18:03:05.593482,0 days 00:00:00.272845,0.9776923300133262,1.5283494790039514,0.13013320171552303,8,1.0975171378225597,0.41853506003999463,0.024983505747161266,0.8454512066060508,COMPLETE
874,0.8799208211143694,2026-03-23 18:03:05.609825,2026-03-23 18:03:05.995563,0 days 00:00:00.385738,0.9865817322456824,1.717345871467104,0.02616142884660768,8,1.166557463492562,0.8041093031074692,0.01773838063488643,0.8597220332148143,COMPLETE
875,0.88313880742913,2026-03-23 18:03:06.010709,2026-03-23 18:03:06.293529,0 days 00:00:00.282820,0.8393748721225536,1.9681416780159937,0.1048559998509142,8,1.0381693562072083,0.00035141928526719854,0.029943526444745718,0.8797058589240347,COMPLETE
876,0.8806285434995113,2026-03-23 18:03:06.310293,2026-03-23 18:03:06.597333,0 days 00:00:00.287040,0.9649648817557493,0.030087002652624317,0.18322552969194225,8,1.2507209574439189,0.11488488209537695,0.01375013644155723,0.8937125524686068,COMPLETE
877,0.883405669599218,2026-03-23 18:03:06.613025,2026-03-23 18:03:06.937064,0 days 00:00:00.324039,0.9731863494975238,1.4398917681551178,0.1426713056622046,7,1.754129015446976,0.2512224637116012,0.5246505125251895,0.8529364511309199,COMPLETE
878,0.8853538611925709,2026-03-23 18:03:06.949621,2026-03-23 18:03:07.233271,0 days 00:00:00.283650,0.9803311214168234,1.8174037014373798,0.11783872135340344,8,1.588206100168343,1.3377819513935448e-07,0.023747700928912055,0.867787925995442,COMPLETE
879,0.8844193548387097,2026-03-23 18:03:07.250068,2026-03-23 18:03:07.561368,0 days 00:00:00.311300,0.999710542450443,1.6078773424479331,0.09767522492790665,8,1.0019613522584783,0.5092448036680219,0.020674929655281796,0.8374869768825796,COMPLETE
880,0.8877565982404692,2026-03-23 18:03:07.577757,2026-03-23 18:03:07.896056,0 days 00:00:00.318299,0.9998344923310181,1.7293373316921778,0.12544011508645417,8,1.1071653544583338,0.1691219592135847,0.030518643495402648,0.8738224714744014,COMPLETE
881,0.8834389051808408,2026-03-23 18:03:07.911398,2026-03-23 18:03:08.188659,0 days 00:00:00.277261,0.9930572202045593,1.6615681928493333,0.13322027661507965,8,6.83431446631637,0.19749371543493854,0.031986273082473836,0.8584474798691081,COMPLETE
882,0.8855904203323558,2026-03-23 18:03:08.205577,2026-03-23 18:03:08.512568,0 days 00:00:00.306991,0.998619333565634,1.5236544819345703,0.1279483847554882,8,1.1837446271990575,1.3861879266324946,0.030334920414676895,0.8778456716479938,COMPLETE
883,0.8861837732160314,2026-03-23 18:03:08.527842,2026-03-23 18:03:08.789298,0 days 00:00:00.261456,0.9921803357118523,1.7070477320449318,0.14222711549382278,8,1.231147347006006,0.34529310996921797,0.011700955987427854,0.843696125197903,COMPLETE
884,0.8840136852394916,2026-03-23 18:03:08.802544,2026-03-23 18:03:09.102926,0 days 00:00:00.300382,0.6328568513391003,1.5619515855322552,0.13361236707622426,8,1.1499382635138276,0.24010933304224172,0.017454505627949618,0.9026393671112769,COMPLETE
885,0.8862189638318672,2026-03-23 18:03:09.115709,2026-03-23 18:03:09.382139,0 days 00:00:00.266430,0.9997813212575833,1.7519683713254968,0.12708504363794543,8,1.3678570467660398,0.7355488692171646,0.02583763837542001,0.8658085195052341,COMPLETE
886,0.8849335288367546,2026-03-23 18:03:09.398705,2026-03-23 18:03:09.678712,0 days 00:00:00.280007,0.9866592787139297,1.6423659653202838,0.14659712197967223,8,1.2034230357313178,6.988759627429565e-06,0.015104863840807527,0.8530636379692247,COMPLETE
887,0.885939393939394,2026-03-23 18:03:09.695078,2026-03-23 18:03:09.943116,0 days 00:00:00.248038,0.9914898569017792,1.4603940039831085,0.15765272199898286,8,1.2903566929402468,0.38475569513584096,0.020664564376476093,0.8845958990779799,COMPLETE
888,0.8857350928641252,2026-03-23 18:03:09.959128,2026-03-23 18:03:10.226965,0 days 00:00:00.267837,0.9992559126788759,1.328284469059259,0.12203335255326087,8,1.1305916873331847,0.48722588505506703,0.03127635285485338,0.8709242191496204,COMPLETE
889,0.8857790811339198,2026-03-23 18:03:10.240561,2026-03-23 18:03:10.487516,0 days 00:00:00.246955,0.9857233715485662,1.745051058563165,0.1364590352316693,8,1.1723990795774903,0.16782673049504027,0.025307540840729295,0.8623154487577733,COMPLETE
890,0.8851915933528836,2026-03-23 18:03:10.504424,2026-03-23 18:03:10.756243,0 days 00:00:00.251819,0.9856850510317615,1.5579262641820117,0.1664364488261347,8,1.1168654466154104,1.1792613654882074,0.017537817388436645,0.8491225671538063,COMPLETE
891,0.886329423264907,2026-03-23 18:03:10.771526,2026-03-23 18:03:11.069186,0 days 00:00:00.297660,0.9931548650394334,1.653719876339962,0.1242886237376758,8,2.079380042141521,0.3222076177503082,0.7557117411776715,0.8338305238789324,COMPLETE
892,0.8799618768328445,2026-03-23 18:03:11.084899,2026-03-23 18:03:11.357646,0 days 00:00:00.272747,0.979332271593232,1.7737982700524482,0.15232770209285165,8,7.820396370287626,0.14957303794018292,0.0228547231802553,0.8772951473075199,COMPLETE
893,0.8826705767350929,2026-03-23 18:03:11.372708,2026-03-23 18:03:11.645303,0 days 00:00:00.272595,0.9919204166934085,1.4460198188187139,0.14356866486397352,8,2.6247411703295156,0.000582921651893865,0.013583021933805381,0.8576182280656568,COMPLETE
894,0.8850156402737048,2026-03-23 18:03:11.657816,2026-03-23 18:03:11.924287,0 days 00:00:00.266471,0.9791163977893593,1.819895948494295,0.13477098144024632,8,1.2386664803603267,0.60532400240218,0.03163449775642226,0.8914670729020636,COMPLETE
895,0.8771925708699903,2026-03-23 18:03:11.940030,2026-03-23 18:03:12.262920,0 days 00:00:00.322890,0.9991556797419838,1.6105966492914872,0.017974698256072445,8,1.0999189643032923,0.2433571116544334,0.026715216155977047,0.8426966776404705,COMPLETE
896,0.8836412512218963,2026-03-23 18:03:12.277787,2026-03-23 18:03:12.547712,0 days 00:00:00.269925,0.9871913827017109,1.5137938232987225,0.17780834988085956,8,1.1751019854500273,0.10982996123209578,0.017461041978795486,0.7758850647149859,COMPLETE
897,0.8864330400782013,2026-03-23 18:03:12.560942,2026-03-23 18:03:12.857537,0 days 00:00:00.296595,0.9754590568987849,1.2753887786656226,0.12503291340313485,8,1.3206033363058092,0.8537201135615555,0.021856210612516663,0.8667069580962601,COMPLETE
898,0.8854144672531769,2026-03-23 18:03:12.873762,2026-03-23 18:03:13.183598,0 days 00:00:00.309836,0.9862709194956554,1.8684470926985637,0.1611652239272679,8,1.108556030969707,1.8435304721747983,0.020146665011735832,0.8522683984609355,COMPLETE
899,0.8806539589442816,2026-03-23 18:03:13.196978,2026-03-23 18:03:13.454484,0 days 00:00:00.257506,0.9721121481102851,1.6903218211555187,0.19897271155031082,7,1.8453400050868891,0.46223597538559125,0.030661198564735283,0.8257612322715773,COMPLETE
900,0.8848269794721407,2026-03-23 18:03:13.469762,2026-03-23 18:03:13.776908,0 days 00:00:00.307146,0.9927487900551925,1.380593556324498,0.11665045281502756,8,1.6728464969188166,0.18602922248902792,0.015350434957353123,0.8727251876554178,COMPLETE
901,0.884030303030303,2026-03-23 18:03:13.792696,2026-03-23 18:03:14.140496,0 days 00:00:00.347800,0.9804305791009302,0.33400727663874763,0.07092841503956321,8,1.2311253926171495,0.2846105578516636,0.026259985353284273,0.8603448331903603,COMPLETE
902,0.885902248289345,2026-03-23 18:03:14.157486,2026-03-23 18:03:14.434205,0 days 00:00:00.276719,0.9847720233088355,1.6104653853813664,0.14045240511738902,8,1.1695927657958214,0.6117750806651543,0.03190505821290776,0.8816699366918497,COMPLETE
903,0.886197458455523,2026-03-23 18:03:14.449283,2026-03-23 18:03:14.734256,0 days 00:00:00.284973,0.9927453619163926,1.7243673275980516,0.1505013051307759,8,1.0832739753045764,0.10787736882619264,0.011569307327704653,0.8461102808029494,COMPLETE
904,0.8891329423264906,2026-03-23 18:03:14.749614,2026-03-23 18:03:15.036541,0 days 00:00:00.286927,0.9723170466871026,1.4903579005080725,0.13115937946754905,8,1.1312893786779128,1.0272442883020745,0.020991984247086915,0.8646375392247905,COMPLETE
905,0.8832600195503422,2026-03-23 18:03:15.054458,2026-03-23 18:03:15.334619,0 days 00:00:00.280161,0.7355352722331839,1.9025641127258677,0.13150037901030256,8,1.1343883162752824,1.1391278435512124,0.02473945959399452,0.8563231474644498,COMPLETE
906,0.879256109481916,2026-03-23 18:03:15.349624,2026-03-23 18:03:15.644165,0 days 00:00:00.294541,0.9686721206977728,4.131127544831237,0.13899491394212007,8,1.2490945041862207,2.378635149334775,0.02765454661661764,0.8383690833847935,COMPLETE
907,0.8853998044965786,2026-03-23 18:03:15.659349,2026-03-23 18:03:15.970137,0 days 00:00:00.310788,0.9651955780695282,1.5547374152216784,0.1367931542511108,8,1.1840282913583393,1.5273455409908345,0.02259988523764825,0.8491330997095312,COMPLETE
908,0.8781818181818182,2026-03-23 18:03:15.985555,2026-03-23 18:03:16.337301,0 days 00:00:00.351746,0.9730981669471596,0.8096753696335959,0.14545461215248098,5,2.558544546019916,4.108718290481011,0.03450875296932807,0.6251833892843233,COMPLETE
909,0.8851769305962854,2026-03-23 18:03:16.353127,2026-03-23 18:03:16.621904,0 days 00:00:00.268777,0.9675537898243604,1.8110655667414515,0.1547964583212907,8,1.099520547102829,1.1433574525166985,0.020674084112314996,0.8629252192246559,COMPLETE
910,0.8805415444770284,2026-03-23 18:03:16.638432,2026-03-23 18:03:16.922524,0 days 00:00:00.284092,0.9747768711672982,1.7172127497334067,0.12925878431056032,8,2.331613107078414,1.5505933524556708,8.516329122347429,0.8741086850213989,COMPLETE
911,0.8842111436950146,2026-03-23 18:03:16.940320,2026-03-23 18:03:17.227246,0 days 00:00:00.286926,0.9635434572402349,1.6474634054911588,0.16364693242950235,8,1.2801138186248044,2.788711042953213,0.027566829312449817,0.8542000498016419,COMPLETE
912,0.8849188660801565,2026-03-23 18:03:17.243139,2026-03-23 18:03:17.518948,0 days 00:00:00.275809,0.9773649686756946,1.5302151529088754,0.1479543008517154,8,2.4392637329169267,0.8583511301595259,0.03286527191138965,0.8871392708315706,COMPLETE
913,0.8863988269794721,2026-03-23 18:03:17.534950,2026-03-23 18:03:17.839406,0 days 00:00:00.304456,0.9646835615651042,1.8595711022643258,0.13417558958775383,8,1.1533742430727802,0.7884640748869771,0.0197042782642347,0.830834312609088,COMPLETE
914,0.8807282502443794,2026-03-23 18:03:17.855967,2026-03-23 18:03:18.206535,0 days 00:00:00.350568,0.9800835872011938,1.765684002060752,0.12648834802764825,3,1.0674323089338702,1.193901628037501,0.0234921005015235,0.8678015288944653,COMPLETE
915,0.8844193548387098,2026-03-23 18:03:18.223249,2026-03-23 18:03:18.508425,0 days 00:00:00.285176,0.9711749523431651,1.6130975031941852,0.1733907418277116,8,1.3892802450918442,0.7891142998630285,0.02744505443300537,0.8407950369512612,COMPLETE
916,0.8846705767350929,2026-03-23 18:03:18.526864,2026-03-23 18:03:18.813523,0 days 00:00:00.286659,0.9819358206895246,1.968931769328297,0.1382383207699955,8,1.2076741912868825,1.6657438974427312,0.03286702773252396,0.8601453551948953,COMPLETE
917,0.8848934506353862,2026-03-23 18:03:18.829284,2026-03-23 18:03:19.142523,0 days 00:00:00.313239,0.6751215211582987,1.4110028367054457,0.15764192488992904,8,1.1112709856321277,0.49468451429170307,0.019493631795599885,0.8746570047883915,COMPLETE
918,0.8852023460410557,2026-03-23 18:03:19.157859,2026-03-23 18:03:19.458150,0 days 00:00:00.300291,0.9635208803443657,1.6814977796295099,0.14796142086018846,8,2.7838691914961027,0.7095989170149123,0.02567924759641663,0.8979195398696832,COMPLETE
919,0.885843597262952,2026-03-23 18:03:19.475728,2026-03-23 18:03:19.759784,0 days 00:00:00.284056,0.9744753703394164,1.5470673001679374,0.1867325432592866,8,1.1571417233374366,0.00024286463844585646,0.02273965292865609,0.8483730744922517,COMPLETE
920,0.8837546432062561,2026-03-23 18:03:19.775954,2026-03-23 18:03:20.095882,0 days 00:00:00.319928,0.9848490037683786,1.8035229170944316,0.12335494606280183,8,1.066379023210183,2.246456282898989,0.0342347350501938,0.885749984224378,COMPLETE
921,0.8790635386119258,2026-03-23 18:03:20.112552,2026-03-23 18:03:20.447165,0 days 00:00:00.334613,0.9722037939696533,1.500394012792728,0.022957815638143274,8,1.2974591284846062,0.10667183384075792,4.4630686748636395,0.8625330164583114,COMPLETE
922,0.8819579667644184,2026-03-23 18:03:20.463745,2026-03-23 18:03:20.748838,0 days 00:00:00.285093,0.9850272153360988,1.928338255426369,0.13210314984980182,6,1.2145082398433282,0.5247495142585916,0.015033598979780023,0.8148464384537117,COMPLETE
923,0.8843714565004888,2026-03-23 18:03:20.765044,2026-03-23 18:03:21.028827,0 days 00:00:00.263783,0.9784527404051396,1.2001891470125947,0.17020536275001003,8,1.105826542715103,1.0814363070162694,0.017855114698931935,0.853958718212256,COMPLETE
924,0.8835347018572824,2026-03-23 18:03:21.045285,2026-03-23 18:03:21.331753,0 days 00:00:00.286468,0.9907211091117151,1.6684249514149019,0.14169725130016517,8,1.1469838438575228,0.1553442946628045,0.02747912535770285,0.877543300700905,COMPLETE
925,0.8872502443792766,2026-03-23 18:03:21.347871,2026-03-23 18:03:21.622308,0 days 00:00:00.274437,0.9630816341818196,1.7665261811018609,0.12121164242938062,8,1.0575013440225862,0.36842798633180923,0.021865012497358813,0.8688324178322346,COMPLETE
926,0.8834056695992181,2026-03-23 18:03:21.638000,2026-03-23 18:03:21.914130,0 days 00:00:00.276130,0.9999980646521336,1.3817002533477931,0.1550956748461295,8,1.2079829716191746,0.657543969269525,0.03237553503736175,0.8362990984286257,COMPLETE
927,0.8839286412512217,2026-03-23 18:03:21.931168,2026-03-23 18:03:22.451366,0 days 00:00:00.520198,0.9999957242040075,2.017324378988492,0.028911547261973106,8,1.3394477605487936,1.0752234075911251,0.14528791068677038,0.8021806062874222,COMPLETE
928,0.8864213098729228,2026-03-23 18:03:22.465025,2026-03-23 18:03:22.727316,0 days 00:00:00.262291,0.9814474958596624,1.5984645147810495,0.1320449173115747,8,1.0821803690076173,4.629675031217306e-07,0.01302630066403413,0.8464701580373779,COMPLETE
929,0.8862267839687195,2026-03-23 18:03:22.744191,2026-03-23 18:03:23.010062,0 days 00:00:00.265871,0.9731738035058121,1.8835767206011034,0.14370242711972525,8,1.1587536979123911,0.20561993523840197,0.01964409788764788,0.8598952761564724,COMPLETE
930,0.8856754643206257,2026-03-23 18:03:23.026467,2026-03-23 18:03:23.305841,0 days 00:00:00.279374,0.9879716159534688,1.7173322362593137,0.11403772870890115,8,1.2609801589853165,0.09046274065013371,0.01614645444106228,0.8712300023909324,COMPLETE
931,0.8828963831867058,2026-03-23 18:03:23.323429,2026-03-23 18:03:23.633758,0 days 00:00:00.310329,0.8306324507649551,1.470413752541703,0.12681869706074275,8,1.0454653405673617,0.35816476388339985,0.028661491914446446,0.8813092423974735,COMPLETE
932,0.886108504398827,2026-03-23 18:03:23.649238,2026-03-23 18:03:23.928501,0 days 00:00:00.279263,0.9669667746670852,1.5846980929798515,0.16147906967952796,8,1.1217241458124734,0.00010977343679771412,0.023803104981265113,0.8539335500297204,COMPLETE
933,0.8884799608993157,2026-03-23 18:03:23.944560,2026-03-23 18:03:24.233908,0 days 00:00:00.289348,0.9801229543202614,1.8489114990617246,0.11912456922861095,8,1.1813042395261633,0.08968674795677549,0.03143434068482247,0.842687430411995,COMPLETE
934,0.8869120234604104,2026-03-23 18:03:24.249708,2026-03-23 18:03:24.541445,0 days 00:00:00.291737,0.9625089137075443,2.041382136837985,0.1115459734681693,8,1.2172356918209368,0.09004018746848162,0.03391553485801131,0.8249953323218848,COMPLETE
935,0.8847888563049853,2026-03-23 18:03:24.558692,2026-03-23 18:03:24.877217,0 days 00:00:00.318525,0.9722783604210862,1.9092524731760585,0.11713686036178401,8,1.2538945932255547,0.1332958537286662,0.0356856723952748,0.8379328059347584,COMPLETE
936,0.8862355816226783,2026-03-23 18:03:24.892179,2026-03-23 18:03:25.169935,0 days 00:00:00.277756,0.977848560220288,1.9503217779783169,0.10964012197390359,8,1.1685756995635554,0.09954297514745958,0.02880735357586475,0.834246380896808,COMPLETE
937,0.8827595307917888,2026-03-23 18:03:25.185645,2026-03-23 18:03:25.438636,0 days 00:00:00.252991,0.9619004164498566,2.089195928791368,0.17649943179480154,8,1.3299561856925113,0.07057310908885818,0.03427513155089235,0.8909593917188032,COMPLETE
938,0.8802306940371457,2026-03-23 18:03:25.453507,2026-03-23 18:03:25.782898,0 days 00:00:00.329391,0.9699232366907877,1.8964631863987524,0.1196755079362967,8,1.1979789522946522,0.140419762562775,15.820718322867144,0.8419988621757023,COMPLETE
939,0.8871573802541545,2026-03-23 18:03:25.796753,2026-03-23 18:03:24.034440,-1 days +23:59:58.237687,0.9783790109269104,1.8494036700015066,0.10375760232049362,8,1.1325115638112728,0.08123057485363991,0.029220307738783154,0.828926217980378,COMPLETE
940,0.8856725317693059,2026-03-23 18:03:24.049608,2026-03-23 18:03:24.366691,0 days 00:00:00.317083,0.9621634198285915,1.9900665448788002,0.11494999978112161,8,1.270002153915441,0.11041850459050485,0.03669918798497043,0.8207343655311972,COMPLETE
941,0.8841515151515151,2026-03-23 18:03:24.380901,2026-03-23 18:03:24.639879,0 days 00:00:00.258978,0.9820559187012201,1.8067152373675135,0.1671539482949318,8,1.0875028407776546,3.7905754639674064e-08,0.02539531313509756,0.8675700537759498,COMPLETE
942,0.8835601173020526,2026-03-23 18:03:24.656107,2026-03-23 18:03:25.037919,0 days 00:00:00.381812,0.9698758367606906,1.8006932478217361,0.08240953911348395,8,1.1841582811860487,0.16285129069326626,0.0315793248460881,0.8590507567769128,COMPLETE
943,0.8855122189638319,2026-03-23 18:03:25.053821,2026-03-23 18:03:25.347361,0 days 00:00:00.293540,0.9858709492002532,2.0941657735889305,0.14954993212507406,8,1.1271759223832998,0.0878913339422621,0.025059656370692893,0.8786361915599228,COMPLETE
944,0.8844956011730205,2026-03-23 18:03:25.362966,2026-03-23 18:03:25.616063,0 days 00:00:00.253097,0.9764328685017338,1.9756660029642275,0.18749880123578228,8,1.036533875331119,0.07588733198172283,0.028172876685859452,0.843206436193757,COMPLETE
945,0.8828162267839688,2026-03-23 18:03:25.633323,2026-03-23 18:03:25.907542,0 days 00:00:00.274219,0.7458556787741858,1.7456884166589453,0.12087524843853116,8,1.253036563702991,0.0010119513791329226,0.03579166140476897,0.8720084944976806,COMPLETE
946,0.8839139784946237,2026-03-23 18:03:25.923220,2026-03-23 18:03:26.175499,0 days 00:00:00.252279,0.9856799366816559,1.8644827011051193,0.13831905979290246,8,1.0863682988709067,0.25084768313912315,0.02421264864552117,0.8631392828387402,COMPLETE
947,0.8832619745845551,2026-03-23 18:03:26.189880,2026-03-23 18:03:26.538009,0 days 00:00:00.348129,0.9732047732653633,1.7047165105494833,0.11083627782152512,7,1.1763995653229722,0.16797847603939267,0.029325588655351394,0.8518032911610779,COMPLETE
948,0.8829736070381232,2026-03-23 18:03:26.554793,2026-03-23 18:03:26.887875,0 days 00:00:00.333082,0.7679172947270331,2.1078191173035665,0.1546090653963491,8,1.3184025075473622,0.0003200704499697187,0.021800292613342574,0.9039877278098988,COMPLETE
949,0.8866344086021506,2026-03-23 18:03:26.902951,2026-03-23 18:03:27.201385,0 days 00:00:00.298434,0.9633094504349797,1.8534053916814899,0.12574335405540998,8,1.1159528161360175,0.21967107744148365,0.03403794973887752,0.8856443758661356,COMPLETE
950,0.8851564027370479,2026-03-23 18:03:27.217860,2026-03-23 18:03:27.531970,0 days 00:00:00.314110,0.9796928285691817,1.9975115312822482,0.10407211209619968,8,1.0485738691757556,0.13334693316144827,0.02911060170405122,0.8651102810671928,COMPLETE
951,0.8843040078201369,2026-03-23 18:03:27.548063,2026-03-23 18:03:27.843579,0 days 00:00:00.295516,0.9863018052767254,1.754958162887852,0.13453372056643978,8,1.2142462936278278,0.06575893069392579,0.02394642771880708,0.8542315272169151,COMPLETE
952,0.8839169110459434,2026-03-23 18:03:27.857793,2026-03-23 18:03:28.111913,0 days 00:00:00.254120,0.9734714904396122,1.3017347766589933,0.16589532333312945,8,1.1162755576984222,0.222562099644761,0.037522652770836246,0.8949452399051452,COMPLETE
953,0.885099706744868,2026-03-23 18:03:28.126654,2026-03-23 18:03:28.391639,0 days 00:00:00.264985,0.9602827454003385,1.6911767878653285,0.1208702177923879,8,1.1642319733659148,0.33655536781073997,0.21488892208106997,0.8759451058225481,COMPLETE
954,0.8854760508308895,2026-03-23 18:03:28.407304,2026-03-23 18:03:28.711205,0 days 00:00:00.303901,0.9908549270805364,2.165026215291908,0.1471242895166472,8,1.4304110679771092,0.1185216852348498,0.020866581498285366,0.8435084485433264,COMPLETE
955,0.8856823069403714,2026-03-23 18:03:28.727298,2026-03-23 18:03:28.987309,0 days 00:00:00.260011,0.9686494445845418,1.4913482577802755,0.1790272642491359,8,1.0384509517331408,0.16741020567353282,0.030785427802971735,0.8601818431598401,COMPLETE
956,0.8809931573802542,2026-03-23 18:03:29.002171,2026-03-23 18:03:29.257409,0 days 00:00:00.255238,0.9797225550709111,1.0493649119053978,0.11428102574068325,4,1.2588654057769484,0.06339174447442715,0.02609135468707783,0.8332684587341707,COMPLETE
957,0.8848846529814273,2026-03-23 18:03:29.273331,2026-03-23 18:03:29.544172,0 days 00:00:00.270841,0.9865712151290413,1.9139576470328203,0.09542814181746057,8,1.0802260986110586,0.3575847431802954,0.03765409541790576,0.8688468294702193,COMPLETE
958,0.8873616813294232,2026-03-23 18:03:29.559470,2026-03-23 18:03:29.816256,0 days 00:00:00.256786,0.9913022236818654,1.8141043303711046,0.14119284289391637,8,1.1500844753933364,4.2465296038532e-05,0.019069032178596054,0.8784516279516588,COMPLETE
959,0.8851114369501466,2026-03-23 18:03:29.831508,2026-03-23 18:03:30.117833,0 days 00:00:00.286325,0.9674301873529794,1.6197801413307393,0.1289212851728273,8,1.2127266823398466,0.07787246310880719,0.024907277470876257,0.8520850406736805,COMPLETE
960,0.8869178885630499,2026-03-23 18:03:30.133207,2026-03-23 18:03:30.417660,0 days 00:00:00.284453,0.977556478170794,1.3973399458095548,0.10805768572626026,8,1.3514216275232087,0.045159904687981575,0.03157343481196271,0.8858657811700473,COMPLETE
961,0.8845151515151516,2026-03-23 18:03:30.433837,2026-03-23 18:03:30.720444,0 days 00:00:00.286607,0.9594417254346306,2.044144369639678,0.16124350310954713,8,1.00094638447149,0.0005406039632941096,1.1597179504982646,0.8598793958867021,COMPLETE
962,0.8853587487781036,2026-03-23 18:03:30.738604,2026-03-23 18:03:31.015436,0 days 00:00:00.276832,0.9929498513490281,1.7531146811292935,0.11914601433603765,8,1.0712715756360967,0.4694608957567229,0.021817956933636737,0.8433575955579414,COMPLETE
963,0.8800635386119258,2026-03-23 18:03:31.030132,2026-03-23 18:03:31.323462,0 days 00:00:00.293330,0.9840411889486577,1.5079905896966137,0.1344640340240264,8,1.129655603237516,0.20968047584901353,30.91384751456317,0.8724445016233924,COMPLETE
964,0.8863401759530792,2026-03-23 18:03:31.339058,2026-03-23 18:03:31.613952,0 days 00:00:00.274894,0.9744055856469848,1.632972885686479,0.15013006688268982,8,1.2897511477686985,0.12981514118717016,0.037202110480369886,0.8511595000894648,COMPLETE
965,0.8834897360703813,2026-03-23 18:03:31.630244,2026-03-23 18:03:31.908492,0 days 00:00:00.278248,0.9813680869379647,1.9315909272770164,0.1234959223928492,8,1.0004582197405405,0.07679379815075064,0.026644308290092584,0.8622737134707146,COMPLETE
966,0.8852238514173998,2026-03-23 18:03:31.923694,2026-03-23 18:03:32.213219,0 days 00:00:00.289525,0.9681877051253526,1.826125880990261,0.11312612833827225,8,1.194260771809485,0.2767427405607404,0.018926461894949977,0.8709103961424317,COMPLETE
967,0.8859921798631476,2026-03-23 18:03:32.229446,2026-03-23 18:03:32.503433,0 days 00:00:00.273987,0.9930198540642245,1.679216456584162,0.10077411610518297,8,1.0881314630811498,0.4792324310755386,0.032392337129785474,0.8255435263931977,COMPLETE
968,0.8828651026392962,2026-03-23 18:03:32.516911,2026-03-23 18:03:32.836594,0 days 00:00:00.319683,0.9608299711166439,0.5292037103148464,0.17365995454120334,8,1.1456764278607978,0.040031557238100646,1.6907247038543352,0.8118980668781812,COMPLETE
969,0.885739980449658,2026-03-23 18:03:32.852873,2026-03-23 18:03:33.185336,0 days 00:00:00.332463,0.9875678401397076,1.5548392121093655,0.1406902078297603,8,1.224009386353462,0.12032035411584721,0.022085338863582805,0.836000661803001,COMPLETE
970,0.8828914956011731,2026-03-23 18:03:33.200900,2026-03-23 18:03:33.454609,0 days 00:00:00.253709,0.9733997010409992,1.771494750000862,0.12950675767586894,8,1.0405131543865083,0.00015304538301818293,0.02823488084154899,0.8781672858177466,COMPLETE
971,0.8842052785923754,2026-03-23 18:03:33.470831,2026-03-23 18:03:33.734598,0 days 00:00:00.263767,0.999342201319063,2.198044929109806,0.1549635604964999,8,1.1114727982709145,0.18205251167154496,0.01790772577954482,0.8549007252017403,COMPLETE
972,0.8858670576735093,2026-03-23 18:03:33.750980,2026-03-23 18:03:34.033939,0 days 00:00:00.282959,0.9790112426195428,1.9733001390968117,0.10742783391123246,8,1.167369317178125,0.27001477641461935,0.02401838213296831,0.8915406998950306,COMPLETE
973,0.886,2026-03-23 18:03:34.047373,2026-03-23 18:03:34.352060,0 days 00:00:00.304687,0.9873408852212034,1.4186329402421154,0.11784161468418607,8,1.284718729304696,0.5759113364033556,0.038413974941584834,0.8640868335898014,COMPLETE
974,0.8829677419354839,2026-03-23 18:03:34.369823,2026-03-23 18:03:34.631217,0 days 00:00:00.261394,0.6169432105023702,1.6152920163991271,0.19009477590932516,8,1.0741272311956211,0.05719645175064882,0.03070258926047031,0.8472033113458093,COMPLETE
975,0.8840117302052786,2026-03-23 18:03:34.644891,2026-03-23 18:03:34.911172,0 days 00:00:00.266281,0.9664186858115021,1.8495210565440352,0.14264877534094025,8,1.1924881969645673,0.10228001033010192,0.02048073217991053,0.7928444296350939,COMPLETE
976,0.8834506353861192,2026-03-23 18:03:34.927353,2026-03-23 18:03:35.202891,0 days 00:00:00.275538,0.9589923350360814,1.7115593819433228,0.16226597013476393,8,4.218669925359089,0.35335438377816863,0.026909445211815864,0.8841415136991051,COMPLETE
977,0.8845259042033237,2026-03-23 18:03:35.218314,2026-03-23 18:03:35.518429,0 days 00:00:00.300115,0.9828618132304718,1.2893457021309687,0.1269560132018697,8,1.3644931619917204,0.03556403958733346,0.03536488242445076,0.8675778187139821,COMPLETE
978,0.8842942326490715,2026-03-23 18:03:35.533916,2026-03-23 18:03:35.797018,0 days 00:00:00.263102,0.9933788436126358,1.4519448696831065,0.13445637430529975,8,5.226698209165586,0.167116453223546,0.02302341836790179,0.8579862570881567,COMPLETE
979,0.886405669599218,2026-03-23 18:03:35.812919,2026-03-23 18:03:36.093209,0 days 00:00:00.280290,0.9725315285145307,1.5317691655369043,0.148272097557076,8,1.0458542546339933,0.08586305706542836,0.017944725811484652,0.8409492843922795,COMPLETE
980,0.8847184750733139,2026-03-23 18:03:36.109464,2026-03-23 18:03:36.406771,0 days 00:00:00.297307,0.9998028822382418,2.058288187443057,0.11359276761223544,7,1.000464537538209,0.5994968956865679,0.03175451165811087,0.8744017921297058,COMPLETE
981,0.8857047898338222,2026-03-23 18:03:36.422038,2026-03-23 18:03:36.708559,0 days 00:00:00.286521,0.980571746483434,1.8970974466475448,0.12389662258521138,8,1.1297691035231445,0.054079702187443644,0.026123815299375196,0.8484618341198934,COMPLETE
982,0.8819345063538612,2026-03-23 18:03:36.725034,2026-03-23 18:03:37.032073,0 days 00:00:00.307039,0.9894017857617312,1.6692216161748488,0.16867080697127923,8,5.7299845316393725,2.156779801182557e-08,0.8935930127998742,0.8641071635874948,COMPLETE
983,0.882818181818182,2026-03-23 18:03:37.048193,2026-03-23 18:03:37.336065,0 days 00:00:00.287872,0.9999512358521561,1.7844131106049432,0.10827984362171209,6,1.2471824802666989,0.24065503534404806,0.020412887650328844,0.8569025957356331,COMPLETE
984,0.8870078201368524,2026-03-23 18:03:37.354147,2026-03-23 18:03:37.655744,0 days 00:00:00.301597,0.968985260879081,1.559286665226888,0.15577666387112335,8,1.0866840486052065,0.33482702949348303,0.04075516013271419,0.8832225494705989,COMPLETE
985,0.8848846529814273,2026-03-23 18:03:37.672391,2026-03-23 18:03:37.942961,0 days 00:00:00.270570,0.9591131663805331,1.927591659106078,0.13185629456894432,8,1.1508619074369275,0.12605967662835105,0.0157184148483438,0.8317540239196484,COMPLETE
986,0.8851290322580646,2026-03-23 18:03:37.959907,2026-03-23 18:03:38.257439,0 days 00:00:00.297532,0.9791731621366192,2.168522685234472,0.10072130054117942,8,1.2013073614912126,0.037255240939304324,0.03030981859613532,0.8980789233173324,COMPLETE
987,0.8860488758553275,2026-03-23 18:03:38.273354,2026-03-23 18:03:38.556583,0 days 00:00:00.283229,0.9892220211275128,1.7265687156838165,0.13986187123060623,8,1.0862039077701047,0.0008534308531219074,3.7171894525059495,0.8676709931504771,COMPLETE
988,0.8781652003910068,2026-03-23 18:03:38.573694,2026-03-23 18:03:38.870464,0 days 00:00:00.296770,0.9742483680308462,1.3685222953493834,0.12030887640467251,8,11.460992348395452,0.712187889235374,0.023326669207040785,0.8523424845793928,COMPLETE
989,0.8861642228739003,2026-03-23 18:03:38.885197,2026-03-23 18:03:39.170226,0 days 00:00:00.285029,0.9844552609799516,2.005481248905475,0.18067920978783525,8,1.421639269751152,0.42727709875251896,0.03847573614425097,0.8738840326987081,COMPLETE
990,0.8852961876832846,2026-03-23 18:03:39.185631,2026-03-23 18:03:39.501762,0 days 00:00:00.316131,0.9668322070746856,1.6083151496007215,0.09010673954085822,8,3.615236409501588,0.0767466292559572,0.01735997181106392,0.8409055203650314,COMPLETE
991,0.884802541544477,2026-03-23 18:03:39.515077,2026-03-23 18:03:39.775075,0 days 00:00:00.259998,0.9915163326033956,1.67822596823698,0.1483666468691838,8,1.3163019978295158,6.752452879968609e-05,0.02691811752447834,0.8609249873970398,COMPLETE
992,0.884702834799609,2026-03-23 18:03:39.791300,2026-03-23 18:03:40.067809,0 days 00:00:00.276509,0.9788602370751063,1.500241460542482,0.11563407385148747,8,1.1217868805168891,0.2042953106650914,0.01970685806107943,0.879181630346975,COMPLETE
993,0.8851945259042033,2026-03-23 18:03:40.083014,2026-03-23 18:03:40.338317,0 days 00:00:00.255303,0.9927633745864025,1.8363511622470667,0.12982789570150013,8,1.0460216161199485,0.00025211291745978244,0.03324912411687206,0.8194002440680033,COMPLETE
994,0.8869618768328447,2026-03-23 18:03:40.353954,2026-03-23 18:03:40.632330,0 days 00:00:00.278376,0.9598101996778584,2.0685436198515808,0.16407634613830893,8,1.188346946981356,0.02656143908400273,0.32778194257567383,0.8484408886160109,COMPLETE
995,0.8839032258064516,2026-03-23 18:03:40.645820,2026-03-23 18:03:40.920504,0 days 00:00:00.274684,0.9725148630603644,1.7789396380002098,0.13848895645237605,8,1.2557453531861944,0.12768040632187297,0.02260798547655244,0.8688145842139946,COMPLETE
996,0.8838954056695992,2026-03-23 18:03:40.936941,2026-03-23 18:03:41.254413,0 days 00:00:00.317472,0.984255278681754,1.5971388188978508,0.10655992311496407,8,1.1411162807594548,0.059786221064177955,0.02848486515424382,0.8547773033925739,COMPLETE
997,0.8861857282502443,2026-03-23 18:03:41.269616,2026-03-23 18:03:41.549523,0 days 00:00:00.279907,0.9927829140575929,1.939029775471761,0.12533446726333966,8,1.0421925738353748,0.7062559943424243,0.03663580894505671,0.885698562541098,COMPLETE
998,0.8841231671554253,2026-03-23 18:03:41.565802,2026-03-23 18:03:41.947906,0 days 00:00:00.382104,0.9796249542976122,1.2139525126878876,0.060263394701419254,8,1.078728302012494,0.4071677014023179,0.016647551976500058,0.8371573284764158,COMPLETE
999,0.8856011730205279,2026-03-23 18:03:41.962617,2026-03-23 18:03:42.266442,0 days 00:00:00.303825,0.9679454322225595,1.4426057073688374,0.11932380183330604,8,1.244142370403949,0.2073235067727484,0.1749356750289828,0.8609067972810249,COMPLETE
1000,0.8843343108504399,2026-03-23 18:03:42.281770,2026-03-23 18:03:42.545405,0 days 00:00:00.263635,0.95851499248324,1.708028629620134,0.14918269563297418,8,1.0008187794754757,1.5548699973768314,0.02478548802917151,0.8450460392994343,COMPLETE
1001,0.8856217008797653,2026-03-23 18:03:42.560919,2026-03-23 18:03:42.825075,0 days 00:00:00.264156,0.9854178460505849,1.8311580541504018,0.15705881786590936,8,1.1622937028791689,0.09713145094763521,0.021426403746063714,0.8928469256936918,COMPLETE
1002,0.8833137829912022,2026-03-23 18:03:42.842958,2026-03-23 18:03:43.124595,0 days 00:00:00.281637,0.9706253540294831,1.5482176190720964,0.1746486642776521,8,1.1053570149058018,0.04356658358368472,0.041407508839124786,0.8741755466313867,COMPLETE
1003,0.8865210166177908,2026-03-23 18:03:43.138639,2026-03-23 18:03:43.420127,0 days 00:00:00.281488,0.9757911942437195,2.124799921988442,0.11326254405233907,8,1.216959152433325,0.00041170466486527475,0.014388136939219816,0.8276416037912732,COMPLETE
1004,0.8848172043010754,2026-03-23 18:03:43.435639,2026-03-23 18:03:43.726978,0 days 00:00:00.291339,0.9923255433021809,1.6332108069260485,0.1369870210545625,8,1.3451804282021445,0.30870320356949954,0.03039164924898182,0.8673284834390929,COMPLETE
1005,0.8838748778103617,2026-03-23 18:03:43.743568,2026-03-23 18:03:44.050481,0 days 00:00:00.306913,0.9861799528399421,1.3767150122430971,0.10160967986852228,8,1.0816105888560428,0.15913104986622773,0.019064504612518067,0.8531116747342461,COMPLETE
1006,0.8853763440860214,2026-03-23 18:03:44.066124,2026-03-23 18:03:44.377269,0 days 00:00:00.311145,0.9652398511577971,1.8993786165599917,0.12992161992247836,8,1.1414807152124329,0.02986069711054099,0.034870809568979255,0.8796413578961708,COMPLETE
1007,0.887475073313783,2026-03-23 18:03:44.393099,2026-03-23 18:03:44.723803,0 days 00:00:00.330704,0.9995120167843519,1.7413549368275547,0.09420625485804955,8,1.0532701586877051,0.8638104342630629,0.025540977170551496,0.862947544948826,COMPLETE
1008,0.8832170087976541,2026-03-23 18:03:44.737505,2026-03-23 18:03:45.001838,0 days 00:00:00.264333,0.9793854890516184,2.020220136561329,0.14292991124103735,8,1.2846183732575054,0.4474896165042883,0.020237609346425878,0.8461893695288891,COMPLETE
1009,0.8842737047898338,2026-03-23 18:03:45.019303,2026-03-23 18:03:45.299240,0 days 00:00:00.279937,0.9929846604841113,1.547062362171884,0.12254384668005257,7,1.1870781314971517,0.0673078320638826,0.03150601983307339,0.8560264169492793,COMPLETE
1010,0.8856510263929618,2026-03-23 18:03:45.312929,2026-03-23 18:03:45.600595,0 days 00:00:00.287666,0.9606033990765247,2.2201943011017495,0.11037883323528734,8,1.1065770124753858,0.2354666792385867,0.024948262024700907,0.8713982369239162,COMPLETE
1011,0.8824213098729228,2026-03-23 18:03:45.616344,2026-03-23 18:03:45.867532,0 days 00:00:00.251188,0.9751152885048526,1.672094857591822,0.18996365567502338,8,1.044438605098571,0.09582861871793509,0.017077048887057564,0.8360115020107066,COMPLETE
1012,0.8870166177908112,2026-03-23 18:03:45.883717,2026-03-23 18:03:46.165375,0 days 00:00:00.281658,0.987430783046312,1.8143324723297976,0.1589298086350902,8,1.4898798711541363,0.6322980006139628,0.040474627694366744,0.8896762017576804,COMPLETE
1013,0.8862218963831867,2026-03-23 18:03:46.180746,2026-03-23 18:03:46.464194,0 days 00:00:00.283448,0.9814869819170736,1.4911195180134609,0.1332771471659373,8,1.2238609899414539,1.1506352720903574,0.014217094660326562,0.864146425312086,COMPLETE
1014,0.882338220918866,2026-03-23 18:03:46.480536,2026-03-23 18:03:46.755033,0 days 00:00:00.274497,0.863535220775636,1.300507723967991,0.16943513591113774,8,1.153722763003499,0.14002732820023975,0.028505932914811925,0.8781800672453322,COMPLETE
1015,0.8848690127077224,2026-03-23 18:03:46.771083,2026-03-23 18:03:47.127744,0 days 00:00:00.356661,0.9687301187557106,1.9896800890290438,0.12020460184755424,5,1.387386848007818,0.05028079712604804,0.02238002138786297,0.854245657749032,COMPLETE
1016,0.8865571847507331,2026-03-23 18:03:47.143138,2026-03-23 18:03:47.420183,0 days 00:00:00.277045,0.9994582003355039,1.669912092195582,0.14801311861894265,8,1.0960379585581408,0.3437214031898395,0.012349698497132378,0.8425555382938889,COMPLETE
1017,0.8867409579667644,2026-03-23 18:03:47.433696,2026-03-23 18:03:47.715390,0 days 00:00:00.281694,0.9584512792688674,1.8630702780388182,0.10426167419800374,8,1.2748078063703074,0.02577742659962626,0.03685062049816444,0.907484360723394,COMPLETE
1018,0.8871427174975562,2026-03-23 18:03:47.731165,2026-03-23 18:03:48.009584,0 days 00:00:00.278419,0.9861853761655863,1.7722333655243063,0.1259174628828254,8,1.0432871972170648,0.5203212771739673,0.02814259742157273,0.8696010867219515,COMPLETE
1019,0.8812737047898338,2026-03-23 18:03:48.024581,2026-03-23 18:03:48.403345,0 days 00:00:00.378764,0.6892155526432002,1.5681420739077716,0.11533328075172987,3,1.1692035518521025,0.19439037025492442,0.018835103358839738,0.8604333735196426,COMPLETE
1020,0.878884652981427,2026-03-23 18:03:48.417415,2026-03-23 18:03:48.658371,0 days 00:00:00.240956,0.9740300136165491,1.431187558225354,0.03209234575640962,8,1.1236916738939633,0.10657641802939702,0.024299487156993597,0.8497613476894319,COMPLETE
1021,0.8838455522971652,2026-03-23 18:03:48.673372,2026-03-23 18:03:48.934530,0 days 00:00:00.261158,0.9915014948109969,1.9037163171713367,0.13717480621020706,8,4.894508974849784,0.2803709126679048,0.034028072263353124,0.8834328477743504,COMPLETE
1022,0.883544477028348,2026-03-23 18:03:48.949149,2026-03-23 18:03:49.238889,0 days 00:00:00.289740,0.9781727919047272,2.0990879929830824,0.07680904362587102,8,1.2136479222796996,0.06242488972647139,0.01647944232688936,0.8279949133271979,COMPLETE
1023,0.883325513196481,2026-03-23 18:03:49.254718,2026-03-23 18:03:49.521856,0 days 00:00:00.267138,0.9657287365046836,1.625708768154426,0.15669236352780128,8,3.1108873570282882,0.8882063286472847,0.010048305332279014,0.873602087147168,COMPLETE
1024,0.8872727272727272,2026-03-23 18:03:49.536820,2026-03-23 18:03:49.817944,0 days 00:00:00.281124,0.9860270129984121,1.7543863648147842,0.10955558454664638,8,1.0341415635452689,0.043840622708430046,0.043249674261576526,0.859766970371321,COMPLETE
1025,0.883724340175953,2026-03-23 18:03:49.831701,2026-03-23 18:03:50.099449,0 days 00:00:00.267748,0.9560404148627242,1.4783631657437102,0.18107240557905224,8,1.0018561465938787,0.4558148955703035,0.02123142587831797,0.8463081929993962,COMPLETE
1026,0.8860361681329423,2026-03-23 18:03:50.114765,2026-03-23 18:03:50.401534,0 days 00:00:00.286769,0.9927109225764609,1.9938925450697702,0.1449560793126181,8,1.0981067033353111,1.5913369056324291,0.029949730481154364,0.8681389786387416,COMPLETE
1027,0.8845982404692082,2026-03-23 18:03:50.416307,2026-03-23 18:03:50.687182,0 days 00:00:00.270875,0.9796830151998446,1.6874125604082062,0.12855233005266606,8,1.1670668232343138,0.13459291044907962,0.02479574153199649,0.8968098597187665,COMPLETE
1028,0.8851759530791788,2026-03-23 18:03:50.700833,2026-03-23 18:03:50.962744,0 days 00:00:00.261911,0.8747057201401616,2.24127107140659,0.1653872862761818,8,1.2503936982608275,0.022594879061778508,0.03326743556726536,0.8354386193447687,COMPLETE
1029,0.8809042033235582,2026-03-23 18:03:50.977553,2026-03-23 18:03:51.275997,0 days 00:00:00.298444,0.9695000652341507,1.573340407393459,0.09746590254547173,8,1.3162685090963668,0.2528771309476505,0.019976499216625258,0.6773869318435083,COMPLETE
1030,0.8867869012707722,2026-03-23 18:03:51.292625,2026-03-23 18:03:51.598565,0 days 00:00:00.305940,0.9847595929604188,1.9061399379217563,0.12060993746096756,8,1.1265361469130906,0.08135094317929183,0.01492308930319375,0.8565347426614491,COMPLETE
1031,0.8875307917888564,2026-03-23 18:03:51.613711,2026-03-23 18:03:51.874774,0 days 00:00:00.261063,0.9757142135397967,1.80360801523895,0.19979991742953818,8,1.0676127061660738,0.032284301204956234,0.03996579780080709,0.8804358723243616,COMPLETE
1032,0.8842072336265884,2026-03-23 18:03:51.890425,2026-03-23 18:03:52.167737,0 days 00:00:00.277312,0.9939744171234297,1.145668989535805,0.13511907684300958,8,1.1978121270030646,0.735954062556613,0.028264091478961213,0.8641184123058475,COMPLETE
1033,0.8834173998044965,2026-03-23 18:03:52.184317,2026-03-23 18:03:52.446426,0 days 00:00:00.262109,0.9583332819444571,1.3533715976352105,0.113800441147672,7,1.0884106908684443,0.4231215258687032,0.022171823567938048,0.8535026027910065,COMPLETE
1034,0.8838768328445749,2026-03-23 18:03:52.463000,2026-03-23 18:03:52.743649,0 days 00:00:00.280649,0.999770263229631,1.5874021565048166,0.15015612884715707,8,1.1403401561535427,0.1891030771196162,0.018240147483006147,0.8727807708548668,COMPLETE
1035,0.8816148582600196,2026-03-23 18:03:52.759556,2026-03-23 18:03:53.036590,0 days 00:00:00.277034,0.98163956929522,1.7128082379340042,0.14193196508281855,8,1.2222557659559832,3.199516977580947,0.012904188132919181,0.8469881786676153,COMPLETE
1036,0.8861466275659824,2026-03-23 18:03:53.052008,2026-03-23 18:03:53.328138,0 days 00:00:00.276130,0.9659043882772937,2.1171737969348876,0.10687654139777691,8,1.0404711522505614,0.06349231860993554,0.03361917593138378,0.8394851097047601,COMPLETE
1037,0.8871221896383187,2026-03-23 18:03:53.345922,2026-03-23 18:03:53.654580,0 days 00:00:00.308658,0.9874215766082335,1.507136276807235,0.12277629477309471,8,1.2957045499509758,0.10268439265789157,0.026115086489256943,0.887922386569346,COMPLETE
1038,0.886475073313783,2026-03-23 18:03:53.670853,2026-03-23 18:03:53.956535,0 days 00:00:00.285682,0.9738725303799953,1.8537754164145284,0.1686889840355164,8,1.140349682276005,0.00018374489175874119,0.01648466030471097,0.8644175560523959,COMPLETE
1039,0.8849237536656892,2026-03-23 18:03:53.971616,2026-03-23 18:03:54.235501,0 days 00:00:00.263885,0.9935944766399034,1.6554787948981469,0.13228954913419486,8,1.0032158690791544,0.03809659343085268,0.04286182564119306,0.857940564470401,COMPLETE
1040,0.8846060606060606,2026-03-23 18:03:54.251211,2026-03-23 18:03:54.510628,0 days 00:00:00.259417,0.9807687548479926,1.9530007085294439,0.15352692710038937,8,1.185110786485192,1.1729877597522709,0.023202172074346664,0.8750459966225687,COMPLETE
1041,0.8841456500488759,2026-03-23 18:03:54.526437,2026-03-23 18:03:54.824349,0 days 00:00:00.297912,0.9569704895414255,1.4089599394025594,0.11622239866164445,8,1.4171327660942203,1.9594476025740934,0.031218544126747783,0.8208837711553933,COMPLETE
1042,0.8854086021505376,2026-03-23 18:03:54.840434,2026-03-23 18:03:55.103904,0 days 00:00:00.263470,0.9996545119115047,1.7727900652352493,0.17877003022046184,8,1.0867028658031557,0.17612871174489858,0.02731824036055373,0.8491781445423983,COMPLETE
1043,0.8842003910068428,2026-03-23 18:03:55.119026,2026-03-23 18:03:55.450493,0 days 00:00:00.331467,0.9715104039034638,0.6633483199207779,0.12831506595147568,8,1.2514099574730493,0.31199727902987334,0.02028331664172292,0.8808741957198177,COMPLETE
1044,0.8858826979472142,2026-03-23 18:03:55.466701,2026-03-23 18:03:55.762948,0 days 00:00:00.296247,0.9870237922163376,2.020720178478557,0.10210759424037075,8,1.080139507294971,0.020260058162154704,0.03721503809279707,0.86673397433475,COMPLETE
1045,0.8860997067448682,2026-03-23 18:03:55.778526,2026-03-23 18:03:56.053080,0 days 00:00:00.274554,0.9658563972254506,1.4837779387328807,0.14161358772394123,8,1.138288009119261,0.5410078550510892,0.01648043265432004,0.8556528148335557,COMPLETE
1046,0.8846304985337243,2026-03-23 18:03:56.068511,2026-03-23 18:03:54.367053,-1 days +23:59:58.298542,0.9796219409339995,1.630604477758821,0.1595366205880307,8,1.351605400695042,0.15217917678884324,0.02382185985038968,0.7648459624590827,COMPLETE
1047,0.8823264907135876,2026-03-23 18:03:54.381997,2026-03-23 18:03:54.682373,0 days 00:00:00.300376,0.8477266803251835,1.7430498395522442,0.11148809544452494,8,1.1865121325497103,0.05178639898117218,0.013646633466818053,0.8335043910816364,COMPLETE
1048,0.8860224828934506,2026-03-23 18:03:54.698835,2026-03-23 18:03:54.987364,0 days 00:00:00.288529,0.9915546961623259,1.8430146417952664,0.13591874814036017,8,1.0516052823209407,0.10240886686364413,0.02930722482741614,0.8416794472459774,COMPLETE
1049,0.8739247311827958,2026-03-23 18:03:55.003493,2026-03-23 18:03:55.290364,0 days 00:00:00.286871,0.9732926281498848,2.1720494799909758,0.12285702319306137,8,1.1165660902645138,8.713494282607654,0.018743666226381593,0.8090120719882148,COMPLETE
1050,0.8852013685239492,2026-03-23 18:03:55.306513,2026-03-23 18:03:55.560454,0 days 00:00:00.253941,0.9847117725877782,1.5364491102828923,0.1500667864281879,8,1.2437622360006317,0.8039866130758149,0.045027489681847686,0.8706757568984408,COMPLETE
1051,0.8844115347018573,2026-03-23 18:03:55.576939,2026-03-23 18:03:55.847774,0 days 00:00:00.270835,0.9624954393122546,1.6726452121139361,0.1168145665320409,8,1.0011507034891458,0.2889270192843479,0.033777945270161695,0.889740677560844,COMPLETE
1052,0.8850459433040079,2026-03-23 18:03:55.871005,2026-03-23 18:03:56.124237,0 days 00:00:00.253232,0.9929571661809945,2.8231324626464676,0.12740378676987626,8,1.1759257433478727,0.03001033597276394,0.02225791292223267,0.8616643237083306,COMPLETE
1053,0.8802717497556207,2026-03-23 18:03:56.140686,2026-03-23 18:03:56.429319,0 days 00:00:00.288633,0.9554102669500085,1.3237386740316304,0.17097589763206167,4,1.085937578731254,0.001529782263436156,0.025267305980488597,0.8501248369533712,COMPLETE
1054,0.883218963831867,2026-03-23 18:03:56.445191,2026-03-23 18:03:56.714750,0 days 00:00:00.269559,0.9995197199129545,1.923136369941136,0.08547754988335196,8,1.5301897730651415,0.07073801818234746,0.11832862080411159,0.8806882314458201,COMPLETE
1055,0.884254154447703,2026-03-23 18:03:56.731619,2026-03-23 18:03:57.049955,0 days 00:00:00.318336,0.7884976961010425,2.0653041988048457,0.10468795413606378,8,1.3082439120186142,0.5471580926304852,0.2585124685356514,0.8993467048061445,COMPLETE
1056,0.886958944281525,2026-03-23 18:03:57.068799,2026-03-23 18:03:57.349788,0 days 00:00:00.280989,0.9777760585032541,2.27926746782856,0.1440111379031114,8,1.044033302155576,0.017224400446836787,0.03582898847694764,0.8581237339866545,COMPLETE
1057,0.8847878787878788,2026-03-23 18:03:57.364967,2026-03-23 18:03:57.632110,0 days 00:00:00.267143,0.9887588193037062,1.785043455137932,0.11239974918476948,6,1.127133642781347,0.0006050290059772214,0.011397513032163959,0.8712984018999029,COMPLETE
1058,0.8842580645161291,2026-03-23 18:03:57.649512,2026-03-23 18:03:57.909122,0 days 00:00:00.259610,0.9688644173128719,1.6018730469262268,0.1600962061711056,8,1.207696398426418,0.2409386081000942,0.0191667748708633,0.8421971956289134,COMPLETE
1059,0.8840273704789834,2026-03-23 18:03:57.926104,2026-03-23 18:03:58.198463,0 days 00:00:00.272359,0.8215584500688807,1.4938297117842798,0.12249539690679781,8,1.1552651052157452,0.13571182014421226,0.030035780458449048,0.7275712318227641,COMPLETE
1060,0.8825376344086021,2026-03-23 18:03:58.214698,2026-03-23 18:03:58.489175,0 days 00:00:00.274477,0.9834116209269896,4.870433205676905,0.13564339859369515,8,1.0444616154818958,0.3465752802631556,0.014546989150060998,0.864843774054116,COMPLETE
1061,0.8857047898338222,2026-03-23 18:03:58.505129,2026-03-23 18:03:58.776070,0 days 00:00:00.270941,0.976254431842676,1.6986780590844486,0.15173286117704457,8,1.0008699738807774,0.957671988361299,0.02681761613383951,0.8501865378376958,COMPLETE
1062,0.8866930596285435,2026-03-23 18:03:58.792007,2026-03-23 18:03:59.074990,0 days 00:00:00.282983,0.9560059348140136,1.8653853132912124,0.1288971475026646,8,1.2616856875183686,0.04307484260542065,0.04060682704835526,0.8754875822267784,COMPLETE
1063,0.8866656891495601,2026-03-23 18:03:59.091462,2026-03-23 18:03:59.388990,0 days 00:00:00.297528,0.9638605616957012,1.9803336683657466,0.09709466378133205,8,1.0810859888915867,0.09660028485766263,0.021511837370052307,0.8252944949428105,COMPLETE
1064,0.8868416422287391,2026-03-23 18:03:59.404551,2026-03-23 18:03:59.698869,0 days 00:00:00.294318,0.9999555565375924,1.4303153104544903,0.10868056319411411,8,1.1292190681234457,0.6269338170778684,0.017713927773821074,0.8588962425517721,COMPLETE
1065,0.8864877810361682,2026-03-23 18:03:59.716307,2026-03-23 18:03:59.988353,0 days 00:00:00.272046,0.9878919078983152,1.5705567928294712,0.11737118272430888,8,1.2045842307480006,0.15849408385657546,0.0323888986024968,0.8873240406713709,COMPLETE
1066,0.8847741935483872,2026-03-23 18:04:00.006260,2026-03-23 18:04:00.255545,0 days 00:00:00.249285,0.972995046372947,1.7449317132664381,0.18641249461512513,8,1.0964998774616284,0.0732599238802023,0.02466312016318499,0.8394349336985718,COMPLETE
1067,0.8781652003910068,2026-03-23 18:04:00.272722,2026-03-23 18:04:00.563126,0 days 00:00:00.290404,0.9924062226967589,1.2871003277727193,0.13940201841868602,8,8.439980106823791,0.38676767118548316,0.016253316347497326,0.8669931241088109,COMPLETE
1068,0.8867331378299119,2026-03-23 18:04:00.579741,2026-03-23 18:04:00.872005,0 days 00:00:00.292264,0.9838401091126848,1.8418466333054104,0.16798877323993733,8,1.3759270516752462,1.3588047199733528,0.03864483576407145,0.8523644111736883,COMPLETE
1069,0.8867057673509284,2026-03-23 18:04:00.887885,2026-03-23 18:04:01.173958,0 days 00:00:00.286073,0.9784819997282516,1.6271860665351077,0.1321655154197369,8,1.168789022856536,0.2318656673975572,0.021189050744445048,0.8764599817798374,COMPLETE
1070,0.8826392961876832,2026-03-23 18:04:01.191333,2026-03-23 18:04:01.472185,0 days 00:00:00.280852,0.9673970739369266,2.124463123786798,0.14405979170887767,8,1.3038827916474918,0.027463182412908623,11.437982672844065,0.8308125570304273,COMPLETE
1071,0.8840420332355817,2026-03-23 18:04:01.487157,2026-03-23 18:04:01.787662,0 days 00:00:00.300505,0.9933653324998173,1.9366497936503437,0.12200446279916297,8,1.0457780439482938,0.048906865647009905,0.02848379195139937,0.8609755600866184,COMPLETE
1072,0.883514173998045,2026-03-23 18:04:01.805094,2026-03-23 18:04:02.093098,0 days 00:00:00.288004,0.9830807106881388,1.413903508277594,0.15458509157778846,8,1.4763269024944368,0.00037142580857157183,0.04659300700976392,0.844343660102071,COMPLETE
1073,0.8851407624633432,2026-03-23 18:04:02.108071,2026-03-23 18:04:02.360929,0 days 00:00:00.252858,0.9554910047290389,2.7193267080683814,0.17883955722376446,8,1.218432171179972,0.014878309705999501,0.026779368488150285,0.8689738275955304,COMPLETE
1074,0.8863186705767352,2026-03-23 18:04:02.376818,2026-03-23 18:04:02.667061,0 days 00:00:00.290243,0.973087934394999,1.758296144097512,0.10941327823896857,8,1.1240976058303864,0.5001630344599272,0.033621052879732785,0.8801553142613827,COMPLETE
1075,0.8763216031280548,2026-03-23 18:04:02.683343,2026-03-23 18:04:02.929435,0 days 00:00:00.246092,0.9647314408120464,1.539649499758447,0.0108171986328598,8,1.0805359892130693,0.19342185193086706,0.019859167615066557,0.8481419191361985,COMPLETE
1076,0.8863440860215054,2026-03-23 18:04:02.943444,2026-03-23 18:04:03.242528,0 days 00:00:00.299084,0.989145356586308,1.630382400982994,0.10134448542170968,8,1.18365039986062,0.0922993130447432,0.01645933951350816,0.8583040158221494,COMPLETE
1077,0.8844398826979472,2026-03-23 18:04:03.259348,2026-03-23 18:04:03.602310,0 days 00:00:00.342962,0.9817175150659376,1.6878004056355844,0.11574649198733945,8,4.5889054269798635,0.34718855340527854,0.012584979233014925,0.8924501978264187,COMPLETE
1078,0.8832033235581623,2026-03-23 18:04:03.618276,2026-03-23 18:04:03.897814,0 days 00:00:00.279538,0.9930257206406632,2.034329275583525,0.12534378927754247,8,1.2898619922792984,1.026526439009249,0.023932184418227108,0.6332654856539813,COMPLETE
1079,0.8834330400782013,2026-03-23 18:04:03.913852,2026-03-23 18:04:04.205394,0 days 00:00:00.291542,0.999886528568694,1.856214478485917,0.16101508625555033,8,3.9082891565511497,0.03364949830631682,0.03770540361928569,0.9043556914284968,COMPLETE
1080,0.8834936461388074,2026-03-23 18:04:04.221325,2026-03-23 18:04:04.517183,0 days 00:00:00.295858,0.9747338268602006,1.4665034891161417,0.09189215203509034,8,1.0407161319402602,0.1295935330381375,0.02800522244655299,0.8663571505391808,COMPLETE
1081,0.8823734115347018,2026-03-23 18:04:04.531956,2026-03-23 18:04:04.797169,0 days 00:00:00.265213,0.9649776522175764,2.2612996272645343,0.13409464849208103,7,1.139329622725761,0.0584171966812946,0.019455979211367578,0.914239965115897,COMPLETE
1082,0.8821368523949169,2026-03-23 18:04:04.812983,2026-03-23 18:04:05.142965,0 days 00:00:00.329982,0.7607900482766441,1.7523140914611595,0.14463459307073154,8,1.2426750419154264,0.6843127875240631,0.0459987617080177,0.8745190226513839,COMPLETE
1083,0.8840606060606062,2026-03-23 18:04:05.159877,2026-03-23 18:04:05.449679,0 days 00:00:00.289802,0.954798796999492,1.566945460909954,0.1189756238172674,8,1.0842991532064787,0.00013356565185784712,0.030547861327670536,0.8541297873582508,COMPLETE
1084,0.8849511241446725,2026-03-23 18:04:05.465115,2026-03-23 18:04:05.778434,0 days 00:00:00.313319,0.9860473339205896,1.9643699893310773,0.12820017883086743,8,1.1659630257303104,0.2694829045033263,0.023069679404874737,0.8374790328188532,COMPLETE
1085,0.8854281524926686,2026-03-23 18:04:05.795242,2026-03-23 18:04:06.105935,0 days 00:00:00.310693,0.9789187099811016,1.6693866667081125,0.10519520191319277,8,1.1196894220595757,0.02144326194460791,0.015063027800159626,0.8850200806840826,COMPLETE
1086,0.8864633431085043,2026-03-23 18:04:06.118964,2026-03-23 18:04:06.428286,0 days 00:00:00.309322,0.9894049966684968,1.356763470978059,0.15257856607242662,8,1.0016940140534223,2.016025938695996,0.03512560914880934,0.8633131411929249,COMPLETE
1087,0.8839970674486803,2026-03-23 18:04:06.443965,2026-03-23 18:04:06.719569,0 days 00:00:00.275604,0.9719841203535146,1.820848577999314,0.1397716322722472,8,1.2103476523210082,0.17092986638551516,0.02198375735329432,0.8522296593184955,COMPLETE
1088,0.8869608993157381,2026-03-23 18:04:06.733553,2026-03-23 18:04:07.082615,0 days 00:00:00.349062,0.9619289065694896,2.088404379791363,0.17031350342603468,8,1.0552123357384857,0.09550917657117507,0.017545624548212447,0.8436687317272897,COMPLETE
1089,0.8835777126099708,2026-03-23 18:04:07.099040,2026-03-23 18:04:07.375533,0 days 00:00:00.276493,0.8904829145943323,2.1863510404797966,0.11189559784082409,8,1.1052760596340323,0.5146406626680722,0.04004728052447158,0.872101988123192,COMPLETE
1090,0.8876207233626587,2026-03-23 18:04:07.392583,2026-03-23 18:04:07.676073,0 days 00:00:00.283490,0.9997736594328492,1.2252117591840759,0.13289779876543006,8,1.2574851864284358,0.056774091736847256,0.026276256989114948,0.8308529873517915,COMPLETE
1091,0.8826588465298142,2026-03-23 18:04:07.692521,2026-03-23 18:04:08.029041,0 days 00:00:00.336520,0.9813647086366308,1.5016095900763147,0.1255536135865179,5,1.3856123188550913,0.35511620757728857,0.03140101559413459,0.8573345137860094,COMPLETE
1092,0.8845767350928642,2026-03-23 18:04:08.045929,2026-03-23 18:04:08.287779,0 days 00:00:00.241850,0.9921885864234706,1.8943822005646982,0.16214615614415354,8,1.1570078352634443,1.9016408624200397e-05,0.01434286719724825,0.8644315477235823,COMPLETE
1093,0.8835542521994135,2026-03-23 18:04:08.304046,2026-03-23 18:04:08.598804,0 days 00:00:00.294758,0.9715361240608797,1.7093226443093101,0.14635671923189328,8,3.288368018640034,0.036014001376952556,0.01947904653968829,0.8796783746792803,COMPLETE
1094,0.8863919843597263,2026-03-23 18:04:08.614955,2026-03-23 18:04:08.909856,0 days 00:00:00.294901,0.9534119149810352,1.6290869670376031,0.10825341177090136,8,1.0012639511839974,0.7616250472340882,0.6385921143888059,0.8456381944110413,COMPLETE
1095,0.8889569892473118,2026-03-23 18:04:08.925630,2026-03-23 18:04:09.193536,0 days 00:00:00.267906,0.9815872033908292,1.7932350603460514,0.11847050229498611,8,1.0549286339019555,0.227855681016649,0.025593719113516523,0.8736212102167552,COMPLETE
1096,0.8870752688172044,2026-03-23 18:04:09.209772,2026-03-23 18:04:09.488830,0 days 00:00:00.279058,0.986686459267729,2.0471699449687173,0.12124419047432651,8,1.0358782651730813,0.22734010633776625,0.023283889346223677,0.8856686924754941,COMPLETE
1097,0.8872707722385142,2026-03-23 18:04:09.502158,2026-03-23 18:04:09.775172,0 days 00:00:00.273014,0.9923614057627884,1.9275369901021149,0.12817586369627812,8,1.0489668695062433,0.18660601491982026,0.019829303078047363,0.8935991454069766,COMPLETE
1098,0.8830723362658845,2026-03-23 18:04:09.790363,2026-03-23 18:04:10.110673,0 days 00:00:00.320310,0.9833065626285584,1.8163771228402321,0.05506198586305651,8,1.0761746085315682,0.2715661645974454,0.024025830388991712,0.8775798491999592,COMPLETE
1099,0.8851231671554252,2026-03-23 18:04:10.127423,2026-03-23 18:04:10.385129,0 days 00:00:00.257706,0.9863699671158891,1.5569204367079086,0.13643237038087855,8,1.0017998356988635,0.1149715334294881,0.01637087994682862,0.8716933185008677,COMPLETE
1100,0.874893450635386,2026-03-23 18:04:10.401420,2026-03-23 18:04:10.711417,0 days 00:00:00.309997,0.9998782278621694,4.3905651433454596,0.12018211462175993,8,1.087582743739437,0.15462749447117452,20.231438434360697,0.8816858508900026,COMPLETE
1101,0.8864213098729228,2026-03-23 18:04:10.728086,2026-03-23 18:04:10.968086,0 days 00:00:00.240000,0.9791399059090203,2.359702068408297,0.1386977305968962,8,1.3430661395660188,0.34609393079642875,0.021429654284377993,0.87287629360182,COMPLETE
1102,0.8875698924731182,2026-03-23 18:04:10.984472,2026-03-23 18:04:11.259320,0 days 00:00:00.274848,0.9910860878289948,1.4525822110749627,0.1295064956897487,8,1.1393547093976604,0.20843101980716155,0.010007500347049501,0.8884635627167515,COMPLETE
1103,0.8839247311827956,2026-03-23 18:04:11.273141,2026-03-23 18:04:11.940604,0 days 00:00:00.667463,0.9790304612343428,2.6352555778124636,0.014422156126768122,8,1.067806447824996,0.43664909197627333,0.026859751413272088,0.8677945557857488,COMPLETE
1104,0.8870899315738026,2026-03-23 18:04:11.957003,2026-03-23 18:04:12.258676,0 days 00:00:00.301673,0.9924401925299593,1.7323521938917388,0.1181739453633293,8,1.2108102993420362,0.31453546658370596,0.017999707397743394,0.8982678268085957,COMPLETE
1105,0.881208211143695,2026-03-23 18:04:12.273456,2026-03-23 18:04:12.592590,0 days 00:00:00.319134,0.9852270688102823,1.9916287554111725,0.18914207291128338,8,6.005634455381291,0.146466679604659,0.023402636940932295,0.8798737945628532,COMPLETE
1106,0.8846735092864124,2026-03-23 18:04:12.610007,2026-03-23 18:04:12.885577,0 days 00:00:00.275570,0.9756264750841668,1.8439233031023348,0.15300569078338833,8,1.1193419281299029,0.10893124850027106,5.458044410353585,0.8661100834667917,COMPLETE
1107,0.8841847507331378,2026-03-23 18:04:12.902323,2026-03-23 18:04:13.184334,0 days 00:00:00.282011,0.9930408662149344,2.789815752683172,0.12441442798893071,8,1.050129612912686,0.23070207608236046,0.027449548610438173,0.8748668724705172,COMPLETE
1108,0.8845376344086021,2026-03-23 18:04:13.197093,2026-03-23 18:04:13.468919,0 days 00:00:00.271826,0.9839587141977196,1.3664848725325744,0.14559477848876948,8,1.0006852858007267,0.5253710666237791,0.018508712624225536,0.8606146105466296,COMPLETE
1109,0.886017595307918,2026-03-23 18:04:13.483786,2026-03-23 18:04:13.745586,0 days 00:00:00.261800,0.9755182665993558,2.157184955029548,0.17457986753504057,8,1.1815857824740486,0.07461861756596995,0.02150371189585962,0.885684837779251,COMPLETE
1110,0.885533724340176,2026-03-23 18:04:13.762502,2026-03-23 18:04:14.025322,0 days 00:00:00.262820,0.9910761622882018,1.6483273025118492,0.13801777648175864,8,1.290512143927308,1.1824408834625446,0.013958965183087113,0.8717795384299832,COMPLETE
1111,0.8829227761485825,2026-03-23 18:04:14.041615,2026-03-23 18:04:14.325985,0 days 00:00:00.284370,0.8045974455038383,1.7721212977725314,0.1318914528776803,8,1.1097872462342744,0.4001458878223483,0.0278100174298977,0.8624488523071816,COMPLETE
1112,0.8866764418377322,2026-03-23 18:04:14.342062,2026-03-23 18:04:14.657509,0 days 00:00:00.315447,0.9703890977817263,1.5567978444376724,0.11588484475942598,8,1.4580927056410313,0.1464679046601738,0.016315406456772506,0.856961584812554,COMPLETE
1113,0.8853802541544478,2026-03-23 18:04:14.678550,2026-03-23 18:04:14.964100,0 days 00:00:00.285550,0.9822050072117263,1.8915485689216531,0.1593662992745205,8,1.0472894611161436,0.7644596409909246,0.012553407732868073,0.8683620724546065,COMPLETE
1114,0.8865650048875855,2026-03-23 18:04:14.981135,2026-03-23 18:04:15.304040,0 days 00:00:00.322905,0.9922680656030374,2.0153120651869796,0.12434235216611393,8,1.1674155296594597,0.24721334791099464,0.02441398684362568,0.8774953658653059,COMPLETE
1115,0.8836129032258065,2026-03-23 18:04:15.319419,2026-03-23 18:04:15.606018,0 days 00:00:00.286599,0.9785636265612637,1.6625163535933014,0.1449592171179247,8,1.2427842440326944,0.08032793632704865,0.031492132021296707,0.8918838134585221,COMPLETE
1116,0.8868269794721406,2026-03-23 18:04:15.623395,2026-03-23 18:04:15.904014,0 days 00:00:00.280619,0.9996297226262166,3.4766064108507453,0.1143258597137202,8,1.0966588336957501,0.016468013959091938,0.019746292509301606,0.8628981381874608,COMPLETE
1117,0.886950146627566,2026-03-23 18:04:15.921538,2026-03-23 18:04:16.188781,0 days 00:00:00.267243,0.9857219401972912,1.5224441239232303,0.13110472468269738,8,1.1546867251618622,0.1479733464740453,0.025359070772269107,0.8850765792304714,COMPLETE
1118,0.884743890518084,2026-03-23 18:04:16.204403,2026-03-23 18:04:16.470180,0 days 00:00:00.265777,0.9710945355159405,1.8045773101899611,0.15304183782192854,8,1.3165172521845379,0.5409027084261497,0.030483048489668416,0.8710420667026496,COMPLETE
1119,0.8831221896383187,2026-03-23 18:04:16.485320,2026-03-23 18:04:16.780146,0 days 00:00:00.294826,0.9864867240924257,1.421902602375181,0.16647047007614918,8,1.0417211596748852,0.045278530989035566,0.020795440671775862,0.8556639033117418,COMPLETE
1120,0.88641642228739,2026-03-23 18:04:16.797170,2026-03-23 18:04:17.048248,0 days 00:00:00.251078,0.9654597994193608,1.725753945393803,0.18246993439108117,8,1.2466590413609573,0.26897356270415135,0.016469864704285107,0.876373652081753,COMPLETE
1121,0.8850430107526882,2026-03-23 18:04:17.064452,2026-03-23 18:04:17.360860,0 days 00:00:00.296408,0.9777411725844216,1.9161673135313317,0.11880017511417526,8,1.0003326090929308,2.558917586098259e-06,0.023485831881427777,0.86379603957769,COMPLETE
1122,0.884177908113392,2026-03-23 18:04:17.378065,2026-03-23 18:04:17.677865,0 days 00:00:00.299800,0.991078023054469,1.6102422978775974,0.13914584371162284,7,1.083106382671183,0.09437309327819733,0.029055360978016427,0.8542566114385743,COMPLETE
1123,0.8848621700879765,2026-03-23 18:04:17.693403,2026-03-23 18:04:17.994572,0 days 00:00:00.301169,0.9733360591484175,2.0821119191407558,0.12594248670170152,8,1.17560832221917,0.027207922583288944,0.011961189390800226,0.8830768630531214,COMPLETE
1124,0.8804379276637342,2026-03-23 18:04:18.010525,2026-03-23 18:04:18.308772,0 days 00:00:00.298247,0.9933537733392818,2.286484956725212,0.11248600189190443,8,1.119597491982401,3.633309504919334,0.014868231672121828,0.8670341671162582,COMPLETE
1125,0.8759110459433042,2026-03-23 18:04:18.344043,2026-03-23 18:04:18.588842,0 days 00:00:00.244799,0.9796774684387581,2.519362378203247,0.1338398367331704,8,9.608466893684033,0.39715449260746244,0.03466861407002295,0.784115446502043,COMPLETE
1126,0.8850263929618769,2026-03-23 18:04:18.604571,2026-03-23 18:04:18.878078,0 days 00:00:00.273507,0.9599228487267772,2.661500703886946,0.14932442186912384,8,1.2057911413451003,0.20049272839094023,0.018683084671922357,0.8543565963685656,COMPLETE
1127,0.8852023460410556,2026-03-23 18:04:18.897583,2026-03-23 18:04:19.172453,0 days 00:00:00.274870,0.9857040885079323,1.4858261770711627,0.16267960512508756,8,1.0499982766080553,0.059952095277859885,0.025847256897152344,0.8950993871006182,COMPLETE
1128,0.8854398826979472,2026-03-23 18:04:19.186230,2026-03-23 18:04:19.440563,0 days 00:00:00.254333,0.9988748485896325,1.7392018594080256,0.12113413459944188,8,1.127591655632069,0.7239223918608899,0.021317460667422218,0.8741993675685327,COMPLETE
1129,0.8860537634408603,2026-03-23 18:04:19.457090,2026-03-23 18:04:19.735192,0 days 00:00:00.278102,0.9672226861385164,1.9143819770884243,0.13984794570969475,8,1.3986524517561538,1.149051976238281,0.029334714326837645,0.8601800071091356,COMPLETE
1130,0.8883597262952102,2026-03-23 18:04:19.752613,2026-03-23 18:04:20.035050,0 days 00:00:00.282437,0.9803424343783143,1.3107521179213897,0.12580205352971374,8,1.2724934430774508,0.012107770877400805,0.035222431047987064,0.8501145728216367,COMPLETE
1131,0.8850215053763439,2026-03-23 18:04:20.050824,2026-03-23 18:04:20.337670,0 days 00:00:00.286846,0.9687861586845639,1.10151703674234,0.1344935964321283,8,1.3548812430655415,0.010874707243835633,0.04504053493275593,0.8492637568118259,COMPLETE
1132,0.8866080156402736,2026-03-23 18:04:20.353424,2026-03-23 18:04:20.654924,0 days 00:00:00.301500,0.9517373885411552,1.2585062360698938,0.1264046216021697,8,1.3558996041860325,0.013416215844349655,0.038803931102597694,0.8486612337893426,COMPLETE
1133,0.8849550342130986,2026-03-23 18:04:20.670777,2026-03-23 18:04:20.955094,0 days 00:00:00.284317,0.9608279537762994,1.2689965585358907,0.14027305073209287,8,1.3151556921935539,0.024479577319475795,0.03818033506843735,0.9004691751796254,COMPLETE
1134,0.8847829912023459,2026-03-23 18:04:20.970317,2026-03-23 18:04:21.251254,0 days 00:00:00.280937,0.9734980710562737,1.1177466373857439,0.13164158242689725,8,1.3187472136536298,0.012272906452965823,0.047644584813948905,0.883041936844698,COMPLETE
1135,0.8857165200391006,2026-03-23 18:04:21.268783,2026-03-23 18:04:21.567098,0 days 00:00:00.298315,0.9775099514803232,1.2557651908113947,0.1532337442499561,8,1.2795131799385724,0.01818769961681327,0.034195665382989,0.8683823258527441,COMPLETE
1136,0.8844398826979472,2026-03-23 18:04:21.581717,2026-03-23 18:04:21.883834,0 days 00:00:00.302117,0.968661274510762,1.2128723831785293,0.1753462936695383,8,1.4259446577198402,0.0113143098407386,0.04334150453002818,0.8760749147884834,COMPLETE
1137,0.8832033235581623,2026-03-23 18:04:21.898418,2026-03-23 18:04:22.181855,0 days 00:00:00.283437,0.9809583896002392,1.1853747444279814,0.14417297124969686,6,1.5251680345264773,0.018589689224066674,0.03405341624391387,0.8603516941429146,COMPLETE
1138,0.8824477028347997,2026-03-23 18:04:22.198591,2026-03-23 18:04:22.557189,0 days 00:00:00.358598,0.960877807127518,1.3285540404184557,0.12867346344736535,5,1.2332868125991423,0.007421006578990489,0.033052400221863926,0.8461611787397583,COMPLETE
1139,0.8830664711632453,2026-03-23 18:04:22.576214,2026-03-23 18:04:22.859208,0 days 00:00:00.282994,0.952903109896151,1.3942969754030898,0.14859122691360985,8,1.2381876299950132,0.013225786983236947,0.04041345751526769,0.8905548486728341,COMPLETE
1140,0.8780058651026394,2026-03-23 18:04:22.875721,2026-03-23 18:04:23.216338,0 days 00:00:00.340617,0.6963136128467906,1.3688957201540726,0.13481478357209675,4,8.898228004419561,0.007508864919243019,0.029718053417898634,0.8524896864629541,COMPLETE
1141,0.8849677419354839,2026-03-23 18:04:23.233826,2026-03-23 18:04:23.526383,0 days 00:00:00.292557,0.9718540066556087,1.3712813909881436,0.1589071075807649,8,1.285281229323673,0.03846036597429062,0.04901925539754501,0.8665055684861329,COMPLETE
1142,0.8814418377321602,2026-03-23 18:04:23.541734,2026-03-23 18:04:23.850770,0 days 00:00:00.309036,0.9820509517729678,1.3274292133109018,0.12456920444341807,8,6.575468363292715,0.009933950428262903,0.013870151727907372,0.8788397589186846,COMPLETE
1143,0.8855278592375366,2026-03-23 18:04:23.866166,2026-03-23 18:04:24.143157,0 days 00:00:00.276991,0.96460887948237,1.151339586717544,0.19604932776134548,8,1.4256457111728134,0.027890529613362695,0.03544818900801762,0.8563606449421666,COMPLETE
1144,0.8803519061583577,2026-03-23 18:04:24.156880,2026-03-23 18:04:24.416285,0 days 00:00:00.259405,0.9779356705387704,1.4236476614956997,0.14205664223484168,8,1.265420340981183,0.01890031367630821,0.017483874452439048,0.871455837477981,COMPLETE
1145,0.88572238514174,2026-03-23 18:04:24.431832,2026-03-23 18:04:24.703375,0 days 00:00:00.271543,0.9858368402016049,1.5192808085089897,0.1310735191992813,8,1.2261615597596944,0.003987120659966957,1.4117409038473754,0.861881935308194,COMPLETE
1146,0.8818338220918865,2026-03-23 18:04:24.720400,2026-03-23 18:04:25.081842,0 days 00:00:00.361442,0.9729535860196966,1.2997640068935352,0.16691419188206186,3,1.3764027378976054,0.014938635540229573,0.02265910165822935,0.8421520200737672,COMPLETE
1147,0.8840742913000977,2026-03-23 18:04:25.097288,2026-03-23 18:04:25.368126,0 days 00:00:00.270838,0.7166332633839295,1.4477270660254973,0.15448916153471937,8,2.9223522171653027,5.514126562324287e-08,0.029240983477160132,0.8498132075716235,COMPLETE
1148,0.8853900293255133,2026-03-23 18:04:25.384007,2026-03-23 18:04:25.673472,0 days 00:00:00.289465,0.9495838682530201,0.9816916144037392,0.12034096844638859,8,1.2863390531093086,0.02925275489224478,0.025202804895426107,0.8824561958419153,COMPLETE
1149,0.8852267839687195,2026-03-23 18:04:25.690133,2026-03-23 18:04:25.973835,0 days 00:00:00.283702,0.9934794411927277,1.5462719489737562,0.1374693508101596,8,1.1734124944716593,0.0412995382479213,0.04053613594427204,0.8682803223223167,COMPLETE
1150,0.8855767350928642,2026-03-23 18:04:25.990980,2026-03-23 18:04:26.275359,0 days 00:00:00.284379,0.9855857913604766,1.078230703140295,0.12401668142081115,8,1.2123373047235486,2.0824910516560133,0.017838766294682864,0.8621754437373842,COMPLETE
1151,0.8853655913978495,2026-03-23 18:04:26.291647,2026-03-23 18:04:24.585257,-1 days +23:59:58.293610,0.9612838402377526,1.489770015804043,0.14943849568279677,8,1.3073636177917531,0.008647905274827028,2.2538622452248016,0.8879614932040569,COMPLETE
1152,0.8850469208211144,2026-03-23 18:04:24.601051,2026-03-23 18:04:24.881730,0 days 00:00:00.280679,0.9762397113434119,1.2482267382744614,0.13024160293164008,8,1.1999017937600032,0.02086046280065971,0.011657076211165813,0.8746639588358892,COMPLETE
1153,0.8844838709677418,2026-03-23 18:04:24.898160,2026-03-23 18:04:25.228367,0 days 00:00:00.330207,0.9676496345241933,1.6325106371552995,0.06384144623368444,8,1.3421828780966534,0.06067731292081824,0.03040062407160122,0.9067845017644524,COMPLETE
1154,0.8840635386119258,2026-03-23 18:04:25.244650,2026-03-23 18:04:25.547887,0 days 00:00:00.303237,0.9992815891488136,0.8938416865077601,0.17878100280660966,8,1.1645327677095973,0.04540231045082147,0.015573464393233776,0.85364082338333,COMPLETE
1155,0.8853167155425221,2026-03-23 18:04:25.562157,2026-03-23 18:04:25.852565,0 days 00:00:00.290408,0.9828911894949924,1.592895568059644,0.11987094143221548,8,1.2629818410210303,0.02071193177036301,0.021688695373085213,0.842476049759915,COMPLETE
1156,0.8858748778103618,2026-03-23 18:04:25.870022,2026-03-23 18:04:26.138489,0 days 00:00:00.268467,0.9924093029387339,1.5417048795640333,0.14332446781064903,8,1.562512206139796,0.005188500723272287,0.03548800093365805,0.8591164190802447,COMPLETE
1157,0.8837448680351907,2026-03-23 18:04:26.154384,2026-03-23 18:04:26.404124,0 days 00:00:00.249740,0.9556922606886038,1.4198479966026385,0.16170607953994087,8,2.702202073693846,0.0773413491848345,0.026426710568551753,0.6044302276431961,COMPLETE
1158,0.8844369501466275,2026-03-23 18:04:26.420457,2026-03-23 18:04:26.708349,0 days 00:00:00.287892,0.9754370429227862,1.642165165873975,0.1160358975006395,8,1.1623590183149164,0.012233331448906083,0.04883705003858644,0.8684700820316321,COMPLETE
1159,0.8801260997067448,2026-03-23 18:04:26.723793,2026-03-23 18:04:27.245489,0 days 00:00:00.521696,0.9864084165080294,2.6014500060673367,0.018914981076617186,7,3.4940437714826706,1.443520788947489,0.013973371679417524,0.8500276648259518,COMPLETE
1160,0.8854369501466276,2026-03-23 18:04:27.261459,2026-03-23 18:04:27.557726,0 days 00:00:00.296267,0.9677399126411175,1.3474778138036514,0.13371230311759805,8,1.201290214221804,0.03052085324120856,0.019941931039112536,0.8756270414889413,COMPLETE
1161,0.8832277614858262,2026-03-23 18:04:27.573595,2026-03-23 18:04:27.890249,0 days 00:00:00.316654,0.9802053322181133,1.4663861418235786,0.1721188591125839,8,1.1281899672846594,0.00227315904429889,0.03138915625920734,0.8619210113821762,COMPLETE
1162,0.8788699902248289,2026-03-23 18:04:27.909509,2026-03-23 18:04:28.164287,0 days 00:00:00.254778,0.992712423764796,2.433896007461836,0.12691260897354414,8,8.012670101531837,0.006099787437101564,0.024472059678329206,0.837504656146495,COMPLETE
1163,0.8837800586510265,2026-03-23 18:04:28.180164,2026-03-23 18:04:28.458506,0 days 00:00:00.278342,0.9468066760366185,2.771608205124785,0.14415742007305532,8,1.4432219419481742,0.11732168176136047,0.040034589525057646,0.8824213033031945,COMPLETE
1164,0.8869051808406647,2026-03-23 18:04:28.473898,2026-03-23 18:04:28.760817,0 days 00:00:00.286919,0.9604861943170849,1.596236800170068,0.15432663350300865,8,1.2644678909331553,0.9862773928164447,0.018158860448401037,0.8943446877516639,COMPLETE
1165,0.8858328445747801,2026-03-23 18:04:28.780191,2026-03-23 18:04:29.028030,0 days 00:00:00.247839,0.9747800580874882,1.688877417122347,0.18740053809874455,8,1.1147850901016225,0.06113918962422621,0.03502231851212105,0.8695051433245552,COMPLETE
1166,0.8836041055718475,2026-03-23 18:04:29.043970,2026-03-23 18:04:29.321679,0 days 00:00:00.277709,0.9861049385322322,1.1892747032799622,0.11804921984912936,8,1.2036143053256583,0.04038320871376869,0.022589786379022272,0.7094504615280526,COMPLETE
1167,0.8844310850439883,2026-03-23 18:04:29.336580,2026-03-23 18:04:29.610715,0 days 00:00:00.274135,0.9993626517390484,2.883670093707694,0.13754654894137724,8,1.0439110253036155,0.013592602896036527,0.027336290684385513,0.8549914137584042,COMPLETE
1168,0.8860957966764419,2026-03-23 18:04:29.627712,2026-03-23 18:04:29.912653,0 days 00:00:00.284941,0.9789231824572243,1.4482360339176663,0.1113631883275009,8,1.337484652560842,0.08485340749210811,0.01538695953993675,0.8462833462870881,COMPLETE
1169,0.8843870967741936,2026-03-23 18:04:29.929247,2026-03-23 18:04:30.205352,0 days 00:00:00.276105,0.8561150291206676,1.5648794432565059,0.1259070553440647,8,1.1456839402639292,0.7808712680158333,0.04328423556453257,0.8629006632336635,COMPLETE
1170,0.8851505376344087,2026-03-23 18:04:30.221852,2026-03-23 18:04:30.498537,0 days 00:00:00.276685,0.9686468530281622,1.7050657141393912,0.16236555544953207,8,1.0735239015177367,0.027980248893182378,0.019574478116789203,0.8751337652170337,COMPLETE
1171,0.8848494623655915,2026-03-23 18:04:30.514263,2026-03-23 18:04:30.784726,0 days 00:00:00.270463,0.987177789009328,1.7807648070648499,0.1477103142933371,8,1.2194653582752755,0.11096835405133408,0.03204163706330077,0.8876985872863398,COMPLETE
1172,0.8847409579667644,2026-03-23 18:04:30.800833,2026-03-23 18:04:31.061027,0 days 00:00:00.260194,0.9542793138154876,2.5287243942405095,0.13387290043745315,8,1.0956358022207122,0.008578304535912129,0.02506915650686418,0.8502186713269558,COMPLETE
1173,0.8878739002932551,2026-03-23 18:04:31.076848,2026-03-23 18:04:31.346248,0 days 00:00:00.269400,0.9815412532404406,1.3334749203096101,0.12179395372919409,8,1.2668645514263162,0.6078277334556276,0.012147997580458309,0.8662759937792737,COMPLETE
1174,0.8883128054740959,2026-03-23 18:04:31.361782,2026-03-23 18:04:31.689420,0 days 00:00:00.327638,0.9932260369066647,1.4154364674450217,0.11675377528162487,8,1.4030777891751007,0.7676024360930924,0.012270932786334416,0.8811942666739067,COMPLETE
1175,0.8858836754643207,2026-03-23 18:04:31.704673,2026-03-23 18:04:31.997508,0 days 00:00:00.292835,0.9931967225235281,1.1757174081900816,0.11024134901574063,8,1.4238466735494548,1.0434702424106173,0.010386053526037631,0.8964627793818714,COMPLETE
1176,0.8846217008797654,2026-03-23 18:04:32.013550,2026-03-23 18:04:32.289810,0 days 00:00:00.276260,0.994677540639839,1.3898883556691002,0.11560351409156577,8,1.4018482816134923,2.0277778286071224,0.01140861558406789,0.8881793458709459,COMPLETE
1177,0.8862629521016618,2026-03-23 18:04:32.305293,2026-03-23 18:04:32.589329,0 days 00:00:00.284036,0.9935466998301525,1.222735485363205,0.1059831952986133,8,1.4308702056354776,0.5920559104789113,0.0145611743688862,0.8808999970702006,COMPLETE
1178,0.8858602150537634,2026-03-23 18:04:32.605268,2026-03-23 18:04:32.893242,0 days 00:00:00.287974,0.9938053806703263,1.2852406339866165,0.11558965146001744,8,1.3906879452946603,1.3091994704811312,0.012165319753084176,0.8855252877127352,COMPLETE
1179,0.8854496578690128,2026-03-23 18:04:32.908139,2026-03-23 18:04:33.217354,0 days 00:00:00.309215,0.999860712171159,1.2421007581670296,0.10842304164304438,8,1.4761499184297076,0.7541014121086786,0.012147523343533886,0.8925846875133289,COMPLETE
1180,0.8832130987292278,2026-03-23 18:04:33.234494,2026-03-23 18:04:33.544366,0 days 00:00:00.309872,0.9873338876966506,1.3249301259343453,0.1173840025332018,8,1.508451386776739,1.2564768771978814,0.011494632520821519,0.9003443108935998,COMPLETE
1181,0.8869696969696971,2026-03-23 18:04:33.560199,2026-03-23 18:04:33.885425,0 days 00:00:00.325226,0.9894191775523333,1.0661687646677127,0.12082618554184434,8,1.3665588772788493,0.5613417484154284,0.012137464395267453,0.8821064371432416,COMPLETE
1182,0.8850087976539589,2026-03-23 18:04:33.902001,2026-03-23 18:04:34.220749,0 days 00:00:00.318748,0.9843942711698699,1.124814738715318,0.11069896895639364,8,1.480323577092187,0.8473231672144789,0.01048540493114666,0.902775026763606,COMPLETE
1183,0.8871114369501466,2026-03-23 18:04:34.237994,2026-03-23 18:04:34.541363,0 days 00:00:00.303369,0.999475137067898,1.2930178797687728,0.12136378581803411,8,1.3420112288522712,1.5432668862770107,0.012381857169019787,0.8734005071095923,COMPLETE
1184,0.8864477028347997,2026-03-23 18:04:34.558096,2026-03-23 18:04:34.859088,0 days 00:00:00.300992,0.9888256863430768,0.9989639555269412,0.11426524848540517,8,1.3186590662493953,0.5476632931408913,0.01279278928437865,0.8765639866649733,COMPLETE
1185,0.8872903225806452,2026-03-23 18:04:34.875083,2026-03-23 18:04:35.166422,0 days 00:00:00.291339,0.9927037999538356,1.3182846950452531,0.10361054062621117,8,1.3523511051150254,0.8711343834908307,0.011064435758264294,0.8901173300811035,COMPLETE
1186,0.8842600195503423,2026-03-23 18:04:35.181805,2026-03-23 18:04:35.468402,0 days 00:00:00.286597,0.9998065821412261,1.3548379698087074,0.12216667265581947,8,1.289231545878123,1.889148924727483,0.0103492095273671,0.86889127208972,COMPLETE
1187,0.8843411534701858,2026-03-23 18:04:35.484387,2026-03-23 18:04:35.795266,0 days 00:00:00.310879,0.9828480804386023,1.1691174600461214,0.11190412876755214,8,1.51395089433987,0.5206150572231381,0.012886944078300315,0.8799510074332646,COMPLETE
1188,0.8851661779081134,2026-03-23 18:04:35.809141,2026-03-23 18:04:36.102349,0 days 00:00:00.293208,0.9864547595594515,1.3871609222099284,0.12142698625875666,8,1.3719107638274,2.5298828666838586,0.010100432363390234,0.8662214382991751,COMPLETE
1189,0.8865640273704789,2026-03-23 18:04:36.118936,2026-03-23 18:04:36.477565,0 days 00:00:00.358629,0.9995645860074215,1.4157445247036344,0.10424136156855135,8,1.3014341747439127,1.0959329934554503,0.013249721537388574,0.8358991183617485,COMPLETE
1190,0.8849755620723363,2026-03-23 18:04:36.492978,2026-03-23 18:04:36.808079,0 days 00:00:00.315101,0.9820573591789428,1.2513782875557407,0.11408239276868981,8,1.4659898748342166,0.38514066224223426,0.012226784959270733,0.8591633090978117,COMPLETE
1191,0.8870879765395895,2026-03-23 18:04:36.823805,2026-03-23 18:04:37.096305,0 days 00:00:00.272500,0.991129305622519,1.459210932986302,0.12378439573204893,8,1.5958861359635694,0.6801058949507354,0.013804723829091436,0.8779363922708069,COMPLETE
1192,0.8873988269794721,2026-03-23 18:04:37.113186,2026-03-23 18:04:37.429627,0 days 00:00:00.316441,0.9814202759465311,1.3613050468954024,0.10073305998916185,8,1.315398753835945,0.438755733950398,0.01595551731490921,0.8674444940626133,COMPLETE
1193,0.8862043010752688,2026-03-23 18:04:37.443586,2026-03-23 18:04:37.728297,0 days 00:00:00.284711,0.9928833469714378,1.4727831822511128,0.1164647810840483,8,1.3934820465572,0.8858118518690064,0.010311138928475159,0.8418214525343661,COMPLETE
1194,0.8879814271749755,2026-03-23 18:04:37.746005,2026-03-23 18:04:38.049560,0 days 00:00:00.303555,0.9808643962692232,1.293402759669947,0.1075325787136022,8,1.2699380766630002,0.6576708010501726,0.01718279710363759,0.8894266550393807,COMPLETE
1195,0.886347018572825,2026-03-23 18:04:38.063680,2026-03-23 18:04:38.336534,0 days 00:00:00.272854,0.9762165479609413,1.3006468527264274,0.09887771660661909,8,1.338551707366614,1.0957308917334565,0.013926470587308297,0.8996011195190519,COMPLETE
1196,0.8859853372434018,2026-03-23 18:04:38.351252,2026-03-23 18:04:38.664581,0 days 00:00:00.313329,0.9757596102258262,1.0220102453527549,0.09121383407043589,8,1.3984544259797698,0.7472928345868914,0.013913233193341734,0.8883651531347524,COMPLETE
1197,0.8853870967741935,2026-03-23 18:04:38.680858,2026-03-23 18:04:38.979574,0 days 00:00:00.298716,0.9800818989279223,1.268434232556513,0.09655405771549773,7,1.2613412639068105,1.5771852518850256,0.014863964523177037,0.9080639507194752,COMPLETE
1198,0.8874056695992179,2026-03-23 18:04:38.995763,2026-03-23 18:04:39.289097,0 days 00:00:00.293334,0.9713858619243098,1.0668760025805637,0.10911416241878162,8,1.296629247099086,0.6000427021848207,0.014949492405270806,0.8932827890021111,COMPLETE
1199,0.8853499511241447,2026-03-23 18:04:39.305205,2026-03-23 18:04:39.599027,0 days 00:00:00.293822,0.9811701604061606,1.2324223679650945,0.10432494450565717,8,1.4522534477583526,1.3311348447115974,0.011960983651113354,0.905420411625642,COMPLETE
1200,0.8852336265884654,2026-03-23 18:04:39.615444,2026-03-23 18:04:39.905307,0 days 00:00:00.289863,0.9735235046774661,1.0954422707572344,0.10577252610775378,8,1.2862179154320474,0.8937117167487867,0.01594392449201035,0.918541281739064,COMPLETE
1201,0.8880068426197458,2026-03-23 18:04:39.922368,2026-03-23 18:04:40.206937,0 days 00:00:00.284569,0.98014366007679,1.4808188319315208,0.10188122720582567,8,1.3547077376541456,0.534369334708598,0.01386301252814246,0.9116439473321287,COMPLETE
1202,0.8842101661779082,2026-03-23 18:04:40.223051,2026-03-23 18:04:40.529515,0 days 00:00:00.306464,0.9721694276679268,1.285861157445658,0.09279740989245806,8,1.3932008163829304,0.7463584334300354,0.010931901016623329,0.9073045982884117,COMPLETE
1203,0.8864525904203323,2026-03-23 18:04:40.543770,2026-03-23 18:04:40.850891,0 days 00:00:00.307121,0.9734655200587468,1.342091434623409,0.09786695857485862,8,1.3497215510787504,1.2257688025085696,0.010782039703269478,0.9134080203881473,COMPLETE
1204,0.8810860215053764,2026-03-23 18:04:40.867437,2026-03-23 18:04:41.146316,0 days 00:00:00.278879,0.9783079634082738,1.1412161219701273,0.10671868635964618,8,1.4032901990083184,3.190270444247333,0.013866292286819843,0.8936285728670545,COMPLETE
1205,0.883909090909091,2026-03-23 18:04:41.163474,2026-03-23 18:04:41.446534,0 days 00:00:00.283060,0.9664597646948323,1.1966928173496776,0.0971052074922283,8,1.3298004951869529,1.7458944615507115,0.01255757602817815,0.9034394329203886,COMPLETE
1206,0.883099706744868,2026-03-23 18:04:41.462517,2026-03-23 18:04:41.818134,0 days 00:00:00.355617,0.9784799760426448,1.1817016854566442,0.08577878638534424,8,1.277784904527112,0.9207169542125289,0.015616588605973137,0.921749269341946,COMPLETE
1207,0.8856422287390029,2026-03-23 18:04:41.833997,2026-03-23 18:04:42.143169,0 days 00:00:00.309172,0.9678149558107988,1.3620374905153247,0.0984262615994319,8,1.270173804223073,0.5349156952293843,0.013209235384441366,0.9128170935634824,COMPLETE
1208,0.8834164222873899,2026-03-23 18:04:42.159986,2026-03-23 18:04:42.466773,0 days 00:00:00.306787,0.9821586561136628,1.3592983204514817,0.10300730106835752,8,1.353632061656089,0.6464095022185871,0.010212565429354694,0.9436138610777948,COMPLETE
1209,0.8833186705767351,2026-03-23 18:04:42.481595,2026-03-23 18:04:42.807383,0 days 00:00:00.325788,0.9738118650733749,1.2317802471608064,0.10724301172518465,6,1.2595963571964475,0.460368227738077,0.013508674762575727,0.9136233307742732,COMPLETE
1210,0.8822697947214077,2026-03-23 18:04:42.824013,2026-03-23 18:04:43.164716,0 days 00:00:00.340703,0.9824530990165506,1.4339088825246935,0.1054960486897023,8,1.4438081060982142,2.6549246739004757,0.011824873630281837,0.8781214436353413,COMPLETE
1211,0.885041055718475,2026-03-23 18:04:43.180751,2026-03-23 18:04:43.486354,0 days 00:00:00.305603,0.9654768711770771,1.299627166230453,0.09944313994805473,8,1.3027269789306255,0.7863616689304884,0.0189907349294702,0.9020438378820296,COMPLETE
1212,0.884546432062561,2026-03-23 18:04:43.499910,2026-03-23 18:04:43.861201,0 days 00:00:00.361291,0.9766760923827804,1.4181307357935844,0.0490236327392971,8,1.37144076516509,1.2936051967681648,0.010054818273012195,0.8977597942611064,COMPLETE
1213,0.8854946236559138,2026-03-23 18:04:43.877519,2026-03-23 18:04:44.199052,0 days 00:00:00.321533,0.98417241434313,1.168858645437683,0.09139686607747248,8,1.2541744278308813,0.5071181867873639,0.014453016430244173,0.9308076584428953,COMPLETE
1214,0.8833929618768329,2026-03-23 18:04:44.215464,2026-03-23 18:04:44.509131,0 days 00:00:00.293667,0.9701296624133806,1.4333010694974706,0.1101261665509015,8,1.2424730907279615,1.0151132332253374,0.015122224623704422,0.9232788016310909,COMPLETE
1215,0.8856246334310851,2026-03-23 18:04:44.524064,2026-03-23 18:04:44.819223,0 days 00:00:00.295159,0.985218008709021,1.3806912891082535,0.10137688793754272,8,1.3456998370988267,0.6356417594325285,0.01268522670743737,0.9355202112386751,COMPLETE
1216,0.8857839687194526,2026-03-23 18:04:44.835287,2026-03-23 18:04:45.226276,0 days 00:00:00.390989,0.9754886647261546,1.2786710673814434,0.11258528781935198,8,1.4558665328715157,1.7258885959801982,0.015519191642355632,0.9308822085452315,COMPLETE
1217,0.8848396871945259,2026-03-23 18:04:45.243021,2026-03-23 18:04:45.526024,0 days 00:00:00.283003,0.9601748398459102,1.4716528349471154,0.09490115845626547,8,1.2602066304790196,0.42365359671941627,0.01693516476768639,0.9143017477842116,COMPLETE
1218,0.8872326490713587,2026-03-23 18:04:45.543533,2026-03-23 18:04:45.845606,0 days 00:00:00.302073,0.9867772137292155,1.4919080435757217,0.10836967714023767,8,1.3037859324967263,0.7860429406629018,0.015948803450826197,0.8989384363168503,COMPLETE
1219,0.885830889540567,2026-03-23 18:04:45.861492,2026-03-23 18:04:46.172782,0 days 00:00:00.311290,0.9791965238247009,1.3474504485972676,0.10205084631311713,8,1.3355434386849787,0.40006721233801756,0.012333405875528456,0.9214816710109573,COMPLETE
1220,0.8811348973607038,2026-03-23 18:04:46.188436,2026-03-23 18:04:46.527398,0 days 00:00:00.338962,0.9713708232282917,1.220193106496776,0.11209975961793078,8,7.0785028505294845,0.6064034299369832,0.01706960174142007,0.8897089694050434,COMPLETE
1221,0.8873274682306941,2026-03-23 18:04:46.544065,2026-03-23 18:04:46.831379,0 days 00:00:00.287314,0.9634635155686799,1.4870449219074866,0.10524455108713139,8,1.2257973343916888,1.0510749053602384,0.013819161748723463,0.9097449709471185,COMPLETE
1222,0.8863225806451613,2026-03-23 18:04:46.847263,2026-03-23 18:04:47.145788,0 days 00:00:00.298525,0.9872048579074036,1.3433294064848704,0.11646773639781477,8,1.2348068127588576,1.5298241929870748,0.016527920025745862,0.8967458944969471,COMPLETE
1223,0.8835620723362659,2026-03-23 18:04:47.161828,2026-03-23 18:04:47.440481,0 days 00:00:00.278653,0.7509265905884331,1.50384175537398,0.11140012818910919,8,1.3846055320591788,0.5395084771659462,0.013897276149031974,0.9126231092661781,COMPLETE
1224,0.8865894428152492,2026-03-23 18:04:47.455716,2026-03-23 18:04:47.744681,0 days 00:00:00.288965,0.9800785710259866,1.4197644720627889,0.11044537960702402,8,1.2350463630954795,0.41923002551813526,0.012528511874430338,0.9188731205406319,COMPLETE
1225,0.8849872922776147,2026-03-23 18:04:47.759485,2026-03-23 18:04:48.057421,0 days 00:00:00.297936,0.9454272643816655,1.1189327131071856,0.09963329674243925,8,1.3033830309904744,0.9309118982024087,0.01685397876115546,0.884108853329917,COMPLETE
1226,0.8826608015640274,2026-03-23 18:04:48.072639,2026-03-23 18:04:48.408458,0 days 00:00:00.335819,0.9683612694482191,1.5245461454416458,0.11814002320376223,8,1.499758720069837,2.3817446917695464,0.010121718422758564,0.8885422415379685,COMPLETE
1227,0.8853216031280547,2026-03-23 18:04:48.421764,2026-03-23 18:04:48.702583,0 days 00:00:00.280819,0.9845595500307527,1.2431552167209121,0.11477446676794183,7,1.2172823436258593,0.3718676915774262,0.017772920501826415,0.8839071194217423,COMPLETE
1228,0.8867712609970673,2026-03-23 18:04:48.720076,2026-03-23 18:04:49.000502,0 days 00:00:00.280426,0.9756383044077979,1.3920136379704564,0.10830817596964604,8,1.2894871736242708,0.6065160894510561,0.011206530607773255,0.9043885363580544,COMPLETE
1229,0.8849579667644184,2026-03-23 18:04:49.015486,2026-03-23 18:04:49.288029,0 days 00:00:00.272543,0.9873919133028559,1.545850945291753,0.10238605077900617,8,1.3772784964200846,1.1633815076350968,0.016262385045242123,0.8932292820918543,COMPLETE
1230,0.8874868035190615,2026-03-23 18:04:49.305846,2026-03-23 18:04:49.585491,0 days 00:00:00.279645,0.9640553331439723,1.28425571792145,0.11699068784672305,8,1.2097955451388613,0.3518773374209298,0.012606356426220943,0.8833886898813113,COMPLETE
1231,0.8791935483870968,2026-03-23 18:04:49.601187,2026-03-23 18:04:49.917581,0 days 00:00:00.316394,0.9781387147758871,0.9421556365781969,0.10668438417182076,8,10.432919478986545,0.7001903679729119,0.01500423063816929,0.8722438621481706,COMPLETE
1232,0.8833343108504399,2026-03-23 18:04:49.933444,2026-03-23 18:04:50.235377,0 days 00:00:00.301933,0.9869442768262929,1.4600213651322467,0.07987501737696431,8,1.2651773406837428,0.003274763438256877,0.018192024881488023,0.896131638223208,COMPLETE
1233,0.8837253176930596,2026-03-23 18:04:50.249070,2026-03-23 18:04:50.533149,0 days 00:00:00.284079,0.9713962948302276,1.328425134140094,0.09564570821188509,8,1.328806704395057,1.4664051319347196,0.01367924160440121,0.8651347282350466,COMPLETE
1234,0.8850410557184751,2026-03-23 18:04:50.549504,2026-03-23 18:04:51.008819,0 days 00:00:00.459315,0.9787517194621262,1.5136846202492527,0.03800817779378071,8,1.433119327110309,0.3711900191836977,0.01799613815570364,0.8759847048815333,COMPLETE
1235,0.8848944281524926,2026-03-23 18:04:51.025545,2026-03-23 18:04:51.285608,0 days 00:00:00.260063,0.954188844719772,2.7248721227423225,0.11488238015262171,8,1.2281829023632693,0.8876572466264024,0.015438896664164169,0.8822278118771091,COMPLETE
1236,0.8859178885630499,2026-03-23 18:04:51.302094,2026-03-23 18:04:51.613076,0 days 00:00:00.310982,0.9882644161928182,1.413297135242372,0.08937580612779113,8,1.1943243636348562,0.34606389776973623,0.011637900066736687,0.8585892250513002,COMPLETE
1237,0.8882903225806451,2026-03-23 18:04:51.629987,2026-03-23 18:04:51.908009,0 days 00:00:00.278022,0.9664798075489751,1.5645644927053308,0.1200818324790158,8,1.3158102502335078,0.6276582320828814,0.01816847080563169,0.8710069898877959,COMPLETE
1238,0.8857008797653958,2026-03-23 18:04:51.931623,2026-03-23 18:04:52.210900,0 days 00:00:00.279277,0.9568600028156499,1.5930820189630097,0.12058466720981696,8,1.5505825497054357,0.8891053372183187,0.019612694899947766,0.9246486836139621,COMPLETE
1239,0.8838289345063539,2026-03-23 18:04:52.225113,2026-03-23 18:04:52.501561,0 days 00:00:00.276448,0.9572886662675155,1.5967464978172028,0.12270142306631186,8,1.4892778082016394,2.1134652074951634,0.01996022056647494,0.8687251854084027,COMPLETE
1240,0.8856256109481917,2026-03-23 18:04:52.517776,2026-03-23 18:04:52.799956,0 days 00:00:00.282180,0.962815203775305,1.5292736413995016,0.12397128917912897,8,1.3762735857517823,0.6614543526440934,3.3520423027889397,0.859711792516664,COMPLETE
1241,0.885782991202346,2026-03-23 18:04:52.816807,2026-03-23 18:04:53.113783,0 days 00:00:00.296976,0.9486976518441561,1.1765587763206078,0.11585817403078383,8,1.4203718386223456,1.4452638071499664,0.017555359195437412,0.8649414361867501,COMPLETE
1242,0.8856441837732161,2026-03-23 18:04:53.130433,2026-03-23 18:04:53.401036,0 days 00:00:00.270603,0.9613116755875567,1.441364850831945,0.12400684241974783,8,1.3358679208397193,0.9823447749282652,0.019220985195093646,0.8570823726445729,COMPLETE
1243,0.8805874877810362,2026-03-23 18:04:53.417358,2026-03-23 18:04:53.737221,0 days 00:00:00.319863,0.967937945531131,1.56787530196451,0.11900522070109806,8,1.4511496486807298,4.015929037659413,0.02070582805101394,0.8704360364946276,COMPLETE
1244,0.8860938416422287,2026-03-23 18:04:53.752315,2026-03-23 18:04:54.041474,0 days 00:00:00.289159,0.9423594987924694,2.629347513935253,0.12663254043807387,8,1.3158436970870804,0.491412207850249,0.016890677499386927,0.8510786606688016,COMPLETE
1245,0.884811339198436,2026-03-23 18:04:54.055087,2026-03-23 18:04:54.322019,0 days 00:00:00.266932,0.9508623722047953,1.330579012771692,0.12028048903232919,8,1.372990873383992,0.6289262738195408,0.020587679753499614,0.8635586570151564,COMPLETE
1246,0.8841153470185728,2026-03-23 18:04:54.337760,2026-03-23 18:04:54.712840,0 days 00:00:00.375080,0.9653301608067938,1.0509092712958639,0.045411365421848954,8,1.2976949162934122,1.7637326297070207e-07,0.016785866131448297,0.8734491002538141,COMPLETE
1247,0.8853949169110458,2026-03-23 18:04:54.726415,2026-03-23 18:04:55.001675,0 days 00:00:00.275260,0.9590541299093974,1.4710039682743383,0.11191991832123703,8,1.1984129934281968,1.0169939920613833,0.013664253587746998,0.8564169252874061,COMPLETE
1248,0.8851925708699901,2026-03-23 18:04:55.017932,2026-03-23 18:04:55.307434,0 days 00:00:00.289502,0.9694183237540115,1.5501177852660626,0.1254240990704869,8,1.2699309748908374,0.6623824246790602,0.02137025289920947,0.8464178430423339,COMPLETE
1249,0.8871935483870969,2026-03-23 18:04:55.323490,2026-03-23 18:04:55.618928,0 days 00:00:00.295438,0.9707799593353419,1.6256480283622083,0.11278662432773673,8,1.4227633383250915,1.04665142712445,0.35715634957077397,0.865157729893533,COMPLETE
1250,0.8778768328445747,2026-03-23 18:04:55.635429,2026-03-23 18:04:55.899632,0 days 00:00:00.264203,0.9422413749967333,1.3729659255164932,0.11827836034301538,8,1.1838554296451858,5.44155112141997,0.01930489227251983,0.8745458185433306,COMPLETE
1251,0.8838582600195504,2026-03-23 18:04:55.916075,2026-03-23 18:04:56.226991,0 days 00:00:00.310916,0.9527255654814464,1.2680049338526505,0.12728230525363388,6,1.267544918360475,1.9490812687894783,0.014851642947988224,0.8544117631286412,COMPLETE
1252,0.8868944281524926,2026-03-23 18:04:56.241931,2026-03-23 18:04:56.596633,0 days 00:00:00.354702,0.9619762134870946,1.6428689786493984,0.11569453046987174,8,1.3353162559993694,0.5155973720710947,0.010012500633908746,0.8391052442320428,COMPLETE
1253,0.884149560117302,2026-03-23 18:04:56.612578,2026-03-23 18:04:55.058196,-1 days +23:59:58.445618,0.6477721483741328,1.4844035662794153,0.07150338586447713,8,1.5420226251205482,1.254559782105795,0.02238280312942719,0.7454078303132179,COMPLETE
1254,0.8835503421309874,2026-03-23 18:04:55.073814,2026-03-23 18:04:55.348948,0 days 00:00:00.275134,0.7734115143725194,1.4001271615765778,0.1979861814273397,8,1.208883846938566,0.7298257371912672,0.01743120423876964,0.8672376071501332,COMPLETE
1255,0.8846823069403715,2026-03-23 18:04:55.364523,2026-03-23 18:04:55.641377,0 days 00:00:00.276854,0.9686811117014299,1.1616085966380794,0.12720158657457872,8,1.2464461360583698,0.002208921539134929,0.013583341952743733,0.8596135506174528,COMPLETE
1256,0.8841446725317694,2026-03-23 18:04:55.654928,2026-03-23 18:04:55.924564,0 days 00:00:00.269636,0.9735883306694524,1.6125871350893,0.10990005129936861,8,1.1837892674831398,0.5050502754967219,0.02120591542508243,0.797841037915923,COMPLETE
1257,0.8867409579667644,2026-03-23 18:04:55.939753,2026-03-23 18:04:56.235930,0 days 00:00:00.296177,0.9750546999890849,1.5505786372140364,0.11958062299956354,8,1.3589928344899747,0.8057471020985665,0.017507063866734663,0.847434881445807,COMPLETE
1258,0.8842727272727273,2026-03-23 18:04:56.253537,2026-03-23 18:04:56.509952,0 days 00:00:00.256415,0.9598700885934811,2.5706107364816844,0.12844020681463864,8,1.17925655752207,0.0050235415981347165,0.01283380327602044,0.8757958503454836,COMPLETE
1259,0.8803176930596285,2026-03-23 18:04:56.525779,2026-03-23 18:04:56.880067,0 days 00:00:00.354288,0.9445493462219393,1.672161926638178,0.11932266476507347,3,1.295621711243053,1.7364198814396925,0.022940811338415315,0.8682671562573587,COMPLETE
1260,0.8850586510263929,2026-03-23 18:04:56.896127,2026-03-23 18:04:57.173819,0 days 00:00:00.277692,0.9667270630032893,1.3533259807584168,0.11157596872268352,8,1.2471151103379938,0.4830632076718327,0.01635324226947126,0.8530191708142474,COMPLETE
1261,0.886435972629521,2026-03-23 18:04:57.189546,2026-03-23 18:04:57.466460,0 days 00:00:00.276914,0.977280072436359,1.4725031799943848,0.12904728858772826,8,1.4128390698150606,1.3173994962170075,0.019095194045835658,0.8329783445699367,COMPLETE
1262,0.8814819159335288,2026-03-23 18:04:57.483313,2026-03-23 18:04:57.793722,0 days 00:00:00.310409,0.9531311637828815,1.261384404010852,0.18198377345103794,4,1.185307386965258,0.7269136081258882,0.014899703235432387,0.8607828342951783,COMPLETE
1263,0.8879687194525904,2026-03-23 18:04:57.810106,2026-03-23 18:04:58.100445,0 days 00:00:00.290339,0.9759267868461766,2.7406472765708028,0.12028309522402447,8,1.2902867846362096,0.001376454728591322,0.01224698516499183,0.8769164274493316,COMPLETE
1264,0.8849833822091886,2026-03-23 18:04:58.116738,2026-03-23 18:04:58.400730,0 days 00:00:00.283992,0.9707887459569688,2.837734785071251,0.12951066033315875,8,1.4549551288539408,0.0011281062308664748,0.01193962294092855,0.8815804111485654,COMPLETE
1265,0.8827878787878788,2026-03-23 18:04:58.418116,2026-03-23 18:04:58.672444,0 days 00:00:00.254328,0.9786496347526963,2.822364998704715,0.12313761286738631,8,5.498931350131624,0.001534125791543321,0.011800076635377606,0.8809730685105045,COMPLETE
1266,0.8837438905180841,2026-03-23 18:04:58.689007,2026-03-23 18:04:58.944860,0 days 00:00:00.255853,0.6675070554160834,2.871975307009376,0.12793117328112072,7,1.3804720418838146,0.005935035139126542,0.012709219251981664,0.8798961003771827,COMPLETE
1267,0.8883929618768328,2026-03-23 18:04:58.961990,2026-03-23 18:04:59.234247,0 days 00:00:00.272257,0.9790144361166062,2.46294182741483,0.12048003384105568,8,1.3162312535036915,0.008508910940743521,0.0118615421434493,0.8739967718571721,COMPLETE
1268,0.8854340175953079,2026-03-23 18:04:59.249699,2026-03-23 18:04:59.511676,0 days 00:00:00.261977,0.9718747724152427,2.913893737752567,0.1179314758522482,8,1.5160867509054345,0.0019224227798535416,0.010713128380741926,0.8843161353406095,COMPLETE
1269,0.8832424242424243,2026-03-23 18:04:59.527968,2026-03-23 18:04:59.819422,0 days 00:00:00.291454,0.974903530702879,3.0245621746186044,0.11573683158403399,5,1.3847215945046885,0.0025698835907014277,0.010548793184832306,0.8887260240299301,COMPLETE
1270,0.8853186705767352,2026-03-23 18:04:59.835571,2026-03-23 18:05:00.107546,0 days 00:00:00.271975,0.9681691420080298,2.792022288017745,0.11046471926774531,8,1.46338450584645,0.004935193030924218,0.011480564234257315,0.877210146843581,COMPLETE
1271,0.8794115347018573,2026-03-23 18:05:00.127099,2026-03-23 18:05:00.500414,0 days 00:00:00.373315,0.979461982740617,2.7765305068400976,0.016720278308654867,8,1.3273484987748212,0.009257388713539868,0.01652863557510888,0.892591432044871,COMPLETE
1272,0.8847810361681329,2026-03-23 18:05:00.518987,2026-03-23 18:05:00.795465,0 days 00:00:00.276478,0.8703132990677557,2.982879809192818,0.11808577500788091,8,1.3525933963133252,0.0032592587584324025,0.010006340474114115,0.8749125496211079,COMPLETE
1273,0.8829941348973607,2026-03-23 18:05:00.812376,2026-03-23 18:05:01.271137,0 days 00:00:00.458761,0.9664938652169722,2.651457578124234,0.027427989028155405,8,1.4208027918684127,0.0033082098288921887,0.011604544912838195,0.8740895707747226,COMPLETE
1274,0.8873020527859237,2026-03-23 18:05:01.287424,2026-03-23 18:05:01.555257,0 days 00:00:00.267833,0.9803663869425425,2.637981673620386,0.10636666123711092,8,1.321138667139338,0.003943790111715831,0.010248887169740253,0.8883053086748108,COMPLETE
1275,0.8867575757575757,2026-03-23 18:05:01.571895,2026-03-23 18:05:01.847346,0 days 00:00:00.275451,0.9751026228759885,2.666426722496615,0.11914543798425058,8,1.3185446958468419,0.00470654285683016,0.012766592948227604,0.8811623244189177,COMPLETE
1276,0.886683284457478,2026-03-23 18:05:01.863765,2026-03-23 18:05:02.121881,0 days 00:00:00.258116,0.9631851188697257,2.726881366163316,0.1204814093971012,8,1.3806908101202102,0.0072866521866708405,0.011965012447819903,0.8709115037723044,COMPLETE
1277,0.8821358748778103,2026-03-23 18:05:02.137509,2026-03-23 18:05:02.385298,0 days 00:00:00.247789,0.9820140296436147,2.7439622656918408,0.18563491765069656,8,1.4410737483545433,0.0023218947439014787,0.013315355726770648,0.8787831578856694,COMPLETE
1278,0.8871055718475074,2026-03-23 18:05:02.399194,2026-03-23 18:05:02.694073,0 days 00:00:00.294879,0.9737119025465555,2.800205326830896,0.1223903533650491,8,1.2926816343771275,0.0010442052612853795,0.010105415791799872,0.8901850319297144,COMPLETE
1279,0.8862287390029326,2026-03-23 18:05:02.711545,2026-03-23 18:05:03.000618,0 days 00:00:00.289073,0.9834829596195009,2.514680060219558,0.11397405174306384,8,1.5776472810866924,0.003501997746098548,0.013948868937047623,0.8795226289201143,COMPLETE
1280,0.8854428152492668,2026-03-23 18:05:03.016897,2026-03-23 18:05:03.308876,0 days 00:00:00.291979,0.9643360312641117,2.559481839996394,0.10627732393605727,8,1.2879833406675778,0.006158930693875611,0.012212729418585758,0.8722410852829955,COMPLETE
1281,0.8853880742913001,2026-03-23 18:05:03.324355,2026-03-23 18:05:03.589041,0 days 00:00:00.264686,0.976762928942386,2.6955742226486,0.1280237661344941,8,1.3975653780390052,0.003042866540278403,0.013426932262372768,0.8728884365157288,COMPLETE
1282,0.8848142717497556,2026-03-23 18:05:03.604417,2026-03-23 18:05:03.980986,0 days 00:00:00.376569,0.9691588941347621,2.9551354178555553,0.040989932359365676,8,1.33292595706278,0.0015078635242953174,0.011757888737760921,0.9033674501492136,COMPLETE
1283,0.8850625610948192,2026-03-23 18:05:03.997789,2026-03-23 18:05:04.288601,0 days 00:00:00.290812,0.9844147776103943,2.879470258594608,0.11149530691006457,8,1.2586539058303345,0.01016888615084342,0.010049360855221462,0.884736236986447,COMPLETE
1284,0.8750146627565983,2026-03-23 18:05:04.303846,2026-03-23 18:05:04.609124,0 days 00:00:00.305278,0.9727094374249303,2.389823548265728,0.012615890588785823,8,1.4623584615429643,0.0015559946363238504,0.013569344860335411,0.8666747690096404,COMPLETE
1285,0.8848680351906159,2026-03-23 18:05:04.625601,2026-03-23 18:05:04.895057,0 days 00:00:00.269456,0.9816076035730552,2.6238928847242002,0.12346563318223404,8,1.284709671666895,0.004649520065321219,0.013934368574193603,0.8692970625525092,COMPLETE
1286,0.8841358748778103,2026-03-23 18:05:04.911281,2026-03-23 18:05:05.153196,0 days 00:00:00.241915,0.9634159835160145,2.5544210164672245,0.1735303029044558,8,4.0787109023496155,0.006216945845943083,0.01574123904877549,0.8921175412908309,COMPLETE
1287,0.8830586510263929,2026-03-23 18:05:05.168866,2026-03-23 18:05:05.438994,0 days 00:00:00.270128,0.9867042507673482,2.7033669485471754,0.12903763758630254,8,1.3967348915568742,0.0024701174670285976,0.014687378657932317,0.8777982876260674,COMPLETE
1288,0.8830322580645162,2026-03-23 18:05:05.454796,2026-03-23 18:05:05.752436,0 days 00:00:00.297640,0.837461506595265,2.421439357661662,0.11402791456684824,8,1.5191612797101202,0.0008604172045559036,0.01140210099353874,0.8665421727797701,COMPLETE
1289,0.8860869990224829,2026-03-23 18:05:05.769449,2026-03-23 18:05:06.036171,0 days 00:00:00.266722,0.9744635889322509,2.5829937648465404,0.1041228369018006,7,1.3405422305265953,0.006436904130342428,0.014180147838763887,0.8835505833227295,COMPLETE
1290,0.8852922776148583,2026-03-23 18:05:06.052851,2026-03-23 18:05:06.323660,0 days 00:00:00.270809,0.9877385302897931,2.4562302969481813,0.1317074550773504,8,1.2338123693493086,0.00880163587577537,0.010088573166863356,0.8979741488050978,COMPLETE
1291,0.8795298142717497,2026-03-23 18:05:06.339219,2026-03-23 18:05:06.714502,0 days 00:00:00.375283,0.9603361222133189,2.703184330109317,0.02167637386093064,8,1.266041686030694,0.004250967332094621,0.013947761295868187,0.8712106383483624,COMPLETE
1292,0.8839090909090909,2026-03-23 18:05:06.730362,2026-03-23 18:05:07.010575,0 days 00:00:00.280213,0.8165911122444472,2.487498847367912,0.12082534202646024,8,1.332680159239822,0.008134139441251914,0.015623506393492264,0.8620894835238329,COMPLETE
1293,0.8869882697947213,2026-03-23 18:05:07.026967,2026-03-23 18:05:07.326133,0 days 00:00:00.299166,0.9812639832691986,2.504850465584264,0.11228440949488142,8,1.235799236455257,0.005399406817577365,0.012066235086639013,0.876181318249724,COMPLETE
1294,0.8846324535679374,2026-03-23 18:05:07.348122,2026-03-23 18:05:07.642842,0 days 00:00:00.294720,0.9726766250689532,2.84452142813537,0.13391391165847763,8,5.005907911787518,0.009066090840879433,0.012110096116115134,0.9296581749552851,COMPLETE
1295,0.8821339198435972,2026-03-23 18:05:07.659335,2026-03-23 18:05:07.927845,0 days 00:00:00.268510,0.7292664252425718,2.590238462914342,0.17393903237971717,8,1.2879078028460418,0.003360006777655294,0.015347217962688377,0.8661106428208221,COMPLETE
1296,0.8834809384164223,2026-03-23 18:05:07.944018,2026-03-23 18:05:08.228408,0 days 00:00:00.284390,0.6123648887685849,2.4218641761400654,0.12333100854351943,8,1.2038364118790688,0.0021563445090185722,0.016653943791909338,0.8854504058958375,COMPLETE
1297,0.8833069403714565,2026-03-23 18:05:08.242497,2026-03-23 18:05:08.512013,0 days 00:00:00.269516,0.9890638309720771,2.759213406124781,0.10716818612944931,8,1.371447028406903,0.009827157101601612,0.013827489658629396,0.8727552458979768,COMPLETE
1298,0.8864252199413489,2026-03-23 18:05:08.527774,2026-03-23 18:05:08.806726,0 days 00:00:00.278952,0.9669743091768219,2.678043663290745,0.11647768934333227,8,1.1746456832381613,0.007971752390522557,0.010057116349475367,0.8582675948501597,COMPLETE
1299,0.8834956011730206,2026-03-23 18:05:08.823103,2026-03-23 18:05:09.083681,0 days 00:00:00.260578,0.978434713749115,2.363076423997088,0.18324979287318466,8,1.2471454079095636,0.0011023134410922274,0.017973741062396555,0.8804725041448875,COMPLETE
1300,0.8835972629521018,2026-03-23 18:05:09.099788,2026-03-23 18:05:09.381217,0 days 00:00:00.281429,0.988339635450426,3.328826763949558,0.12398439661258073,8,1.4346109725846377,0.006158944096970191,0.011829115581894851,0.8920626623675495,COMPLETE
1301,0.8838328445747801,2026-03-23 18:05:09.400663,2026-03-23 18:05:09.676590,0 days 00:00:00.275927,0.9795573422623622,2.922096810938638,0.1081549352688893,8,1.3002403342082969,0.012517201495590005,0.015541768294157373,0.8631600146734362,COMPLETE
1302,0.8831593352883675,2026-03-23 18:05:09.693876,2026-03-23 18:05:09.978434,0 days 00:00:00.284558,0.9680839963180791,2.5506088408144656,0.13071089067637878,8,3.7217393755806194,0.004560639514587526,0.017973559133762737,0.8674102278708433,COMPLETE
1303,0.8858289345063538,2026-03-23 18:05:09.994229,2026-03-23 18:05:10.274981,0 days 00:00:00.280752,0.9577835026487317,1.1826991845653745,0.10037497123266122,8,1.194982716881234,0.0027241524052841735,0.013404637970643046,0.8756589167830708,COMPLETE
1304,0.8841124144672532,2026-03-23 18:05:10.291246,2026-03-23 18:05:10.588169,0 days 00:00:00.296923,0.9740193299640866,0.2138314678796598,0.11698189120564995,8,1.3572853755519998,0.012563801137755397,0.01838981074195097,0.9069868960538756,COMPLETE
1305,0.885980449657869,2026-03-23 18:05:10.604088,2026-03-23 18:05:10.866464,0 days 00:00:00.262376,0.9905447282173031,2.4593406979105707,0.12358940050523275,8,1.2337066450129077,0.007554216842253394,0.014761016933094439,0.8595035471413806,COMPLETE
1306,0.886314760508309,2026-03-23 18:05:10.882427,2026-03-23 18:05:11.157945,0 days 00:00:00.275518,0.9818884010762646,2.631603719659389,0.13381080828666364,8,1.1701329254397077,0.334718163882777,0.01220930433613472,0.8862303024784631,COMPLETE
1307,0.8813088954056697,2026-03-23 18:05:11.174277,2026-03-23 18:05:11.487533,0 days 00:00:00.313256,0.8830625901108179,2.737717336241246,0.11181549219961281,8,1.2876616071995843,0.004998434176761343,0.017647477543523284,0.8719506961850948,COMPLETE
1308,0.8832121212121212,2026-03-23 18:05:11.504603,2026-03-23 18:05:11.768834,0 days 00:00:00.264231,0.9642665463783912,2.341901748528903,0.17413443968977388,8,1.4864416411861427,0.0018850371120611607,0.015249762333525738,0.8975455657214589,COMPLETE
1309,0.8872678396871945,2026-03-23 18:05:11.784260,2026-03-23 18:05:12.098658,0 days 00:00:00.314398,0.9792418920095713,1.3050845042036159,0.10306871481676166,8,1.1616983599932555,0.45705160840074205,0.020241614551752125,0.8578700798137422,COMPLETE
1310,0.8865913978494623,2026-03-23 18:05:12.114156,2026-03-23 18:05:12.405741,0 days 00:00:00.291585,0.9915973833016982,1.372609607138127,0.13294428326004687,8,1.3974222498120346,0.3211144029562276,0.011954671463680575,0.8654703846862821,COMPLETE
1311,0.8815171065493645,2026-03-23 18:05:12.421655,2026-03-23 18:05:12.702593,0 days 00:00:00.280938,0.9716348397342841,2.8061373905788654,0.11811003544089102,8,1.2463949191638242,2.2171939560851337,0.020872149246494557,0.8782912895085384,COMPLETE
1312,0.8837155425219941,2026-03-23 18:05:12.719636,2026-03-23 18:05:12.999782,0 days 00:00:00.280146,0.7054901782892984,1.1230122039909909,0.11016112234772782,8,1.3207146818210818,0.012087134099007676,0.016498446824974183,0.8865256983334077,COMPLETE
1313,0.8842404692082111,2026-03-23 18:05:13.017393,2026-03-23 18:05:13.312294,0 days 00:00:00.294901,0.9851758414670533,2.653294483888959,0.12263390323570347,8,1.1691960850833916,0.9285750319054146,0.014221910296068117,0.8702036732859733,COMPLETE
1314,0.8840762463343108,2026-03-23 18:05:13.328333,2026-03-23 18:05:13.647238,0 days 00:00:00.318905,0.9572433419815176,3.6904061492831435,0.12752176583803532,8,1.2212629416705236,0.38311910221777307,0.01861156040918657,0.8551538218389076,COMPLETE
1315,0.8845298142717497,2026-03-23 18:05:13.668543,2026-03-23 18:05:13.949783,0 days 00:00:00.281240,0.9732734774405715,1.2627431873438575,0.11889571933539199,8,1.5726498166457465,1.18590299546385,0.011819519421110324,0.8634278152953002,COMPLETE
1316,0.8860850439882697,2026-03-23 18:05:13.966062,2026-03-23 18:05:14.221450,0 days 00:00:00.255388,0.9924099484269299,3.9482999928401386,0.19485451359866296,8,1.2927414186187791,0.0013847645068582064,0.10764754282020657,0.8802255375603928,COMPLETE
1317,0.884644183773216,2026-03-23 18:05:14.236861,2026-03-23 18:05:14.522376,0 days 00:00:00.285515,0.9818553838629147,2.4824103216826545,0.13549106780012965,8,1.1651555878947824,0.0044813342217359135,0.020051190188490216,0.8542605417142541,COMPLETE
1318,0.8847018572825025,2026-03-23 18:05:14.536110,2026-03-23 18:05:14.822071,0 days 00:00:00.285961,0.963742380089428,1.4221647973653988,0.1672639431800367,8,1.4165392187901193,0.6460972024934358,0.02289471065653075,0.8708048501642097,COMPLETE
1319,0.8823831867057672,2026-03-23 18:05:14.839190,2026-03-23 18:05:15.152134,0 days 00:00:00.312944,0.9851286998853045,1.0375542575799486,0.1109053815392047,8,1.220338630319151,3.252888238329795,0.010028470907150701,0.8912924818186087,COMPLETE
1320,0.8857184750733138,2026-03-23 18:05:15.168683,2026-03-23 18:05:15.450759,0 days 00:00:00.282076,0.9707754911782801,2.6026306641553263,0.12763929726314913,8,1.3396133027253778,0.3163690611168688,0.015714653554656798,0.8596703593186585,COMPLETE
1321,0.8856441837732161,2026-03-23 18:05:15.467039,2026-03-23 18:05:15.807693,0 days 00:00:00.340654,0.9929038254518577,1.3949734759470886,0.10180537775591798,8,1.1485656224658198,0.0034250582282955165,0.013655659272217142,0.8783389972870442,COMPLETE
1322,0.8868367546432063,2026-03-23 18:05:15.824212,2026-03-23 18:05:16.164728,0 days 00:00:00.340516,0.6802863972002332,1.4761584661271792,0.11259485594888259,8,1.2675822395160408,0.5197803113628823,2.813696411691647,0.8667886325279466,COMPLETE
1323,0.8864007820136851,2026-03-23 18:05:16.181179,2026-03-23 18:05:16.436675,0 days 00:00:00.255496,0.976506165893273,1.3450400634658846,0.17959398554047734,8,1.2062325437618426,1.564689829958806,0.017994872849958207,0.8521226432935589,COMPLETE
1324,0.8844682306940372,2026-03-23 18:05:16.452283,2026-03-23 18:05:16.770872,0 days 00:00:00.318589,0.9815491910540353,1.297938348402114,0.1175397841309126,8,1.3336815120395515,0.0070028328597327985,0.021133506741391226,0.9197620564833563,COMPLETE
1325,0.8830967741935484,2026-03-23 18:05:16.786333,2026-03-23 18:05:17.038800,0 days 00:00:00.252467,0.9586525830532913,4.525248108736541,0.13576972482852012,8,1.1514881981831997,0.70418825937221,0.023060050909935893,0.8836930123642054,COMPLETE
1326,0.8848875855327467,2026-03-23 18:05:17.055208,2026-03-23 18:05:17.366765,0 days 00:00:00.311557,0.966549255056775,2.708397850050865,0.06674339287724675,7,1.2501778448766008,0.33218342714773486,0.01002148478153998,0.8728110915030164,COMPLETE
1327,0.8837575757575757,2026-03-23 18:05:17.383599,2026-03-23 18:05:17.699417,0 days 00:00:00.315818,0.9921488116841032,2.327235384925927,0.16675927836623464,8,1.4422746499595933,0.01160358767803874,1.0504765671323988,0.9010477540490911,COMPLETE
1328,0.8839745845552298,2026-03-23 18:05:17.717149,2026-03-23 18:05:18.034958,0 days 00:00:00.317809,0.9770448469362114,3.123081707087655,0.12612678832788088,8,1.1523795881631305,1.035868075341565,0.013512855414503328,0.8619658686827595,COMPLETE
1329,0.886227761485826,2026-03-23 18:05:18.051827,2026-03-23 18:05:18.365279,0 days 00:00:00.313452,0.9865582647488106,2.9381780845549486,0.10484932734368363,8,1.3543074738277048,0.4971431480272604,0.015456963618222127,0.8869985359492092,COMPLETE
1330,0.885466275659824,2026-03-23 18:05:18.381533,2026-03-23 18:05:18.740706,0 days 00:00:00.359173,0.9699856509279156,1.5161652928264597,0.12237710986698933,6,1.5223566657366425,0.006632207780969621,0.024203037158205383,0.8511653539857941,COMPLETE
1331,0.8865659824046921,2026-03-23 18:05:18.757157,2026-03-23 18:05:19.032254,0 days 00:00:00.275097,0.9812924197380395,1.195423442334541,0.11501479836548632,8,1.2204334104496448,0.8479156701383659,0.017840269801472054,0.8700945898903415,COMPLETE
1332,0.8838592375366568,2026-03-23 18:05:19.050064,2026-03-23 18:05:19.326377,0 days 00:00:00.276313,0.9921351731392289,2.5900298630137497,0.13290527718346754,8,1.2971512468924342,1.4809013368657196,0.012108355230761484,0.8584917357996713,COMPLETE
1333,0.887156402737048,2026-03-23 18:05:19.342574,2026-03-23 18:05:19.659800,0 days 00:00:00.317226,0.9644935577206567,1.4119883122825478,0.12296460961391366,8,1.1409255041909918,1.1827369955878396e-06,0.019140573316128735,0.8740984845057136,COMPLETE
1334,0.8817243401759529,2026-03-23 18:05:19.672769,2026-03-23 18:05:20.011327,0 days 00:00:00.338558,0.9764574765076237,1.55588183575329,0.05180691622782564,8,1.1961142337620794,0.014932479895757265,0.015951063045845208,0.9118768994198329,COMPLETE
1335,0.881071358748778,2026-03-23 18:05:20.025634,2026-03-23 18:05:20.341154,0 days 00:00:00.315520,0.9544507610546049,1.478499039827365,0.1081493081304905,8,1.3913294525289992,2.778692476787918,0.023003093973618452,0.8651176995833395,COMPLETE
1336,0.8818944281524926,2026-03-23 18:05:20.358509,2026-03-23 18:05:20.629060,0 days 00:00:00.270551,0.98865375838931,4.235855627203354,0.1391121100324446,8,1.2689340734453514,0.2717724907282043,0.011703591690146495,0.8790943727900997,COMPLETE
1337,0.8836060606060605,2026-03-23 18:05:20.645563,2026-03-23 18:05:20.987986,0 days 00:00:00.342423,0.9714371366253723,0.8662109993438005,0.09790261804528955,8,1.1425697609999377,0.0028355782971320434,0.01525053424058942,0.6168203736324608,COMPLETE
1338,0.8856999022482893,2026-03-23 18:05:21.004238,2026-03-23 18:05:21.275999,0 days 00:00:00.271761,0.9844785923023773,2.539229970682998,0.11550002851098108,8,1.2246333665172706,0.4710595133641072,0.02169749734567669,0.895029453147426,COMPLETE
1339,0.8825112414467253,2026-03-23 18:05:21.292712,2026-03-23 18:05:21.560019,0 days 00:00:00.267307,0.9999656529425851,2.849850299648888,0.1690401502544743,8,1.2840832427179094,0.7431894626138751,0.01364068101847125,0.8559131514204267,COMPLETE
1340,0.8843108504398827,2026-03-23 18:05:21.576510,2026-03-23 18:05:21.871629,0 days 00:00:00.295119,0.9605546916923686,1.2226627047657679,0.12406757887529891,8,1.4748626551516508,0.30541260316509106,0.024942856615790886,0.8508776576700906,COMPLETE
1341,0.8824672531769306,2026-03-23 18:05:21.886382,2026-03-23 18:05:22.171321,0 days 00:00:00.284939,0.9765382174650248,1.3286582680919574,0.18684017861923535,8,1.1738741604614849,0.009055199099023942,0.5362465922053198,0.9379982010567278,COMPLETE
1342,0.8858132942326491,2026-03-23 18:05:22.187704,2026-03-23 18:05:22.484781,0 days 00:00:00.297077,0.9846221958147525,1.5700290957154825,0.12975242828861702,8,1.368672764157934,1.2343516712851488,0.017455741474101737,0.846035816560528,COMPLETE
1343,0.8842619745845551,2026-03-23 18:05:22.500328,2026-03-23 18:05:22.791002,0 days 00:00:00.290674,0.992398382544048,2.408158812049451,0.1057642503547162,8,1.1324350309556506,0.004110877074112416,0.02004155500819582,0.8654174450426638,COMPLETE
1344,0.8848015640273703,2026-03-23 18:05:22.807324,2026-03-23 18:05:23.077830,0 days 00:00:00.270506,0.9674618622524753,2.7622188655338453,0.11715060466043628,8,1.203301283811587,0.48722524719608007,0.025791058363009576,0.8862278068079755,COMPLETE
1345,0.8827478005865104,2026-03-23 18:05:23.094606,2026-03-23 18:05:23.427429,0 days 00:00:00.332823,0.9780777383682823,1.434886934924659,0.1598774102939383,4,1.3014209612301164,0.8476184029171075,0.16060768924533994,0.8769121885526934,COMPLETE
1346,0.8768846529814271,2026-03-23 18:05:23.442771,2026-03-23 18:05:23.683702,0 days 00:00:00.240931,0.991937416480356,1.6214122248103346,0.0354783272663314,8,3.124399720640595,0.014719747371106132,0.011946390831416671,0.8703058885865953,COMPLETE
1347,0.8848220918866081,2026-03-23 18:05:23.700451,2026-03-23 18:05:23.959275,0 days 00:00:00.258824,0.9578349631637241,1.5289976086076689,0.1377058339926009,8,1.1251943157568192,0.2694467053215576,0.017798389100771663,0.8584404952304212,COMPLETE
1348,0.884295210166178,2026-03-23 18:05:23.975060,2026-03-23 18:05:24.294070,0 days 00:00:00.319010,0.9712339959475745,1.4076409968860302,0.11014492163805452,8,1.2251248710652445,1.9549673665060667,0.014018908740210535,0.7597709728416688,COMPLETE
1349,0.8855855327468231,2026-03-23 18:05:24.312218,2026-03-23 18:05:24.591117,0 days 00:00:00.278899,0.9840110576833574,1.2600564428689913,0.12962434069068987,8,2.440626489067024,0.006086519426814997,0.021226644429030557,0.8795760660727803,COMPLETE
1350,0.886967741935484,2026-03-23 18:05:24.608723,2026-03-23 18:05:24.899195,0 days 00:00:00.290472,0.950803494776945,1.6704492106178688,0.12186640112348165,8,1.412228641375752,0.44552257399275036,0.025034404583080937,0.8916433243909777,COMPLETE
1351,0.8858631476050831,2026-03-23 18:05:24.914619,2026-03-23 18:05:25.217489,0 days 00:00:00.302870,0.9795764115557057,1.117520496749822,0.17965543505360013,7,1.3195374316684911,1.1554322112492454,0.015958844763700217,0.8629194001942996,COMPLETE
1352,0.8858817204301076,2026-03-23 18:05:25.233835,2026-03-23 18:05:25.525737,0 days 00:00:00.291902,0.9929043445087679,2.520204560438648,0.13954139632930906,8,1.157620059041513,0.6357909564127024,0.013065904699880674,0.871184422054801,COMPLETE
1353,0.8822688172043011,2026-03-23 18:05:25.543740,2026-03-23 18:05:25.834969,0 days 00:00:00.291229,0.8957785927719338,2.668727793492616,0.11551648382987599,8,1.234649869689912,0.009116388249081658,0.01955713030020702,0.8502074517822499,COMPLETE
1354,0.8863763440860214,2026-03-23 18:05:25.852047,2026-03-23 18:05:26.151035,0 days 00:00:00.298988,0.9658233522269536,1.4917250876647912,0.10079702715710588,8,1.1176528333016567,1.1698308402702876e-05,0.0240693249052634,0.8448736766314264,COMPLETE
1355,0.8805913978494624,2026-03-23 18:05:26.168472,2026-03-23 18:05:26.494046,0 days 00:00:00.325574,0.9745090448084527,1.3310130168130025,0.13201812173549243,8,1.2744526069307087,0.0015823890525645474,41.62906924663151,0.9024431834030645,COMPLETE
1356,0.8767722385141741,2026-03-23 18:05:26.509077,2026-03-23 18:05:26.790315,0 days 00:00:00.281238,0.9863463346895041,2.302781286502235,0.16011453556519267,8,11.277550369732142,0.0006523270685699627,0.011591259440580813,0.8600394708894313,COMPLETE
1357,0.8852062561094819,2026-03-23 18:05:26.806952,2026-03-23 18:05:25.068962,-1 days +23:59:58.262010,0.9818973018015851,1.5907327479750402,0.1122121835561232,8,1.1896919750627502,0.3310856499200247,0.2801979851761077,0.8837367060211762,COMPLETE
1358,0.8863753665689149,2026-03-23 18:05:25.085508,2026-03-23 18:05:25.343856,0 days 00:00:00.258348,0.9939585936695027,1.4443004054144213,0.12061436947854036,8,1.3630036457196086,0.8711316792759617,0.017155389303338965,0.8668606383328459,COMPLETE
1359,0.8884701857282503,2026-03-23 18:05:25.360303,2026-03-23 18:05:25.640607,0 days 00:00:00.280304,0.9645521355834751,1.7094693595578088,0.10636336588598194,8,1.1227765330850676,0.26180834835250494,0.02680458865910038,0.8759468114397615,COMPLETE
1360,0.8854046920821115,2026-03-23 18:05:25.653127,2026-03-23 18:05:25.954012,0 days 00:00:00.300885,0.9564134916997703,1.732356802657894,0.10734120720154683,8,4.482902516259915,0.42970737426483385,0.025030574340354,0.8922652205044993,COMPLETE
1361,0.8849071358748777,2026-03-23 18:05:25.970899,2026-03-23 18:05:26.265334,0 days 00:00:00.294435,0.9494691784535457,1.802597560141264,0.0850071262717171,8,1.1102581379805982,0.641175126263105,0.028325112003374384,0.8854915394237737,COMPLETE
1362,0.8851300097751711,2026-03-23 18:05:26.280005,2026-03-23 18:05:26.575070,0 days 00:00:00.295065,0.9603177954567883,0.36335606708102164,0.09295601258387605,8,1.1041165091406682,0.2513011345002829,0.027509061596677677,0.8799255439404413,COMPLETE
1363,0.8837781036168132,2026-03-23 18:05:26.590543,2026-03-23 18:05:26.863125,0 days 00:00:00.272582,0.9520985155229161,1.787104345497208,0.09333540331308877,8,1.4967570173420301,0.3938502737428937,0.028111849735860093,0.8940637427073628,COMPLETE
1364,0.8838172043010754,2026-03-23 18:05:26.880788,2026-03-23 18:05:27.162878,0 days 00:00:00.282090,0.9625803347168274,2.74107408064019,0.09710556229518083,8,1.205164505040341,0.5505378820593034,0.7515831716197598,0.8787626387506522,COMPLETE
1365,0.8854692082111438,2026-03-23 18:05:27.179649,2026-03-23 18:05:27.470012,0 days 00:00:00.290363,0.9614692527248057,2.4881916299615368,0.10261645610701908,8,1.2766005073330224,0.3280238823515749,0.02844479063446687,0.8892720030257996,COMPLETE
1366,0.8861114369501466,2026-03-23 18:05:27.485332,2026-03-23 18:05:27.774126,0 days 00:00:00.288794,0.9649527418322797,1.6577305852195838,0.09659773087058054,8,1.1564765430275799,0.8850555639367321,0.21944337809634945,0.8782796135363378,COMPLETE
1367,0.8853049853372434,2026-03-23 18:05:27.789128,2026-03-23 18:05:28.055614,0 days 00:00:00.266486,0.9546724746901831,1.7010703624488728,0.09948519955923787,8,1.3959469093081647,0.5146214988699178,0.024917883527254454,0.9047657554732832,COMPLETE
1368,0.8813538611925709,2026-03-23 18:05:28.071104,2026-03-23 18:05:28.364991,0 days 00:00:00.293887,0.9466864361777284,2.6010189722471497,0.11012896957132655,8,1.1089851261014685,0.015373981861319027,0.02836952713791071,0.9536038721913143,COMPLETE
1369,0.8861221896383187,2026-03-23 18:05:28.382751,2026-03-23 18:05:28.659013,0 days 00:00:00.276262,0.9673694937536433,1.2175977621897387,0.10552553298630846,8,1.3300746482230486,1.3965702886412692,0.0241919210922072,0.8740459401544474,COMPLETE
1370,0.8844516129032258,2026-03-23 18:05:28.673886,2026-03-23 18:05:28.921103,0 days 00:00:00.247217,0.9537489985316245,2.876180775324162,0.17097725186220936,8,1.6186927123859862,0.25303392799607055,0.022135187828240793,0.8859550888105108,COMPLETE
1371,0.8852825024437928,2026-03-23 18:05:28.936486,2026-03-23 18:05:29.208636,0 days 00:00:00.272150,0.9696640869302386,2.4067076460264643,0.10107887623571803,8,1.24854588307809,0.0038845332335507984,0.030593824548868085,0.89785663915839,COMPLETE
1372,0.8864692082111437,2026-03-23 18:05:29.225396,2026-03-23 18:05:29.520875,0 days 00:00:00.295479,0.9616386091043007,1.8134484131199236,0.10588251765809469,8,1.1749128751345752,0.76219599703923,0.021587927868029985,0.8743113505853962,COMPLETE
1373,0.884991202346041,2026-03-23 18:05:29.539487,2026-03-23 18:05:29.839257,0 days 00:00:00.299770,0.9704905160399914,1.3349087894288005,0.09074004576111856,8,1.0897073323439892,0.36798729413012554,0.011653107231292925,0.8865529252381579,COMPLETE
1374,0.8842570869990225,2026-03-23 18:05:29.855048,2026-03-23 18:05:30.131480,0 days 00:00:00.276432,0.6276901036969619,1.5255047243866267,0.1574049616435155,8,1.331899362740675,0.007109122576087567,0.026509556499682764,0.8703851997476031,COMPLETE
1375,0.8835865102639296,2026-03-23 18:05:30.146983,2026-03-23 18:05:30.472463,0 days 00:00:00.325480,0.9590429189529588,0.9561292922888701,0.14676468027047085,8,1.4445077059832265,0.5497841188451246,8.755201470940483,0.8741725102354676,COMPLETE
1376,0.8869081133919843,2026-03-23 18:05:30.488642,2026-03-23 18:05:30.750750,0 days 00:00:00.262108,0.9718634350824478,1.5992289734312137,0.19757135159906603,8,1.2014680384243688,1.1762725552343973,0.013828059902732932,0.8831478790065037,COMPLETE
1377,0.8863509286412512,2026-03-23 18:05:30.768126,2026-03-23 18:05:31.054170,0 days 00:00:00.286044,0.7979007704715444,1.7185464491508469,0.10351486327558808,8,1.1269843316031638,5.952468948229414e-07,0.414897021172697,0.8942716306915138,COMPLETE
1378,0.8841857282502444,2026-03-23 18:05:31.071789,2026-03-23 18:05:31.374748,0 days 00:00:00.302959,0.9477848387792255,2.2490035048153136,0.11388399268715138,8,1.2731995281832307,0.010421981277462055,0.021326387237676554,0.8675483328022846,COMPLETE
1379,0.88313880742913,2026-03-23 18:05:31.390849,2026-03-23 18:05:31.648067,0 days 00:00:00.257218,0.9660720051117404,3.0370274004110387,0.1670927451347565,8,1.0795758863022027,0.21533390376203912,0.0317927133871917,0.8761915542425054,COMPLETE
1380,0.8824134897360704,2026-03-23 18:05:31.663444,2026-03-23 18:05:31.935999,0 days 00:00:00.272555,0.9376355841771945,1.4221718663386473,0.18172151299470857,8,5.984356129605155,0.0025950336500749354,0.015449340970937454,0.9102464260101335,COMPLETE
1381,0.8867478005865103,2026-03-23 18:05:31.952838,2026-03-23 18:05:32.221232,0 days 00:00:00.268394,0.9735438557414116,1.8452377814992158,0.1384041104629831,8,1.156488539075931,1.6386226685846461,0.026490899470498163,0.8824123043183998,COMPLETE
1382,0.8817986314760509,2026-03-23 18:05:32.237827,2026-03-23 18:05:32.548362,0 days 00:00:00.310535,0.9556909851766061,1.5790257377469679,0.10843275793814114,8,1.5413321642658235,2.5792252330128336,0.011279198037603546,0.8645377774265887,COMPLETE
1383,0.8852766373411535,2026-03-23 18:05:32.564156,2026-03-23 18:05:32.855108,0 days 00:00:00.290952,0.9748900583278454,2.6904330960023604,0.09644122847695107,8,1.2245726059297166,0.6947833823664401,0.010030692558875773,0.871359447358946,COMPLETE
1384,0.8825532746823069,2026-03-23 18:05:32.868982,2026-03-23 18:05:33.120048,0 days 00:00:00.251066,0.9634554304403543,1.7131413799100617,0.15501983258477092,8,1.3760085435631477,0.0052468303919235085,0.019129741792068625,0.8619674007179321,COMPLETE
1385,0.8833880742913001,2026-03-23 18:05:33.136064,2026-03-23 18:05:33.421516,0 days 00:00:00.285452,0.9754337534084591,1.127425031579345,0.11486967492944979,8,1.0956045665879612,0.3346257978963188,0.03166081024122545,0.8895098330764588,COMPLETE
1386,0.8865962854349951,2026-03-23 18:05:33.436879,2026-03-23 18:05:33.706082,0 days 00:00:00.269203,0.9633245353026523,1.4584619382118533,0.12844303505146784,8,1.2652939053506347,0.016241866751856987,0.022942032271999285,0.88068149183046,COMPLETE
1387,0.8854545454545455,2026-03-23 18:05:33.722361,2026-03-23 18:05:33.998162,0 days 00:00:00.275801,0.9493755980517459,1.2690265262375668,0.14322297613591617,8,1.1789064346484617,0.46495231009251903,0.014822171964032666,0.8712173564929606,COMPLETE
1388,0.882128054740958,2026-03-23 18:05:34.014883,2026-03-23 18:05:34.283512,0 days 00:00:00.268629,0.9777301557027389,2.5055214737192015,0.12301479203877393,8,5.2868665145674765,0.24978801079706225,0.017799927396336547,0.8569962260901681,COMPLETE
1389,0.8852551319648093,2026-03-23 18:05:34.300872,2026-03-23 18:05:34.606106,0 days 00:00:00.305234,0.9706288662083767,1.6561500631144614,0.17604921418530775,8,1.3389858791319917,0.850919576474722,0.013350625099525374,0.8976946688084353,COMPLETE
1390,0.8824584555229715,2026-03-23 18:05:34.624463,2026-03-23 18:05:34.951975,0 days 00:00:00.327512,0.9572920923215881,1.3532401459822578,0.10842505535287902,5,1.1274836768531848,0.0008709333624534006,0.025159953253202312,0.8775489282362826,COMPLETE
1391,0.8846969696969696,2026-03-23 18:05:34.967931,2026-03-23 18:05:35.263627,0 days 00:00:00.295696,0.9805228241500609,1.5324820326283874,0.08828823358639423,8,1.457245860789614,0.0021867677688834504,0.020585295277587158,0.8668649222906499,COMPLETE
1392,0.8832932551319648,2026-03-23 18:05:35.281151,2026-03-23 18:05:35.755958,0 days 00:00:00.474807,0.969597537869058,1.7962034611490694,0.030522499037583677,6,1.068218544900004,0.0101576797548286,0.03171439711150181,0.8520185631655781,COMPLETE
1393,0.8829550342130987,2026-03-23 18:05:35.771320,2026-03-23 18:05:36.062593,0 days 00:00:00.291273,0.977862626279743,2.625903350905617,0.13461292577111522,8,1.2452860825341951,1.0800985464452848,0.01726388065591125,0.8878337018448268,COMPLETE
1394,0.8822267839687193,2026-03-23 18:05:36.078631,2026-03-23 18:05:36.333163,0 days 00:00:00.254532,0.9660553025080392,1.9028669715918747,0.05783062731767086,8,1.1835661364425123,0.5997122002205507,0.02720897952625341,0.6521802338962864,COMPLETE
1395,0.8853900293255131,2026-03-23 18:05:36.349904,2026-03-23 18:05:36.609088,0 days 00:00:00.259184,0.9400887358147704,1.6101288140095575,0.1181244234530104,8,1.285774898942479,0.4352460281489818,0.02189692574270146,0.8631409021749565,COMPLETE
1396,0.8860508308895406,2026-03-23 18:05:36.624427,2026-03-23 18:05:36.917773,0 days 00:00:00.293346,0.9832782489574247,1.4230087650285004,0.16468426663080485,8,1.0834479929243983,0.2445715812455374,0.010045180304540593,0.842723073897277,COMPLETE
1397,0.8853343108504398,2026-03-23 18:05:36.934146,2026-03-23 18:05:37.247820,0 days 00:00:00.313674,0.9564127231775693,1.7329771291352367,0.1273429129931799,8,1.1503045213612932,5.496414562844463e-06,0.03615766935789251,0.8765685945854197,COMPLETE
1398,0.8732717497556207,2026-03-23 18:05:37.261214,2026-03-23 18:05:37.545620,0 days 00:00:00.284406,0.9727816589572807,2.3796853859935165,0.011240062291886448,8,1.3929658791889998,0.005784713696718351,0.01329525421230504,0.9282426638340529,COMPLETE
1399,0.884329423264907,2026-03-23 18:05:37.560830,2026-03-23 18:05:37.842053,0 days 00:00:00.281223,0.9827220842821602,2.825332597602603,0.14853999553317693,8,1.206404549139587,0.6650838916808315,0.015779704906857307,0.8562597382720138,COMPLETE
1400,0.8836715542521996,2026-03-23 18:05:37.858765,2026-03-23 18:05:38.107215,0 days 00:00:00.248450,0.9479998846506648,1.2401835986001677,0.1896613761674763,8,1.3242157513447672,1.8491943610069241,0.13960720681464006,0.9168778828187627,COMPLETE
1401,0.8852463343108504,2026-03-23 18:05:38.124015,2026-03-23 18:05:38.418079,0 days 00:00:00.294064,0.7871466556876584,1.5437796570391176,0.10225253137802191,7,1.1239755938651155,0.0036982102049674215,0.019613553966882753,0.8699846164395344,COMPLETE
1402,0.8777380254154449,2026-03-23 18:05:38.434241,2026-03-23 18:05:38.725071,0 days 00:00:00.290830,0.9761051320607322,1.8389921616561826,0.025048821781067012,8,1.2428483764759757,0.016520835285439416,0.02561173674884897,0.778020608246106,COMPLETE
1403,0.8803137829912024,2026-03-23 18:05:38.740740,2026-03-23 18:05:39.117946,0 days 00:00:00.377206,0.964455439945533,1.317742312548394,0.11190526796783334,3,1.055146511409339,0.2991520095869002,0.029814768805088734,0.8825047402659283,COMPLETE
1404,0.8790742913000977,2026-03-23 18:05:39.131719,2026-03-23 18:05:39.460901,0 days 00:00:00.329182,0.9859415255294816,1.669667972937886,0.1226065485608133,8,1.3093615613660667,0.9831499095401072,26.102384942163233,0.8997593137803928,COMPLETE
1405,0.8824457478005865,2026-03-23 18:05:39.478388,2026-03-23 18:05:39.773153,0 days 00:00:00.294765,0.9700848965709528,1.4157090140039714,0.1397178552353671,8,1.189357499460692,0.4677943238407839,0.013034555584938547,0.6363800302932754,COMPLETE
1406,0.8834868035190616,2026-03-23 18:05:39.790298,2026-03-23 18:05:40.242990,0 days 00:00:00.452692,0.9789931458381728,1.7609841166294822,0.04341235865053264,8,1.126491470579627,0.2029125553224254,0.03489629597215455,0.8490001693563551,COMPLETE
1407,0.8863714565004888,2026-03-23 18:05:40.258867,2026-03-23 18:05:40.591946,0 days 00:00:00.333079,0.9584901606578365,1.503333537014731,0.13173766919755042,8,1.4753545352107882,0.010903030366331692,0.016915205039653818,0.8639181845139392,COMPLETE
1408,0.8781564027370479,2026-03-23 18:05:40.607964,2026-03-23 18:05:40.919242,0 days 00:00:00.311278,0.7384641147409559,2.7254015263743185,0.11542985930440416,8,1.2389205468316227,1.3752482577031582,13.112875687457093,0.8740511397652325,COMPLETE
1409,0.8863264907135875,2026-03-23 18:05:40.936992,2026-03-23 18:05:41.225726,0 days 00:00:00.288734,0.9863057983548638,2.2641235530341555,0.15441315596255567,8,1.0699740747191802,0.8170577579576044,0.01181192717149992,0.8907294108145254,COMPLETE
1410,0.8820303030303029,2026-03-23 18:05:41.242747,2026-03-23 18:05:41.539629,0 days 00:00:00.296882,0.9667890503990054,2.5322051535990067,0.1029284053596306,8,1.3689087345294828,0.354520273680148,4.6341643344007,0.8559360899971964,COMPLETE
1411,0.8837771260997067,2026-03-23 18:05:41.557529,2026-03-23 18:05:41.826541,0 days 00:00:00.269012,0.9356815638346088,1.967278823599318,0.17197886011578314,8,1.18594355553232,0.0062589225758525775,0.022463414668648887,0.8691067342842095,COMPLETE
1412,0.8851710654936461,2026-03-23 18:05:41.842456,2026-03-23 18:05:42.150583,0 days 00:00:00.308127,0.9767893687294116,1.6282428523085861,0.10955462353628936,8,1.2955540214569516,0.5397250457190472,0.027986784376698968,0.841314951948163,COMPLETE
1413,0.8860400782013684,2026-03-23 18:05:42.167188,2026-03-23 18:05:42.457521,0 days 00:00:00.290333,0.9884544469855994,1.1705581198208954,0.12349776527770599,8,1.135570816846893,0.0018546199998674536,0.014920575071526452,0.8829366496943691,COMPLETE
1414,0.8841045943304008,2026-03-23 18:05:42.473156,2026-03-23 18:05:42.783796,0 days 00:00:00.310640,0.9050697087278767,1.5431314664371956,0.1321819622794522,8,1.0670781151801128,0.24168765038403545,0.02040535353569561,0.8624520589922534,COMPLETE
1415,0.8802766373411535,2026-03-23 18:05:42.800425,2026-03-23 18:05:43.092239,0 days 00:00:00.291814,0.9723752572124489,1.375274186268302,0.14326737284100877,8,7.6156363448540105,1.1968321693052875,0.017702061056113147,0.8482621261039052,COMPLETE
1416,0.8851280547409581,2026-03-23 18:05:43.107964,2026-03-23 18:05:43.397365,0 days 00:00:00.289401,0.9519349708815241,1.8671920499051695,0.117389847168649,8,2.783205315012183,0.3909624909202011,0.03325753086230262,0.8778425985801823,COMPLETE
1417,0.8846539589442814,2026-03-23 18:05:43.413864,2026-03-23 18:05:43.775835,0 days 00:00:00.361971,0.9843633446330775,1.681763049208374,0.16082807202282096,5,1.2423468689751314,0.6239519115681987,0.02376574410311093,0.8577218064111478,COMPLETE
1418,0.8834877810361681,2026-03-23 18:05:43.789660,2026-03-23 18:05:44.076452,0 days 00:00:00.286792,0.9648452734039039,1.018395871069155,0.09660277178238232,8,1.3950120379975262,0.008162947562373768,0.011735408433128708,0.9060355210583045,COMPLETE
1419,0.8861016617790811,2026-03-23 18:05:44.092966,2026-03-23 18:05:44.364800,0 days 00:00:00.271834,0.9933261701499878,1.4457226815990651,0.1265392280103325,8,1.1516473576677597,2.21565281851903,0.010067981861078788,0.8699454279166309,COMPLETE
1420,0.8850342130987292,2026-03-23 18:05:44.380507,2026-03-23 18:05:44.673761,0 days 00:00:00.293254,0.9439702633807937,2.1940554200871314,0.11330160505916864,8,2.244102063742897,0.016522634221157604,0.027706255012563036,0.8895452558243748,COMPLETE
1421,0.882236559139785,2026-03-23 18:05:44.690332,2026-03-23 18:05:44.983224,0 days 00:00:00.292892,0.8281738581975142,2.442122483539563,0.1076878705441257,8,1.0944341251813905,0.0038658382074247197,0.014977887768110888,0.8518955866287813,COMPLETE
1422,0.8855122189638319,2026-03-23 18:05:44.998300,2026-03-23 18:05:45.286662,0 days 00:00:00.288362,0.9813201583785215,1.7921424970602515,0.14886335484745075,8,1.3012659912055373,0.1874827132203369,0.019680866318347104,0.8642787062191976,COMPLETE
1423,0.8864838709677421,2026-03-23 18:05:45.301647,2026-03-23 18:05:45.571169,0 days 00:00:00.269522,0.9750071444068937,1.9800425992500692,0.13639958028992308,8,1.2139374218248158,0.816290292812547,0.023293406002985954,0.8780188651790568,COMPLETE
1424,0.8845855327468231,2026-03-23 18:05:45.587151,2026-03-23 18:05:45.863811,0 days 00:00:00.276660,0.9588294422461262,1.5099264925321674,0.11868477030255116,8,1.5907770356270978,0.4124270769570005,0.035803577885666536,0.8420921035553918,COMPLETE
1425,0.8754027370478984,2026-03-23 18:05:45.879621,2026-03-23 18:05:46.154079,0 days 00:00:00.274458,0.9996646507467727,1.6005053886956213,0.18663858582084525,8,11.971826664718465,0.28877439993341114,0.017687539351057262,0.8703264082199008,COMPLETE
1426,0.8820684261974584,2026-03-23 18:05:46.170177,2026-03-23 18:05:46.502376,0 days 00:00:00.332199,0.9866638005465369,2.595250933207081,0.07578486619005012,8,1.172995900430026,0.6429071530500022,0.013096097491809351,0.8963226731134317,COMPLETE
1427,0.8838690127077224,2026-03-23 18:05:46.519589,2026-03-23 18:05:46.818214,0 days 00:00:00.298625,0.9691742177246048,1.2925397325040606,0.16617390078400407,8,1.0516619282725492,0.0012062896800120175,0.032025660679662546,0.8580314759221547,COMPLETE
1428,0.8861661779081134,2026-03-23 18:05:46.834449,2026-03-23 18:05:47.169732,0 days 00:00:00.335283,0.9763354804534239,1.7092455952525247,0.12594120682612447,8,1.1149887282429953,1.5439780276500088,0.026690545333039984,0.886315939920454,COMPLETE
1429,0.8800596285434995,2026-03-23 18:05:47.186058,2026-03-23 18:05:47.481823,0 days 00:00:00.295765,0.9916565318435134,2.7971227121100655,0.10125730991767147,4,1.3304375739212788,0.012279322277115983,0.016278574965513957,0.8778262393142668,COMPLETE
1430,0.881789833822092,2026-03-23 18:05:47.499690,2026-03-23 18:05:47.770429,0 days 00:00:00.270739,0.9621401892302078,1.3495683073805893,0.14322737307625855,8,1.4438801269307104,0.1694462195569552,0.021025588420499643,0.7893248706890063,COMPLETE
1431,0.8856041055718474,2026-03-23 18:05:47.788488,2026-03-23 18:05:48.071715,0 days 00:00:00.283227,0.9809534923983126,1.8542603334027157,0.15449283187610832,8,1.2336012769376576,0.8589775596772984,0.014330369680003126,0.8471421519733363,COMPLETE
1432,0.8850234604105572,2026-03-23 18:05:48.087709,2026-03-23 18:05:48.376244,0 days 00:00:00.288535,0.9694502670662387,1.4643771247945974,0.10881134976591383,8,1.1713239383012153,0.4405656101719096,0.024825985310683765,0.8671134242932774,COMPLETE
1433,0.8839354838709678,2026-03-23 18:05:48.393142,2026-03-23 18:05:48.675468,0 days 00:00:00.282326,0.9534413143765602,2.912709850124396,0.11848944561122612,8,1.2729300898120928,0.006912246288808228,0.039548182265579046,0.8599871177684919,COMPLETE
1434,0.8843274682306941,2026-03-23 18:05:48.692800,2026-03-23 18:05:48.958373,0 days 00:00:00.265573,0.9876043944068396,3.805336173645405,0.13266880770270795,8,1.036050404119029,0.0026825278052766,0.01907112325178014,0.882375951235005,COMPLETE
1435,0.8842981427174976,2026-03-23 18:05:48.971481,2026-03-23 18:05:49.279088,0 days 00:00:00.307607,0.9790117203966794,1.6101204174046915,0.17478117160815512,8,1.1070002639380454,0.019005424367214623,0.030536786546739723,0.8746752935081498,COMPLETE
1436,0.8864525904203324,2026-03-23 18:05:49.294719,2026-03-23 18:05:49.616317,0 days 00:00:00.321598,0.9939421656890112,1.214215095791781,0.1245241219297989,8,1.3808109737009717,1.157937348930674,0.012764811887384684,0.8505123124215063,COMPLETE
1437,0.8846686217008799,2026-03-23 18:05:49.632343,2026-03-23 18:05:49.916337,0 days 00:00:00.283994,0.969705004157667,2.3335057416390312,0.11341035111091514,7,1.197107507563567,0.2987004073746476,0.010019614443289299,0.864564967961707,COMPLETE
1438,0.8839081133919844,2026-03-23 18:05:49.931697,2026-03-23 18:05:50.197659,0 days 00:00:00.265962,0.9342455799082559,1.7517706802744624,0.10501943551491409,8,3.0098319142002676,0.6667325994437512,0.02247127843679753,0.8394171996262728,COMPLETE
1439,0.8798836754643206,2026-03-23 18:05:50.214291,2026-03-23 18:05:50.512071,0 days 00:00:00.297780,0.9463651356463748,2.6797960566894967,0.14082792407557035,8,1.2742598628492732,3.5260915852511943,0.016563478242368337,0.8572368817279508,COMPLETE
1440,0.8863372434017593,2026-03-23 18:05:50.528702,2026-03-23 18:05:50.810474,0 days 00:00:00.281772,0.980456523688102,1.5201339592863277,0.13077955783824094,8,1.5218063210346433,0.18858968610431429,0.027333560515196125,0.8926037260388551,COMPLETE
1441,0.8805161290322581,2026-03-23 18:05:50.826100,2026-03-23 18:05:51.119760,0 days 00:00:00.293660,0.9594931012925437,1.9208272721640893,0.11996805865197785,8,6.94394644667447,0.004484595576643334,0.019654074702886874,0.8728521329873355,COMPLETE
1442,0.8841319648093842,2026-03-23 18:05:51.135011,2026-03-23 18:05:51.419869,0 days 00:00:00.284858,0.988165150339033,2.0275750487272717,0.1599417838769488,8,1.1392361302859437,0.41636184635931733,0.03563943504922599,0.7347448189611755,COMPLETE
1443,0.8848836754643206,2026-03-23 18:05:51.436052,2026-03-23 18:05:51.716643,0 days 00:00:00.280591,0.9738945573427817,1.6426086377942841,0.15147018774787385,8,3.3972758634380558,0.00945197786799658,0.014762367440260844,0.8827951732602485,COMPLETE
1444,0.8862707722385142,2026-03-23 18:05:51.732806,2026-03-23 18:05:52.022330,0 days 00:00:00.289524,0.9639798577549923,1.3654534215191663,0.11398078667198352,8,1.0455757885303552,1.1175799990146276,0.02413995804224673,0.8672938044600538,COMPLETE
1445,0.8865855327468231,2026-03-23 18:05:52.041225,2026-03-23 18:05:52.358102,0 days 00:00:00.316877,0.9830576545556866,1.7805437712581988,0.0954162742213069,8,1.3575974934534216,0.5860416369016235,0.011887134930679727,0.8506638902115379,COMPLETE
1446,0.8853939393939393,2026-03-23 18:05:52.374840,2026-03-23 18:05:52.646508,0 days 00:00:00.271668,0.9741580014996831,1.5624398099820342,0.13678222700084883,8,1.0894848722493526,0.2950094989541676,0.028420885358117282,0.8572908982519439,COMPLETE
1447,0.8835249266862171,2026-03-23 18:05:52.662841,2026-03-23 18:05:52.954882,0 days 00:00:00.292041,0.9949199599039066,2.1709463104812214,0.12529318243475168,8,1.2158848032604586,1.9891046691981162,0.01832930577574196,0.8744165580161178,COMPLETE
1448,0.884690127077224,2026-03-23 18:05:52.972349,2026-03-23 18:05:53.258218,0 days 00:00:00.285869,0.9999076366365908,1.096295819246965,0.10591389340643806,8,4.837546009984758,0.020497339765912385,0.03185736568682048,0.902537945143407,COMPLETE
1449,0.8861730205278593,2026-03-23 18:05:53.274077,2026-03-23 18:05:53.575688,0 days 00:00:00.301611,0.9521012757952505,1.4360210648585703,0.11981723520122786,8,1.1602775177563096,0.005719115772550864,0.014963022996414502,0.8636534881137821,COMPLETE
1450,0.8867311827956988,2026-03-23 18:05:53.589539,2026-03-23 18:05:53.863731,0 days 00:00:00.274192,0.9861677444832381,2.443053391784341,0.13100213223226848,8,1.3067625357581225,0.012391355215390495,0.03968570835988012,0.88708831274056,COMPLETE
1451,0.8823489736070382,2026-03-23 18:05:53.880229,2026-03-23 18:05:54.153190,0 days 00:00:00.272961,0.9656004431150579,1.6994311899618109,0.17204462487888242,8,1.4287607124528445,0.1832036689947736,6.11388907350808,0.8439350983923936,COMPLETE
1452,0.885941348973607,2026-03-23 18:05:54.170159,2026-03-23 18:05:54.458533,0 days 00:00:00.288374,0.978253739082472,2.544333650702537,0.1464045655688408,8,1.2360949766527956,1.0151575536611468,0.02167964642573747,0.8718935568187814,COMPLETE
1453,0.886,2026-03-23 18:05:54.472760,2026-03-23 18:05:54.757744,0 days 00:00:00.284984,0.9416654847959872,1.8487897235504986,0.11044997340407872,8,1.0873494910455492,0.4719790813818751,0.012761959165774018,0.8555551876386284,COMPLETE
1454,0.8776451612903227,2026-03-23 18:05:54.773742,2026-03-23 18:05:55.083152,0 days 00:00:00.309410,0.9872832335713718,1.3279204976357506,0.1005088818660098,6,10.02535407491384,0.7310480411717145,0.02481584668811611,0.8800313121323479,COMPLETE
1455,0.8835894428152492,2026-03-23 18:05:55.099390,2026-03-23 18:05:55.373775,0 days 00:00:00.274385,0.9707615343007154,1.5085753844514729,0.1806926819177934,8,6.321743682848258,0.2319947107289719,0.01737228679405371,0.8627069750079249,COMPLETE
1456,0.8839188660801564,2026-03-23 18:05:55.389710,2026-03-23 18:05:55.669890,0 days 00:00:00.280180,0.9582770689657689,1.2261307341512273,0.16266090320214677,8,1.1556917027743816,0.3337076336211071,0.029817363881737117,0.8967524948658102,COMPLETE
1457,0.8859608993157382,2026-03-23 18:05:55.687424,2026-03-23 18:05:55.996551,0 days 00:00:00.309127,0.9801592674448083,1.6015556702444391,0.08203244218163569,8,1.328413322088189,1.5575198888450694,0.020569497131995077,0.8350330949455328,COMPLETE
1458,0.8865259042033234,2026-03-23 18:05:56.012748,2026-03-23 18:05:56.295171,0 days 00:00:00.282423,0.9924109588929075,1.9661993115806113,0.12333335258208496,8,1.0001544812698824,0.0034534430375782158,0.01154948061242512,0.9120161999366412,COMPLETE
1459,0.8848387096774193,2026-03-23 18:05:56.311394,2026-03-23 18:05:56.576997,0 days 00:00:00.265603,0.9713186971956882,2.6114010902785063,0.11386319052924153,8,1.257631656556882,0.14137278433277234,0.015547500201610545,0.8675420375263521,COMPLETE
1460,0.8881495601173021,2026-03-23 18:05:56.590716,2026-03-23 18:05:56.839690,0 days 00:00:00.248974,0.9790452511373673,2.079311350925864,0.13838710169973142,8,1.1133086869587108,0.007611789535465574,0.03503834071854054,0.8517343870967015,COMPLETE
1461,0.8846705767350928,2026-03-23 18:05:56.856086,2026-03-23 18:05:57.140198,0 days 00:00:00.284112,0.9622257939923363,2.283378796816301,0.15038791681940458,8,1.0434999232118785,0.0074009103460610055,0.03730778453280775,0.8341793840647966,COMPLETE
1462,0.8854721407624633,2026-03-23 18:05:57.156540,2026-03-23 18:05:55.464887,-1 days +23:59:58.308347,0.9490620241674008,2.145810622122786,0.14193880676530082,8,1.0826893580761845,0.006199098113760725,0.0458633053386603,0.8413323813429076,COMPLETE
1463,0.8851221896383186,2026-03-23 18:05:55.480401,2026-03-23 18:05:55.754153,0 days 00:00:00.273752,0.9696460690743479,2.183532513747156,0.14917733566445499,8,1.0526493358232083,0.00822294467629164,0.036623254984177574,0.8455454665916683,COMPLETE
1464,0.8834740957966765,2026-03-23 18:05:55.770455,2026-03-23 18:05:56.040188,0 days 00:00:00.269733,0.954747372665,2.053204645009382,0.1404319237422259,8,1.110102774446892,0.004437548972046667,0.04268583302542924,0.8386707937336806,COMPLETE
1465,0.8870185728250245,2026-03-23 18:05:56.056982,2026-03-23 18:05:56.331609,0 days 00:00:00.274627,0.9755544039475638,2.121265580649208,0.15655709745478882,8,1.0361742331004018,0.009321637544103483,0.03617858335051098,0.8476885325407961,COMPLETE
1466,0.8831456500488759,2026-03-23 18:05:56.347209,2026-03-23 18:05:56.670220,0 days 00:00:00.323011,0.9640264392238085,2.016903564763593,0.14675200426709514,8,1.1123902595050126,0.011125730312465401,0.04198001191265192,0.8270510847605155,COMPLETE
1467,0.8840205278592375,2026-03-23 18:05:56.688867,2026-03-23 18:05:56.983271,0 days 00:00:00.294404,0.9893892117427449,2.256687085118349,0.1349670540728494,8,4.290334412384166,0.013763871585212166,0.029609597749412388,0.8458177577395409,COMPLETE
1468,0.8844760508308895,2026-03-23 18:05:56.998837,2026-03-23 18:05:57.282909,0 days 00:00:00.284072,0.9771450074497002,2.123474457750578,0.15897272305669688,8,1.0848850946852113,0.0033364294543050694,0.03440901959716328,0.8524637382775202,COMPLETE
1469,0.8832766373411536,2026-03-23 18:05:57.299348,2026-03-23 18:05:57.575234,0 days 00:00:00.275886,0.8500581621132086,2.0730308699258733,0.13861449352705377,7,1.1506011986059665,0.004457295744504411,0.03262122824307972,0.8357327382761768,COMPLETE
1470,0.8850860215053762,2026-03-23 18:05:57.588338,2026-03-23 18:05:57.879755,0 days 00:00:00.291417,0.9821150867473663,2.208612763223154,0.16733143846439408,8,1.0412651476415764,0.006073326868643172,0.05269454024220879,0.8499966882951726,COMPLETE
1471,0.8853421309872922,2026-03-23 18:05:57.896727,2026-03-23 18:05:58.149142,0 days 00:00:00.252415,0.9936799777647635,1.9364191075660935,0.19924430264970167,8,1.1106611451491475,0.01154294741102795,0.04066625043769676,0.8559008909591177,COMPLETE
1472,0.8866353861192571,2026-03-23 18:05:58.167827,2026-03-23 18:05:58.405947,0 days 00:00:00.238120,0.9688319301914693,2.091841644204661,0.15019879238263975,8,1.1359026436618715,0.020713330776270834,0.028749274552788893,0.8517666848139231,COMPLETE
1473,0.8878181818181818,2026-03-23 18:05:58.422685,2026-03-23 18:05:58.710933,0 days 00:00:00.288248,0.9399985532496553,2.1757426141061202,0.13816492712695777,8,1.0394583598837877,0.007360389318875186,0.032988903636739494,0.8408877546957556,COMPLETE
1474,0.8840215053763442,2026-03-23 18:05:58.726240,2026-03-23 18:05:58.991314,0 days 00:00:00.265074,0.9597976891104499,1.9875448334643764,0.15552040545169882,8,1.0814165277194114,0.0021189870714957144,0.026152128637325755,0.9238619397437758,COMPLETE
1475,0.8848230694037147,2026-03-23 18:05:59.008242,2026-03-23 18:05:59.270133,0 days 00:00:00.261891,0.9842458134668555,2.0374590789267697,0.14237585474443168,8,1.164464442516536,0.01337166326650167,0.0401045417378866,0.8299493307982551,COMPLETE
1476,0.885325513196481,2026-03-23 18:05:59.283806,2026-03-23 18:05:59.544404,0 days 00:00:00.260598,0.9748879381798509,2.368209876824772,0.13196746556663652,8,1.121346302356206,0.0029273441356729127,0.03013955035332419,0.8528846646157344,COMPLETE
1477,0.8808973607038123,2026-03-23 18:05:59.559471,2026-03-23 18:05:59.824684,0 days 00:00:00.265213,0.9996952972902009,1.8870144855783564,0.1798052540411565,8,2.5557509952236392,0.020434016649149508,0.025059387054429227,0.858250336334602,COMPLETE
1478,0.8884408602150538,2026-03-23 18:05:59.839864,2026-03-23 18:06:00.133073,0 days 00:00:00.293209,0.9330568044477692,1.9461657435922748,0.1626654251260437,8,1.0033950877684732,0.004905638687908855,0.04836434131585745,0.8402853812221428,COMPLETE
1479,0.8821876832844575,2026-03-23 18:06:00.147318,2026-03-23 18:06:00.387442,0 days 00:00:00.240124,0.9330210433240949,2.0065520816866838,0.18817647983956723,8,1.0087811797665382,0.004696929826004514,0.0524634366478693,0.821545444913693,COMPLETE
1480,0.8838963831867057,2026-03-23 18:06:00.403391,2026-03-23 18:06:00.657122,0 days 00:00:00.253731,0.9279614706740957,2.0237745238646188,0.16858016969739886,8,1.0352768683006066,1.4224508341313561e-08,0.05395856066245096,0.8272938964820677,COMPLETE
1481,0.8849198435972628,2026-03-23 18:06:00.673674,2026-03-23 18:06:00.957078,0 days 00:00:00.283404,0.9270284043783461,2.1226522528566627,0.18087298180933686,8,1.0274497781192131,0.004646499405708178,0.05901071100022266,0.8322865900002112,COMPLETE
1482,0.8836207233626588,2026-03-23 18:06:00.973836,2026-03-23 18:06:01.242664,0 days 00:00:00.268828,0.9200379970996622,2.0991943992744493,0.16917617905827825,8,1.0008616289912413,0.0029215230335721603,0.059914028483887015,0.8364563400049537,COMPLETE
1483,0.8830166177908114,2026-03-23 18:06:01.258884,2026-03-23 18:06:01.535289,0 days 00:00:00.276405,0.9337910864383239,1.9524765461689544,0.17891953387914764,8,1.03275141853382,0.0016902250224144352,0.04787031183482437,0.8345536363029938,COMPLETE
1484,0.8812688172043011,2026-03-23 18:06:01.552013,2026-03-23 18:06:01.823838,0 days 00:00:00.271825,0.9324397500944376,1.9281193036465776,0.1698551672899536,8,1.040391671641701,0.00305744209946307,0.04511112510672291,0.8228237812828151,COMPLETE
1485,0.8846383186705767,2026-03-23 18:06:01.839327,2026-03-23 18:06:02.119373,0 days 00:00:00.280046,0.9441315553596533,2.275063880387294,0.12995075984249382,8,1.0121778872611253,0.004373561867669214,0.08055695672807173,0.8368200586999447,COMPLETE
1486,0.8855307917888564,2026-03-23 18:06:02.134881,2026-03-23 18:06:02.372178,0 days 00:00:00.237297,0.9367316876370686,1.9752979770685966,0.163002378980806,8,1.0669424126350748,0.009471970340324707,0.04209196200760384,0.8112508854542824,COMPLETE
1487,0.8841368523949168,2026-03-23 18:06:02.391617,2026-03-23 18:06:02.679923,0 days 00:00:00.288306,0.9261164040115111,1.883309364461346,0.16011663193920495,8,1.0125516561584726,0.0058350416103545915,0.035387407316224924,0.8433205071264576,COMPLETE
1488,0.8849315738025415,2026-03-23 18:06:02.695952,2026-03-23 18:06:02.938479,0 days 00:00:00.242527,0.9118502823450034,2.130044613563757,0.19320731757203263,8,1.075654686326256,0.007061229990984105,0.04368738075788381,0.8442607929453813,COMPLETE
1489,0.8857771260997067,2026-03-23 18:06:02.955026,2026-03-23 18:06:03.242991,0 days 00:00:00.287965,0.9442760590284913,2.0421107374339136,0.12815343974462495,8,1.010746323707331,0.006303766588827586,0.04506447139259936,0.840841925692279,COMPLETE
1490,0.8832218963831868,2026-03-23 18:06:03.258740,2026-03-23 18:06:03.548183,0 days 00:00:00.289443,0.9193380211739001,2.247603096670056,0.09174048585242636,8,1.0036081172112779,0.004066057518843869,0.047209288840082554,0.8287816928048212,COMPLETE
1491,0.8840361681329423,2026-03-23 18:06:03.564234,2026-03-23 18:06:03.825168,0 days 00:00:00.260934,0.9396353621740616,1.872382056351712,0.17508347403138796,8,1.0760235430699105,0.0023181454230494494,0.052123639815523114,0.8031944600664219,COMPLETE
1492,0.8843372434017595,2026-03-23 18:06:03.842768,2026-03-23 18:06:04.156788,0 days 00:00:00.314020,0.9289624050196968,1.982824080305975,0.10159992311101869,8,1.0031167471018718,0.009003239960114375,0.05369935717127019,0.8227183520179994,COMPLETE
1493,0.8853802541544477,2026-03-23 18:06:04.172607,2026-03-23 18:06:04.465067,0 days 00:00:00.292460,0.9410712613905438,1.8790723465732404,0.14442837708376394,8,1.065196041723438,0.005404004969480879,0.03966151478010849,0.8406964868214818,COMPLETE
1494,0.8851769305962854,2026-03-23 18:06:04.480922,2026-03-23 18:06:04.767971,0 days 00:00:00.287049,0.932937383399603,2.0330258327459654,0.1339231306040779,8,1.0792122015342718,0.008190867849386049,0.038009325580409335,0.8448493857101728,COMPLETE
1495,0.8859657869012707,2026-03-23 18:06:04.785689,2026-03-23 18:06:05.073513,0 days 00:00:00.287824,0.9426581038118866,2.194892514700017,0.10781303058908953,8,1.0767525248958645,0.001763228844845366,0.049060227989161174,0.8285849991228237,COMPLETE
1496,0.8758201368523951,2026-03-23 18:06:05.090781,2026-03-23 18:06:05.347276,0 days 00:00:00.256495,0.9485241651749861,1.8286168228646815,0.0136297783400384,8,1.1026684718010826,0.003480104680663582,0.03875853414224975,0.8477160260730491,COMPLETE
1497,0.8883118279569893,2026-03-23 18:06:05.363979,2026-03-23 18:06:05.673360,0 days 00:00:00.309381,0.9362617248368837,1.9428102842447552,0.12765700898064178,8,1.0036164732782051,0.0145176936930172,0.037270810455309965,0.8422982700931368,COMPLETE
1498,0.884434017595308,2026-03-23 18:06:05.687601,2026-03-23 18:06:05.953271,0 days 00:00:00.265670,0.9010571069614589,2.0618454484809736,0.1393596663899049,8,1.0144188625930282,0.016975194513205394,0.054066763015972887,0.8303972694902868,COMPLETE
1499,0.8833128054740956,2026-03-23 18:06:05.969435,2026-03-23 18:06:06.232832,0 days 00:00:00.263397,0.9091572723132431,1.954705298100591,0.13394675958850397,8,1.0106930558201275,0.023135569055752023,0.063919038643889,0.838930030379551,COMPLETE
1500,0.8823460410557185,2026-03-23 18:06:06.248658,2026-03-23 18:06:06.532857,0 days 00:00:00.284199,0.923683932710424,1.9620153685764785,0.14945711275801835,8,1.0043787511263789,0.018326448720683848,0.04735779360028295,0.8323035299308206,COMPLETE
1501,0.884651026392962,2026-03-23 18:06:06.550811,2026-03-23 18:06:06.840660,0 days 00:00:00.289849,0.9212297038636542,2.0969880868050508,0.13216322932976898,8,1.0008201460915334,0.015862841973726276,0.04247796786713028,0.8172839812061782,COMPLETE
1502,0.8848289345063538,2026-03-23 18:06:06.856589,2026-03-23 18:06:07.162619,0 days 00:00:00.306030,0.9228762290668686,1.9002716960616095,0.14083836061790808,8,1.044852644854079,0.0192370399833002,0.03927907124961529,0.8382809756151174,COMPLETE
1503,0.88241642228739,2026-03-23 18:06:07.179661,2026-03-23 18:06:07.468085,0 days 00:00:00.288424,0.9293163135843232,1.9168118875573041,0.12762819635536324,8,1.043964105826693,0.013419321228335893,0.044311852745313476,0.8257505178362332,COMPLETE
1504,0.883466275659824,2026-03-23 18:06:07.484672,2026-03-23 18:06:07.780932,0 days 00:00:00.296260,0.9368840686235523,2.0227605144249052,0.15501093595685309,8,1.001185173406406,0.02327517917840317,0.05508992856157413,0.8367150561138714,COMPLETE
1505,0.883010752688172,2026-03-23 18:06:07.798562,2026-03-23 18:06:08.067606,0 days 00:00:00.269044,0.8102827364240855,1.867161439642503,0.14597076851311436,8,1.0012739592817579,0.013871706197761735,0.036711781391265456,0.8430899586556718,COMPLETE
1506,0.8845210166177908,2026-03-23 18:06:08.083787,2026-03-23 18:06:08.403203,0 days 00:00:00.319416,0.9303743797858413,2.0911294837895458,0.12882177486875138,8,1.0657013066872514,0.014729893703982276,0.03659650952672846,0.8214519820100987,COMPLETE
1507,0.8817790811339199,2026-03-23 18:06:08.421683,2026-03-23 18:06:08.723111,0 days 00:00:00.301428,0.8892103036422506,1.8284021224514575,0.1602779266422185,8,1.0604177622450526,0.009592190762285515,0.06900626331675791,0.8329117282101989,COMPLETE
1508,0.8789286412512218,2026-03-23 18:06:08.738480,2026-03-23 18:06:09.040380,0 days 00:00:00.301900,0.9130499644597881,1.9230316600578081,0.13726158773312377,8,8.209649287318392,0.013068198589635899,0.04010055442388343,0.8461632280344207,COMPLETE
1509,0.8853919843597262,2026-03-23 18:06:09.057453,2026-03-23 18:06:09.345028,0 days 00:00:00.287575,0.9292488709588417,2.1484415769768783,0.12723558755636352,8,1.0526842851576417,0.023668636806380053,0.046924168906965755,0.837306655334352,COMPLETE
1510,0.8818836754643207,2026-03-23 18:06:09.362320,2026-03-23 18:06:09.617463,0 days 00:00:00.255143,0.9354856686892385,2.0054400485561406,0.1378850981394245,7,1.0019392176760191,0.01020657378288731,0.03562099097079724,0.8285796232658434,COMPLETE
1511,0.8848406647116326,2026-03-23 18:06:09.633443,2026-03-23 18:06:09.919580,0 days 00:00:00.286137,0.9927504083018572,1.8047313707603412,0.18702529315783542,8,1.0925317665169085,0.011106810703469352,0.0585621734536647,0.8468946563841921,COMPLETE
1512,0.8827253176930596,2026-03-23 18:06:09.935726,2026-03-23 18:06:10.271538,0 days 00:00:00.335812,0.9009995845770651,0.7347535587749081,0.12287613097075803,5,1.0603016414028041,0.0240485775350044,0.04632502714539655,0.818052343725813,COMPLETE
1513,0.8853020527859237,2026-03-23 18:06:10.287465,2026-03-23 18:06:10.588348,0 days 00:00:00.300883,0.9146556987638199,1.8326505588443984,0.15389567399796808,8,1.1409899657524787,0.012305957789737518,0.035133885137884506,0.8396557432915099,COMPLETE
1514,0.8841564027370479,2026-03-23 18:06:10.607461,2026-03-23 18:06:10.894187,0 days 00:00:00.286726,0.9206930355797923,1.9624572145834525,0.14453627836787536,8,1.509776649080031,0.008948336959214384,0.03529990649310538,0.8511477043162085,COMPLETE
1515,0.8839667644183774,2026-03-23 18:06:10.910970,2026-03-23 18:06:11.174216,0 days 00:00:00.263246,0.9117170313673815,2.0951911245071355,0.16328085744996607,8,1.1138155333051571,0.018806187632937624,0.05107040636353202,0.9029013767301771,COMPLETE
1516,0.8859491691104594,2026-03-23 18:06:11.188167,2026-03-23 18:06:11.483783,0 days 00:00:00.295616,0.9881613727231765,1.792337628044219,0.17258439815206172,8,1.0573385596917735,0.025542260766184308,0.09192730203458968,0.8448616589297561,COMPLETE
1517,0.8855884652981427,2026-03-23 18:06:11.499304,2026-03-23 18:06:11.781442,0 days 00:00:00.282138,0.9918864447442424,1.9485351584893331,0.1238522044055737,8,1.1050611848914638,0.008465335640520237,0.03134626978206574,0.8122654395936605,COMPLETE
1518,0.8854173998044967,2026-03-23 18:06:11.797826,2026-03-23 18:06:12.109674,0 days 00:00:00.311848,0.9999025113548478,2.197716873048304,0.13341772040074812,8,1.0018992990478346,0.026802176940415066,0.04106468275466929,0.834634478955351,COMPLETE
1519,0.8784770283479961,2026-03-23 18:06:12.126377,2026-03-23 18:06:12.468330,0 days 00:00:00.341953,0.8636568273488803,1.7882202974980133,0.14721409556445927,4,1.6551708471074245,0.013611041088505157,0.03088249345757806,0.68234437905737,COMPLETE
1520,0.8828211143695016,2026-03-23 18:06:12.485474,2026-03-23 18:06:12.762343,0 days 00:00:00.276869,0.9913867235193086,1.9098987189813843,0.11971202560440874,8,1.069469097237384,0.007605540731898505,0.04387995202417427,0.6928497116052655,COMPLETE
1521,0.8864428152492668,2026-03-23 18:06:12.778526,2026-03-23 18:06:13.064943,0 days 00:00:00.286417,0.9851677255726499,2.0658359987483355,0.1285013371177761,8,1.1326262198185328,0.01397351312016559,0.03490183847931796,0.8496953660674949,COMPLETE
1522,0.8855679374389052,2026-03-23 18:06:13.080899,2026-03-23 18:06:13.365447,0 days 00:00:00.284548,0.9851252934193914,1.7872874580823381,0.13737356558190125,8,1.1891050659017608,0.00681025220047289,0.032162038350804605,0.8935579893613442,COMPLETE
1523,0.885731182795699,2026-03-23 18:06:13.381740,2026-03-23 18:06:13.689522,0 days 00:00:00.307782,0.9390798501254604,2.0005189169487463,0.11922916028200875,8,1.0012303057497185,0.017931097827237747,0.04175514058664575,0.8484085833923282,COMPLETE
1524,0.8841622678396871,2026-03-23 18:06:13.703781,2026-03-23 18:06:14.002937,0 days 00:00:00.299156,0.9799664660679661,1.8813814903457196,0.16454688897771663,8,1.4740131402451815,0.011044605592274085,0.03199828891675006,0.9113442473681149,COMPLETE
1525,0.885217008797654,2026-03-23 18:06:14.018931,2026-03-23 18:06:14.321450,0 days 00:00:00.302519,0.9244763684604514,1.752465123528637,0.1318919910904613,8,1.1174709550950948,0.04461406850981614,0.03301579825367378,0.855169183014766,COMPLETE
1526,0.8849149560117302,2026-03-23 18:06:14.338176,2026-03-23 18:06:14.641876,0 days 00:00:00.303700,0.9921403195089198,2.1221057127096485,0.15431425639799706,8,1.05474352261816,0.006699841011192081,0.06388179254489192,0.888197220843178,COMPLETE
1527,0.8855425219941349,2026-03-23 18:06:14.657895,2026-03-23 18:06:14.925429,0 days 00:00:00.267534,0.9842063298392669,1.8801567084018644,0.1867254318495176,8,1.1956920599288856,0.026836700048528127,0.04749187120050053,0.8411372225296905,COMPLETE
1528,0.8885708699902248,2026-03-23 18:06:14.942404,2026-03-23 18:06:15.232083,0 days 00:00:00.289679,0.9935728915122214,1.7687298318535154,0.14397248274989596,8,1.1439772888138837,0.03423508479588416,0.028393761644882595,0.8544585488953187,COMPLETE
1529,0.8820918866080157,2026-03-23 18:06:15.246491,2026-03-23 18:06:15.597892,0 days 00:00:00.351401,0.9984157586552637,1.8000863910902545,0.1502952101594549,3,1.1043278575405697,0.031987194991284114,0.0299721083527548,0.8338354846319056,COMPLETE
1530,0.8815161290322582,2026-03-23 18:06:15.612366,2026-03-23 18:06:15.877232,0 days 00:00:00.264866,0.9949376433212536,1.7094737995423572,0.14682655163961802,8,1.0658372206844418,0.03754902474753793,0.035081366594592246,0.8453808006743082,COMPLETE
1531,0.8894330400782013,2026-03-23 18:06:15.894095,2026-03-23 18:06:16.170123,0 days 00:00:00.276028,0.9953209613414441,1.7482715842707564,0.15741111201038505,8,1.1350921115038677,0.035548131204324825,0.03998972392671183,0.8538340720071188,COMPLETE
1532,0.8849042033235581,2026-03-23 18:06:16.188565,2026-03-23 18:06:16.467295,0 days 00:00:00.278730,0.99618568496086,1.748365689886171,0.16277358324286395,8,1.1126934756122646,0.04879181109340882,0.0506758899692259,0.850360641878068,COMPLETE
1533,0.8803851417399805,2026-03-23 18:06:16.482012,2026-03-23 18:06:16.748011,0 days 00:00:00.265999,0.9994816753152583,1.8484110203943038,0.15596278224669355,6,1.0579270411239408,0.03885610677173341,0.04530599914818558,0.6678233810128342,COMPLETE
1534,0.8847732160312806,2026-03-23 18:06:16.764164,2026-03-23 18:06:17.028918,0 days 00:00:00.264754,0.9986102782231091,1.8052970234044636,0.16405324265955734,8,1.1278315059300201,0.031657896625805516,0.05737515883365805,0.8434817746520673,COMPLETE
1535,0.8867018572825025,2026-03-23 18:06:17.045849,2026-03-23 18:06:17.320818,0 days 00:00:00.274969,0.9988673646519498,1.7742295737545724,0.15196336995682344,8,1.0904550855667614,0.028710315652295298,0.03780518772194702,0.8496286350855765,COMPLETE
1536,0.8841798631476051,2026-03-23 18:06:17.336697,2026-03-23 18:06:17.606572,0 days 00:00:00.269875,0.9923615427635388,1.9222306476480648,0.15353094997549915,8,1.042321512609258,0.06338132427470816,0.04043126524409315,0.8409485803218928,COMPLETE
1537,0.8834193548387097,2026-03-23 18:06:17.623278,2026-03-23 18:06:17.902628,0 days 00:00:00.279350,0.9994961211123061,1.71305567811178,0.16947772685742962,8,1.1360309006428169,0.03311400235500873,0.04473929667877935,0.8526278177075541,COMPLETE
1538,0.8851544477028349,2026-03-23 18:06:17.920179,2026-03-23 18:06:18.221243,0 days 00:00:00.301064,0.9928672222236771,1.8954672142546987,0.1568932828635823,8,1.0882066043362832,0.05003020586112418,0.03685836389400821,0.8308473786271606,COMPLETE
1539,0.8842649071358749,2026-03-23 18:06:18.238179,2026-03-23 18:06:18.498893,0 days 00:00:00.260714,0.9917739270411581,1.7360022521071847,0.17248235093682898,8,1.1504043352649138,0.032791006126299295,0.05642136476139081,0.8526340606087824,COMPLETE
1540,0.8871603128054741,2026-03-23 18:06:18.514814,2026-03-23 18:06:18.811846,0 days 00:00:00.297032,0.9931403769001894,1.8179744445422195,0.14618323347717213,8,1.0495617338166563,0.04076084938976263,0.039539614041927615,0.8384958030021903,COMPLETE
1541,0.8829227761485825,2026-03-23 18:06:18.825858,2026-03-23 18:06:19.079515,0 days 00:00:00.253657,0.99888576021769,1.9496881923028422,0.15900533173767425,8,1.1330945020112626,0.024237097272760365,0.07537655981032688,0.8542793970970805,COMPLETE
1542,0.8843714565004887,2026-03-23 18:06:19.093684,2026-03-23 18:06:19.336760,0 days 00:00:00.243076,0.9888787075189897,1.8187353628869287,0.1781129866360297,8,1.0719663586192272,0.023879310042522063,0.052757941511917504,0.8474250619450772,COMPLETE
1543,0.8849393939393939,2026-03-23 18:06:19.352775,2026-03-23 18:06:19.639914,0 days 00:00:00.287139,0.9909035217933132,2.0141736466099336,0.14665657312784075,8,1.1575126741589634,0.04110740231408567,0.03342874268801033,0.8427961024939005,COMPLETE
1544,0.8795102639296188,2026-03-23 18:06:19.657329,2026-03-23 18:06:19.975774,0 days 00:00:00.318445,0.999617467773502,1.7311729182619302,0.16542521176753086,8,8.982277657475631,0.0733287091164389,0.04115057553704824,0.8565355843078652,COMPLETE
1545,0.8866275659824047,2026-03-23 18:06:19.989848,2026-03-23 18:06:20.252792,0 days 00:00:00.262944,0.9895674253776767,1.678887776332008,0.15256212211642867,8,1.0455837868040556,0.054282089447183074,1.6063031968005417,0.829458016212354,COMPLETE
1546,0.8903421309872923,2026-03-23 18:06:20.268549,2026-03-23 18:06:20.554930,0 days 00:00:00.286381,0.9882795058818716,1.8689967766791105,0.14666797316704522,8,1.1079395093578468,0.019465311593045143,0.03081909706850276,0.8560129261469889,COMPLETE
1547,0.8826695992179863,2026-03-23 18:06:20.573581,2026-03-23 18:06:20.890559,0 days 00:00:00.316978,0.9999667920019677,1.729552854652072,0.15966954274507583,8,1.168575503982132,0.0273879980605009,0.029029444158619494,0.8582124802742214,COMPLETE
1548,0.8869032258064515,2026-03-23 18:06:20.906609,2026-03-23 18:06:21.181408,0 days 00:00:00.274799,0.9887475109207006,1.8099104086744358,0.15681502790772958,8,1.1850339673498478,0.01963824551846069,0.03303964943539335,0.8570881334686371,COMPLETE
1549,0.8825659824046921,2026-03-23 18:06:21.195360,2026-03-23 18:06:21.452471,0 days 00:00:00.257111,0.9925388513054814,1.832240159747159,0.1462891422053891,8,1.1382720715636583,0.029177938626953625,0.028404367996950983,0.8547383786007752,COMPLETE
1550,0.8850087976539588,2026-03-23 18:06:21.469132,2026-03-23 18:06:21.756819,0 days 00:00:00.287687,0.9879536218561619,1.6930092892822275,0.17027213504493033,8,1.1172116539574508,0.020768598316297054,0.028936761762553036,0.8586613485645433,COMPLETE
1551,0.8855865102639295,2026-03-23 18:06:21.771735,2026-03-23 18:06:22.026747,0 days 00:00:00.255012,0.9932684120006846,1.6964487702879694,0.16453265027879896,8,1.1696484587540594,0.044466975117675375,0.032637758656182264,0.8593711059013632,COMPLETE
1552,0.886811339198436,2026-03-23 18:06:22.043004,2026-03-23 18:06:22.314338,0 days 00:00:00.271334,0.9996563498122681,1.8742798283358302,0.14787059345523923,8,1.1059607460994296,0.03741133974363984,0.027982103544942714,0.8508034385632499,COMPLETE
1553,0.8857458455522971,2026-03-23 18:06:22.331220,2026-03-23 18:06:22.595490,0 days 00:00:00.264270,0.9842518003332477,1.749915202923233,0.15355318500637924,8,1.1910842786976594,0.021690795524666896,0.03937488511546252,0.8600928577554195,COMPLETE
1554,0.8837536656891496,2026-03-23 18:06:22.612238,2026-03-23 18:06:22.933922,0 days 00:00:00.321684,0.9898619158632881,1.664075723323667,0.1727674918598168,7,1.1160380866127475,0.06412983663429563,0.03489831432753291,0.8514661931372869,COMPLETE
1555,0.8863088954056697,2026-03-23 18:06:22.952456,2026-03-23 18:06:23.229165,0 days 00:00:00.276709,0.9853818027492905,1.8970834354614687,0.14343103454564218,8,1.1857060558766062,0.04622897667049077,0.044823132077515954,0.8594551578923936,COMPLETE
1556,0.8854731182795699,2026-03-23 18:06:23.242936,2026-03-23 18:06:23.524007,0 days 00:00:00.281071,0.9871069115622543,1.8119664229321708,0.1668675393230352,8,1.1147886658054154,0.027454108624079255,0.030692315580968996,0.8487810899086397,COMPLETE
1557,0.8819648093841642,2026-03-23 18:06:23.541216,2026-03-23 18:06:23.851046,0 days 00:00:00.309830,0.987173700356587,1.73188367111224,0.15952813626804052,8,3.761216893984698,0.07021227479031036,0.026101555939391542,0.8607536175928499,COMPLETE
1558,0.8858406647116324,2026-03-23 18:06:23.867612,2026-03-23 18:06:24.128383,0 days 00:00:00.260771,0.9947378314025952,1.9191356793846357,0.18141400771757685,8,1.1838655595978735,0.03373590727717949,0.037827014933596186,0.9781414525860269,COMPLETE
1559,0.887782991202346,2026-03-23 18:06:24.143201,2026-03-23 18:06:24.414738,0 days 00:00:00.271537,0.9832234346819895,1.7658278159875995,0.15007772864591445,8,1.0874092175249435,0.019765830252960786,0.028313037495374605,0.8478689060871955,COMPLETE
1560,0.8835698924731182,2026-03-23 18:06:24.428364,2026-03-23 18:06:24.693942,0 days 00:00:00.265578,0.9936811582600344,1.6770609140322583,0.1422326907454676,8,1.1488306838477196,0.018786597582657074,0.03394255350120503,0.9435021496270247,COMPLETE
1561,0.8872717497556206,2026-03-23 18:06:24.708556,2026-03-23 18:06:24.996112,0 days 00:00:00.287556,0.9857468783224462,1.8698936587392803,0.15416317955483014,8,1.0862639076270326,0.05767425368526994,0.04137725683664589,0.8542494314362387,COMPLETE
1562,0.8856089931573803,2026-03-23 18:06:25.016895,2026-03-23 18:06:25.320225,0 days 00:00:00.303330,0.999763891091222,1.6368399042140234,0.14298094794113536,8,1.2122981524415322,0.031165169041482706,0.05188285429915055,0.8619578111998016,COMPLETE
1563,0.8838357771260998,2026-03-23 18:06:25.335831,2026-03-23 18:06:25.631885,0 days 00:00:00.296054,0.9833542493386527,1.9875447386466827,0.17320698141873678,8,1.1449007628683758,0.07641649598231047,0.027825196681166342,0.8457364882439136,COMPLETE
1564,0.8863352883675464,2026-03-23 18:06:25.649852,2026-03-23 18:06:25.926099,0 days 00:00:00.276247,0.9896372780848675,1.8441945218201101,0.1408404536667857,8,1.0754043374801932,0.10122362251388134,0.025441882578961055,0.8633563548613017,COMPLETE
1565,0.8875395894428153,2026-03-23 18:06:25.942573,2026-03-23 18:06:26.244952,0 days 00:00:00.302379,0.999774553051351,1.7598750267743688,0.15882203123075164,8,1.183861170528758,0.017753872962304913,0.04658637403938911,0.8532194641701006,COMPLETE
1566,0.8842590420332357,2026-03-23 18:06:26.260313,2026-03-23 18:06:26.525169,0 days 00:00:00.264856,0.981436819959664,1.9507241464812841,0.18883640208714128,8,1.1288445977744692,0.047017133141587925,0.0666795881241089,0.8617801062704776,COMPLETE
1567,0.8854770283479961,2026-03-23 18:06:26.540866,2026-03-23 18:06:26.838845,0 days 00:00:00.297979,0.9903003534339291,1.6630951865741175,0.16279990878783512,8,1.198754655625902,0.02941728400906094,0.032769839643697084,0.8446366494433586,COMPLETE
1568,0.8868484848484848,2026-03-23 18:06:26.855800,2026-03-23 18:06:27.155482,0 days 00:00:00.299682,0.9810302330685012,1.8443255616086724,0.15041758130842856,8,1.0478531086432357,0.05566819666797362,0.03746241972863512,0.853977368951954,COMPLETE
1569,0.8841945259042032,2026-03-23 18:06:27.170392,2026-03-23 18:06:25.419135,-1 days +23:59:58.248743,0.9920452466499228,1.6650954865285013,0.17904947875681998,8,1.0593232757225282,0.04502938152014864,0.024731238879988158,0.8588390959918075,COMPLETE
1570,0.8865757575757576,2026-03-23 18:06:25.432444,2026-03-23 18:06:25.710724,0 days 00:00:00.278280,0.979755300566319,1.739905083818214,0.14327168130295054,8,3.2002177876230586,2.917607506332786e-05,0.02939671867884334,0.8639521481301393,COMPLETE
1571,0.882286412512219,2026-03-23 18:06:25.726693,2026-03-23 18:06:26.031704,0 days 00:00:00.305011,0.9934499410478255,1.9455304674447063,0.16587478031415656,8,5.698726759238462,0.014926576216594928,0.03323433963532603,0.8464051301427504,COMPLETE
1572,0.8832883675464319,2026-03-23 18:06:26.048779,2026-03-23 18:06:26.308210,0 days 00:00:00.259431,0.9815805717334819,1.84262723883361,0.15261429169939633,8,1.1254162155259606,0.09008512895330151,0.04951557090675822,0.8544938760819613,COMPLETE
1573,0.8862961876832844,2026-03-23 18:06:26.321663,2026-03-23 18:06:26.573399,0 days 00:00:00.251736,0.9867747587095789,1.650185349875218,0.14076476295932827,8,1.2079206060890706,0.022584700234006962,0.024365136466211437,0.8655033320623832,COMPLETE
1574,0.8821730205278593,2026-03-23 18:06:26.590440,2026-03-23 18:06:26.845041,0 days 00:00:00.254601,0.9921535862762364,1.7943995476885988,0.19973415607545486,8,4.037959842610975,0.018186019412351657,0.04053426988783548,0.8371372857980142,COMPLETE
1575,0.8852336265884653,2026-03-23 18:06:26.863074,2026-03-23 18:06:27.130901,0 days 00:00:00.267827,0.9806060517511461,2.0081346326895395,0.17309166873488102,8,1.0916186007201167,0.03810710163957051,0.02896385310344356,0.8521900628380898,COMPLETE
1576,0.8821368523949169,2026-03-23 18:06:27.146602,2026-03-23 18:06:27.406252,0 days 00:00:00.259650,0.9933514141640591,1.9161092249252534,0.13975925595682723,8,1.0417653356589507,0.10314472541039436,0.036997995083580315,0.8638413564951037,COMPLETE
1577,0.8853147605083089,2026-03-23 18:06:27.423593,2026-03-23 18:06:27.711920,0 days 00:00:00.288327,0.9766324680096291,1.6703782980983384,0.16005358753525992,8,1.0022801237641628,0.07173701659547063,0.025072112831595765,0.8435698472719775,COMPLETE
1578,0.8846373411534703,2026-03-23 18:06:27.725771,2026-03-23 18:06:28.024373,0 days 00:00:00.298602,0.6627717972473555,1.7481250156850057,0.15179097960631913,5,1.151973936311758,0.03372452455429317,0.032012894559740886,0.8572056234963026,COMPLETE
1579,0.8857350928641252,2026-03-23 18:06:28.040929,2026-03-23 18:06:28.321841,0 days 00:00:00.280912,0.9836945076881627,1.6328414956256214,0.14105766540654247,7,1.2076502854608584,0.017160618729961895,0.04670989800152337,0.8681095567645097,COMPLETE
1580,0.8840430107526881,2026-03-23 18:06:28.338745,2026-03-23 18:06:28.649777,0 days 00:00:00.311032,0.9996441856970828,2.0564665906300363,0.1756784951550278,8,1.0957933611520851,0.11679216720769436,1.9944278860119002,0.8480438545955041,COMPLETE
1581,0.8839530791788857,2026-03-23 18:06:28.665400,2026-03-23 18:06:28.925436,0 days 00:00:00.260036,0.98715646008484,1.879122829875607,0.1459808317535013,8,1.1570534293985881,0.025494066779697153,0.023430359060670654,0.861559917216946,COMPLETE
1582,0.8839843597262952,2026-03-23 18:06:28.942647,2026-03-23 18:06:29.230345,0 days 00:00:00.287698,0.9770857269339671,1.7897459262907847,0.16018151449397475,8,1.2228432859128184,0.07719995719720894,0.027359016894775132,0.8388701587541882,COMPLETE
1583,0.8854926686217008,2026-03-23 18:06:29.245130,2026-03-23 18:06:29.548631,0 days 00:00:00.303501,0.9992564694741093,1.587094578127495,0.15093627204731191,8,1.0008772342213956,0.013843262203865555,0.039230855883792666,0.8535793961463964,COMPLETE
1584,0.8871270772238513,2026-03-23 18:06:29.873253,2026-03-23 18:06:30.144684,0 days 00:00:00.271431,0.9867828323502806,1.9745700228469396,0.13656736772454145,8,1.0926754895134283,0.04852276582901543,0.03170454866566406,0.8670852088016061,COMPLETE
1585,0.8837878787878788,2026-03-23 18:06:30.160113,2026-03-23 18:06:30.436065,0 days 00:00:00.275952,0.976796017032338,1.7417346663769488,0.1655246303048897,8,1.171021307188101,0.028586137753930155,0.02365857763646696,0.9326659957822856,COMPLETE
1586,0.8839736070381232,2026-03-23 18:06:30.452530,2026-03-23 18:06:30.710957,0 days 00:00:00.258427,0.9925897638960247,1.6305586745632599,0.18468842066716087,8,1.0413899507518485,7.925586967014663e-08,0.057819014363960655,0.8469088272684402,COMPLETE
1587,0.8844711632453568,2026-03-23 18:06:30.726157,2026-03-23 18:06:31.032006,0 days 00:00:00.305849,0.8759510666105017,1.8665869673528688,0.13803997822372163,8,1.1358467187706072,0.01577471264543875,0.18684856451580184,0.8685626427570701,COMPLETE
1588,0.8847644183773217,2026-03-23 18:06:31.049004,2026-03-23 18:06:31.366834,0 days 00:00:00.317830,0.6419277819001049,2.0475976786459316,0.1545240538744538,8,1.2313056802435278,0.05214515566425832,0.029283683583959254,0.8594819883054227,COMPLETE
1589,0.8845679374389053,2026-03-23 18:06:31.380901,2026-03-23 18:06:31.853008,0 days 00:00:00.472107,0.9850006089806295,1.744111299729281,0.033799898466149815,8,1.0868148023225583,0.11736001938767765,0.03677678971892398,0.8534121869939842,COMPLETE
1590,0.8753597262952102,2026-03-23 18:06:31.870473,2026-03-23 18:06:32.165201,0 days 00:00:00.294728,0.9811384921860548,1.9187252746443253,0.010082921329682401,8,1.2102435363460524,0.020882287347710683,0.04328380480186352,0.8398204343912861,COMPLETE
1591,0.8851290322580647,2026-03-23 18:06:32.181281,2026-03-23 18:06:32.461310,0 days 00:00:00.280029,0.975428776402047,1.6067469439549624,0.16930690276452554,8,1.0598421275531127,0.012963034340851479,0.02300429943357023,0.8698156904928219,COMPLETE
1592,0.8879472140762463,2026-03-23 18:06:32.478272,2026-03-23 18:06:32.766187,0 days 00:00:00.287915,0.9995116451759862,1.7982092681528887,0.14722610164892302,8,1.1442796099736317,0.032894684659217466,0.02701570082108779,0.8622984921977737,COMPLETE
1593,0.8881085043988269,2026-03-23 18:06:32.782253,2026-03-23 18:06:33.105961,0 days 00:00:00.323708,0.9882381649332003,1.6764230475747468,0.1392258040420783,8,1.0965627247664997,0.07842710779355036,0.03333357060051102,0.8508883536105247,COMPLETE
1594,0.8848768328445749,2026-03-23 18:06:33.122107,2026-03-23 18:06:33.415754,0 days 00:00:00.293647,0.9940054838838708,1.719827426555067,0.14325148889776806,8,1.0420515542103026,0.07062297148256248,0.036634118478528065,0.8406566577369752,COMPLETE
1595,0.885772238514174,2026-03-23 18:06:33.432479,2026-03-23 18:06:33.723100,0 days 00:00:00.290621,0.9933645844032676,1.8449747692728273,0.13952309218164705,8,1.0861133849464324,0.07247778560235259,0.04244377045674112,0.8445481501866295,COMPLETE
1596,0.8865757575757575,2026-03-23 18:06:33.738514,2026-03-23 18:06:34.023238,0 days 00:00:00.284724,0.9886052194417455,1.6957020287009879,0.14952417643807311,8,1.0981920936624712,0.11240474669585475,0.03347368900217984,0.834959088667101,COMPLETE
1597,0.885505376344086,2026-03-23 18:06:34.040541,2026-03-23 18:06:34.313838,0 days 00:00:00.273297,0.9924267875634435,1.8683894393916256,0.1360319269368317,8,1.0427453952414898,0.05580876709751662,0.05122437682343016,0.8490133118531641,COMPLETE
1598,0.8845728250244379,2026-03-23 18:06:34.327759,2026-03-23 18:06:34.599046,0 days 00:00:00.271287,0.999529183364149,1.791524164168382,0.13571938625743107,8,1.1298357530534717,0.0820101331535465,0.03215110086139639,0.8516953194514563,COMPLETE
1599,0.8854320625610947,2026-03-23 18:06:34.614562,2026-03-23 18:06:34.909956,0 days 00:00:00.295394,0.9866391463433003,1.9853670786355169,0.15619763224951053,8,1.0046564012179824,0.10512025382250166,0.043988157364097065,0.8418123484476019,COMPLETE
1600,0.8854301075268817,2026-03-23 18:06:34.925257,2026-03-23 18:06:35.226003,0 days 00:00:00.300746,0.9877744338409314,1.6725693594836666,0.14288608431812627,8,1.101605308492688,0.05536844595167409,0.037230438821533866,0.8553899825049228,COMPLETE
1601,0.8837214076246334,2026-03-23 18:06:35.243325,2026-03-23 18:06:35.601477,0 days 00:00:00.358152,0.9858858279215118,4.720093973664829,0.13760082667997545,8,1.0570836665353707,0.04154402614782599,0.030633465526580157,0.8505869213732371,COMPLETE
1602,0.8849960899315737,2026-03-23 18:06:35.617939,2026-03-23 18:06:35.927310,0 days 00:00:00.309371,0.9999275210812498,0.11151546220103548,0.14534951170594632,8,1.1439781816937726,0.0823945813081482,0.037156274599868234,0.8582958617660946,COMPLETE
1603,0.8826510263929619,2026-03-23 18:06:35.944198,2026-03-23 18:06:36.218039,0 days 00:00:00.273841,0.9927982894011459,1.9081755917325127,0.15723460183746946,8,1.0505189644555297,0.11406403575779513,0.0483580654450848,0.8348517672057405,COMPLETE
1604,0.8836177908113393,2026-03-23 18:06:36.233966,2026-03-23 18:06:36.533006,0 days 00:00:00.299040,0.977664758651211,1.7882067483633806,0.1341887483849374,8,1.1145684300331344,0.03816262201210956,0.029788749441522693,0.8442502600632739,COMPLETE
1605,0.8853079178885632,2026-03-23 18:06:36.550222,2026-03-23 18:06:36.837353,0 days 00:00:00.287131,0.984336581493783,1.6746708788868236,0.14721068104589052,8,1.1468670919677604,0.06296984175140377,0.03351278565953826,0.8608193104448341,COMPLETE
1606,0.8837653958944283,2026-03-23 18:06:36.853986,2026-03-23 18:06:37.125344,0 days 00:00:00.271358,0.9759289409671936,2.1431228388435914,0.16536192191245402,8,2.3906638496680213,0.035076390669080346,0.02726106896932246,0.8507814605878218,COMPLETE
1607,0.8889032258064515,2026-03-23 18:06:37.142466,2026-03-23 18:06:37.419647,0 days 00:00:00.277181,0.9930785822995604,1.9697066945481343,0.1344805456817719,8,1.082767648134004,0.08064504123490347,0.06168016581506043,0.864547295579741,COMPLETE
1608,0.8853548387096775,2026-03-23 18:06:37.438829,2026-03-23 18:06:37.736801,0 days 00:00:00.297972,0.9801363209771929,1.778292933901298,0.13257785439734446,8,1.1716194122024983,0.04702972113536497,0.07749450486176222,0.8573979948360047,COMPLETE
1609,0.8874819159335289,2026-03-23 18:06:37.753239,2026-03-23 18:06:38.013920,0 days 00:00:00.260681,0.972642258746382,1.6124143193762062,0.13397576695712918,8,1.1764008856026305,0.02594069236798464,0.06280964567059087,0.8474218367138566,COMPLETE
1610,0.8863958944281524,2026-03-23 18:06:38.031480,2026-03-23 18:06:38.334850,0 days 00:00:00.303370,0.9863749405126209,1.895711000269956,0.13554639386903247,8,1.1027557950093676,0.04938611037785208,0.0679421151586471,0.8620399905477593,COMPLETE
1611,0.8860449657869013,2026-03-23 18:06:38.351406,2026-03-23 18:06:38.621260,0 days 00:00:00.269854,0.9766433530048871,2.0030903213620386,0.13779208827861772,8,1.1956222110233539,0.03349504088495752,0.10319063328565954,0.8562299647220831,COMPLETE
1612,0.8863157380254154,2026-03-23 18:06:38.634640,2026-03-23 18:06:38.947401,0 days 00:00:00.312761,0.9883326513033328,1.7275897658803372,0.1344866644910219,8,1.104156596680963,0.05767528699973002,0.06333940524154225,0.841357800096076,COMPLETE
1613,0.8822756598240469,2026-03-23 18:06:38.963738,2026-03-23 18:06:39.269792,0 days 00:00:00.306054,0.9728199706729118,1.796225235383961,0.14341874404828414,6,1.158214745033028,0.022400318479633027,0.06279803948840101,0.8530832348177088,COMPLETE
1614,0.8853313782991202,2026-03-23 18:06:39.286456,2026-03-23 18:06:39.577880,0 days 00:00:00.291424,0.9806075537862964,1.6547044945048446,0.13016520424715644,8,1.0919777670870652,0.023717684700248723,0.046041152892197,0.865366821144402,COMPLETE
1615,0.8835738025415445,2026-03-23 18:06:39.594542,2026-03-23 18:06:39.905373,0 days 00:00:00.310831,0.9881672986600061,1.9195894833190488,0.13207328054078238,7,1.2051522139603308,0.04539734673709846,0.08470866812162835,0.829127637168843,COMPLETE
1616,0.8825239491691105,2026-03-23 18:06:39.922300,2026-03-23 18:06:40.211029,0 days 00:00:00.288729,0.7607995634642527,1.5981576022796875,0.14153259966320075,8,1.146891899911314,0.01622071711327989,0.08205622675749048,0.8463864284984661,COMPLETE
1617,0.8851681329423264,2026-03-23 18:06:40.226734,2026-03-23 18:06:40.495165,0 days 00:00:00.268431,0.9931157334455152,1.824834047501132,0.12957301154031758,8,1.050408703179893,0.07918377915309797,0.06701770994046526,0.8632478403248885,COMPLETE
1618,0.8879354838709677,2026-03-23 18:06:40.512132,2026-03-23 18:06:40.800585,0 days 00:00:00.288453,0.9810012518212611,2.0331809166861583,0.1410192287352379,8,1.1151146503987606,0.03710105699035158,0.048852051342571194,0.855521526072093,COMPLETE
1619,0.8854437927663734,2026-03-23 18:06:40.817056,2026-03-23 18:06:41.100030,0 days 00:00:00.282974,0.9713118114127528,1.6886448585356915,0.12979476376035684,8,1.206474884885239,0.0573858975793346,0.05884152085954065,0.8375240987606425,COMPLETE
1620,0.8857693059628543,2026-03-23 18:06:41.115913,2026-03-23 18:06:41.371941,0 days 00:00:00.256028,0.9823795574202394,1.8490992425308714,0.1467075600670073,8,1.0573900935622818,0.029943882355398417,0.0742022330006895,0.8692181838315487,COMPLETE
1621,0.8853998044965787,2026-03-23 18:06:41.385743,2026-03-23 18:06:41.699527,0 days 00:00:00.313784,0.9929378487119344,1.583493915910094,0.13603241160618976,8,1.0014628012880233,0.012313250702238474,0.05554549098790412,0.8491278869617881,COMPLETE
1622,0.8867018572825025,2026-03-23 18:06:41.717623,2026-03-23 18:06:42.018858,0 days 00:00:00.301235,0.9742733325387408,1.725677546022319,0.1469014178412556,8,1.1556102980718508,0.07652612119706316,0.07243057101386731,0.8605341849487698,COMPLETE
1623,0.8844222873900294,2026-03-23 18:06:42.035135,2026-03-23 18:06:42.312990,0 days 00:00:00.277855,0.9869537004222949,1.9661204084689565,0.12830597044766034,8,1.2256881164273399,0.016383195521487884,0.054785844504223496,0.8697242750524117,COMPLETE
1624,0.884197458455523,2026-03-23 18:06:42.328984,2026-03-23 18:06:42.633958,0 days 00:00:00.304974,0.7757895439820459,2.103197529710791,0.13961965955447442,8,1.0918235085086467,0.035969451301435404,0.043419928947263195,0.8538593939419881,COMPLETE
1625,0.8869384164222873,2026-03-23 18:06:42.650581,2026-03-23 18:06:42.929829,0 days 00:00:00.279248,0.9993173660095888,2.2091093304195364,0.13010875500653174,8,1.1678019685003818,0.09663799668273251,0.05161876237682266,0.8436879623765562,COMPLETE
1626,0.883366568914956,2026-03-23 18:06:42.945435,2026-03-23 18:06:43.220899,0 days 00:00:00.275464,0.9695211999978331,1.871622511941832,0.1495655866104246,8,1.0018611859943136,0.026983875441231375,0.12415075053008018,0.8628578190524258,COMPLETE
1627,0.8865073313782992,2026-03-23 18:06:43.234247,2026-03-23 18:06:43.541838,0 days 00:00:00.307591,0.9812603842824824,1.5843101841034648,0.13782511117546145,8,1.08384483138757,0.020565293517001038,0.04450265193531819,0.8375028254701522,COMPLETE
1628,0.8840469208211144,2026-03-23 18:06:43.558466,2026-03-23 18:06:43.866644,0 days 00:00:00.308178,0.9919357423624077,1.7816001848084824,0.15131077297319512,8,1.1245169462808189,0.011327373533647787,0.04930102899998693,0.854719751713049,COMPLETE
1629,0.8844144672531769,2026-03-23 18:06:43.882753,2026-03-23 18:06:44.183086,0 days 00:00:00.300333,0.9781256042085857,1.6944658110207969,0.12820268155145312,8,3.5530444878354506,0.12797646183232517,0.056477858549921676,0.8694441246039006,COMPLETE
1630,0.8868240469208211,2026-03-23 18:06:44.200026,2026-03-23 18:06:44.469974,0 days 00:00:00.269948,0.9929057871728469,2.0429414911256902,0.137443646071031,8,1.2170318790089565,0.0632330764057644,0.05630892499860083,0.825315623794917,COMPLETE
1631,0.8831524926686218,2026-03-23 18:06:44.484164,2026-03-23 18:06:44.766883,0 days 00:00:00.282719,0.8439669251046685,1.9447895989441726,0.12699855619525124,8,1.052049419735167,0.040572589688811174,0.04421565479396922,0.8482263958765023,COMPLETE
1632,0.8846070381231672,2026-03-23 18:06:44.784826,2026-03-23 18:06:45.051720,0 days 00:00:00.266894,0.9695965664926172,1.739890052829959,0.1443747065164714,8,1.1538791430992226,0.010023206471407293,0.06940114225720993,0.8606599925051652,COMPLETE
1633,0.8860254154447702,2026-03-23 18:06:45.068506,2026-03-23 18:06:45.371302,0 days 00:00:00.302796,0.9854584634500444,1.587647856786502,0.13262543704534277,8,1.096589480199869,0.08030823048216525,0.04030232613099602,0.8706637746373855,COMPLETE
1634,0.8854134897360704,2026-03-23 18:06:45.387592,2026-03-23 18:06:45.683904,0 days 00:00:00.296312,0.9798159496265951,1.6506937468482727,0.14369775248009523,8,1.212902538560378,0.017380592487381576,0.055608955303006295,0.8509348912666205,COMPLETE
1635,0.883733137829912,2026-03-23 18:06:45.699953,2026-03-23 18:06:46.024110,0 days 00:00:00.324157,0.9730570771324389,1.8237123897044158,0.12623475066426917,8,1.041671515117772,0.0563922529834241,0.03929053908314508,0.8342749295997088,COMPLETE
1636,0.88424926686217,2026-03-23 18:06:46.038190,2026-03-23 18:06:46.305899,0 days 00:00:00.267709,0.9998839615874952,1.9272508727441202,0.15263606474616656,8,1.153063727015655,0.010949205476123509,0.03802147352347381,0.8604498611254039,COMPLETE
1637,0.8769296187683284,2026-03-23 18:06:46.322371,2026-03-23 18:06:46.600170,0 days 00:00:00.277799,0.9873806315066914,1.5741095954639612,0.13970612832086055,8,10.895284581651126,0.024889331984800016,0.04142553230618176,0.866634612510543,COMPLETE
1638,0.8861720430107527,2026-03-23 18:06:46.616565,2026-03-23 18:06:46.923052,0 days 00:00:00.306487,0.9997425858321518,1.7435396759802342,0.13308258424668348,8,2.6745087612305682,0.10934219120165475,0.09622996054033478,0.8438423643817429,COMPLETE
1639,0.8766451612903225,2026-03-23 18:06:46.941423,2026-03-23 18:06:47.249670,0 days 00:00:00.308247,0.9672197350111115,2.0578475187139813,0.015549507597130348,8,1.242631228445536,0.05710759701157384,0.05092697056993209,0.8559924343420601,COMPLETE
1640,0.8816744868035191,2026-03-23 18:06:47.266384,2026-03-23 18:06:47.584593,0 days 00:00:00.318209,0.9859734580306776,1.853439657995403,0.15088408425985286,4,1.1152772586144462,0.03712121579319198,0.4696093377778141,0.8704685815801564,COMPLETE
1641,0.8729266862170088,2026-03-23 18:06:47.601847,2026-03-23 18:06:47.947794,0 days 00:00:00.345947,0.9757007553373781,1.6922712019688084,0.12643854082520092,3,2.8852686968761865,8.113725393905211,0.037436156505698884,0.8502403653369486,COMPLETE
1642,0.8868103616813294,2026-03-23 18:06:47.965784,2026-03-23 18:06:48.249892,0 days 00:00:00.284108,0.9999201553240978,1.933119567627338,0.15643320709752698,8,1.0506504023327232,0.017990435136677207,0.03480771475192624,0.8630877198657281,COMPLETE
1643,0.8846862170087977,2026-03-23 18:06:48.264055,2026-03-23 18:06:48.584650,0 days 00:00:00.320595,0.9915808168752279,2.1997171896356034,0.13558023227518295,8,1.191102858290722,0.08880277046957948,0.04596784993957615,0.8376899965038419,COMPLETE
1644,0.8862746823069404,2026-03-23 18:06:48.601670,2026-03-23 18:06:48.887280,0 days 00:00:00.285610,0.9815225600748394,1.5947243994939546,0.14307102368388336,8,1.091782363599541,0.14105820916071563,0.03238495107516664,0.8567816863457642,COMPLETE
1645,0.8852834799608993,2026-03-23 18:06:48.901929,2026-03-23 18:06:49.188034,0 days 00:00:00.286105,0.967319978021872,1.837058982885131,0.1276580022463858,8,1.1491927168147125,0.02912041776186304,0.06362108879422108,0.8448863565253412,COMPLETE
1646,0.884987292277615,2026-03-23 18:06:49.205116,2026-03-23 18:06:49.519156,0 days 00:00:00.314040,0.9764554092747945,1.7613695700223686,0.12432298283186309,8,1.234561977234984,0.013765092304711067,0.0503799593102469,0.8718510624573186,COMPLETE
1647,0.883941348973607,2026-03-23 18:06:49.534980,2026-03-23 18:06:49.921293,0 days 00:00:00.386313,0.9921138279486442,1.5571390074812312,0.06256492595620215,8,1.042465962487659,0.00904427098871998,0.032356048299175405,0.8626719720232916,COMPLETE
1648,0.8843343108504399,2026-03-23 18:06:49.939444,2026-03-23 18:06:50.259018,0 days 00:00:00.319574,0.7128011916620721,2.080177065499041,0.15426804481674736,8,1.1262549612224264,0.04653013460432224,0.0418708730329439,0.8544719370706826,COMPLETE
1649,0.880594330400782,2026-03-23 18:06:50.272988,2026-03-23 18:06:50.568969,0 days 00:00:00.295981,0.9849260634078052,1.6635526079369973,0.13391095199996167,7,6.633533160052658,0.12444964582086392,0.028315006504760574,0.8723534556484399,COMPLETE
1650,0.8867184750733138,2026-03-23 18:06:50.584445,2026-03-23 18:06:50.871950,0 days 00:00:00.287505,0.9724401666334628,1.896015797698844,0.14481777462185927,8,1.1741363172180281,0.020329168898445805,0.036511437561550335,0.8463085896236523,COMPLETE
1651,0.8868768328445749,2026-03-23 18:06:50.888961,2026-03-23 18:06:51.246809,0 days 00:00:00.357848,0.9802704810148225,1.9756380628838777,0.13533707644653062,8,1.0744476248300379,0.0671004772892263,0.8804349939702683,0.8344100601188863,COMPLETE
1652,0.8833958944281526,2026-03-23 18:06:51.264100,2026-03-23 18:06:51.564163,0 days 00:00:00.300063,0.9921789012408675,1.775661812659977,0.12588748268189248,8,1.2424585115293194,0.031833839877367195,0.04959202862796857,0.751519235668831,COMPLETE
1653,0.8865620723362659,2026-03-23 18:06:51.580335,2026-03-23 18:06:51.841084,0 days 00:00:00.260749,0.9651872782132793,1.563224953981657,0.1565589671235706,8,1.115420988705881,0.013324339085664811,0.0314029384060842,0.8657671682972308,COMPLETE
1654,0.8847047898338221,2026-03-23 18:06:51.858207,2026-03-23 18:06:52.126940,0 days 00:00:00.268733,0.9837070940771242,2.3174261541467347,0.14767475424622198,8,1.039314108860554,0.16909533380064673,0.02664966273998566,0.8576401608290222,COMPLETE
1655,0.8870840664711632,2026-03-23 18:06:52.142787,2026-03-23 18:06:52.447788,0 days 00:00:00.305001,0.9928078239999844,1.6530663581989322,0.13850075318601857,8,1.177596599749565,0.023514323231846865,0.038913235432951686,0.8722065165985561,COMPLETE
1656,0.8849824046920821,2026-03-23 18:06:52.464264,2026-03-23 18:06:52.754438,0 days 00:00:00.290174,0.9779450031577882,1.8137381620267368,0.12657006274381186,8,1.001377380731575,0.009580131511248537,0.0815505590293739,0.8233436917170007,COMPLETE
1657,0.8848846529814272,2026-03-23 18:06:52.771081,2026-03-23 18:06:53.040747,0 days 00:00:00.269666,0.968198155760761,2.145776329453279,0.15970296547881283,8,1.2467728654834016,0.04883591235834783,0.060569764092154005,0.8499313663553562,COMPLETE
1658,0.8878553274682307,2026-03-23 18:06:53.061014,2026-03-23 18:06:53.357157,0 days 00:00:00.296143,0.9871787795605412,1.9767997409809988,0.14457631747829094,8,1.0850901793454009,0.15000504650331503,0.032767938802077366,0.8415227955562303,COMPLETE
1659,0.8847448680351906,2026-03-23 18:06:53.373882,2026-03-23 18:06:53.671383,0 days 00:00:00.297501,0.9999049900303003,1.7222466708623547,0.12392477557348945,8,1.1531329522302123,0.07701812811133707,0.026379587393746025,0.864172150671017,COMPLETE
1660,0.8838367546432063,2026-03-23 18:06:53.687840,2026-03-23 18:06:53.952056,0 days 00:00:00.264216,0.9750768773153682,1.5229582567035937,0.1339957834322691,8,1.208158890249214,0.03598345281863361,0.04296093277838448,0.8529831473083709,COMPLETE
1661,0.8884320625610949,2026-03-23 18:06:53.968460,2026-03-23 18:06:54.243416,0 days 00:00:00.274956,0.9858457172074842,1.8800658498166023,0.1501092782729724,8,1.001216911483701,0.021754033285405705,0.03613666013463512,0.8726645919468868,COMPLETE
1662,0.8876803519061583,2026-03-23 18:06:54.258845,2026-03-23 18:06:54.534089,0 days 00:00:00.275244,0.9917892613533997,2.040631656512209,0.15415030376301975,8,1.0379362102790315,0.013821965310125032,0.05026371021757535,0.8764161756240323,COMPLETE
1663,0.8850772238514175,2026-03-23 18:06:54.550577,2026-03-23 18:06:54.851530,0 days 00:00:00.300953,0.9882778526203937,2.1449139357178546,0.15936191242696776,8,1.036985326069366,0.01582120509254309,0.04003714788805894,0.8765081904420357,COMPLETE
1664,0.8851466275659823,2026-03-23 18:06:54.867192,2026-03-23 18:06:55.135138,0 days 00:00:00.267946,0.9938484725386513,1.9949188567525857,0.16333761294742402,8,1.0080627733154774,0.008881897987927274,0.04515592873759267,0.876765192255297,COMPLETE
1665,0.8867038123167155,2026-03-23 18:06:55.151715,2026-03-23 18:06:55.428216,0 days 00:00:00.276501,0.9838458972138597,1.94060721854983,0.15113784088832194,8,1.0066290637503594,0.011808547954032583,0.056417182279000985,0.8741588636501809,COMPLETE
1666,0.886069403714565,2026-03-23 18:06:55.443328,2026-03-23 18:06:55.722387,0 days 00:00:00.279059,0.9753328163177023,2.0989471664275974,0.14713060640039222,8,1.0089261759863444,0.01952718316636217,0.037414165956355064,0.8684903742685908,COMPLETE
1667,0.8810518084066471,2026-03-23 18:06:55.738470,2026-03-23 18:06:56.022157,0 days 00:00:00.283687,0.9997578926654417,1.9003420806350941,0.15137358657112585,8,7.32736861524708,0.007799322445506898,0.04776260035550303,0.8767661992749889,COMPLETE
1668,0.8834408602150536,2026-03-23 18:06:56.038285,2026-03-23 18:06:56.317970,0 days 00:00:00.279685,0.9999638988819548,2.236220936385273,0.1422734901475426,8,1.0029580908573292,0.01732895265378587,0.03735583669549319,0.8687723749583793,COMPLETE
1669,0.8831749755620723,2026-03-23 18:06:56.334500,2026-03-23 18:06:56.628029,0 days 00:00:00.293529,0.9624014354254764,1.8754588095867295,0.1566574465300289,5,1.0774226070254334,0.010647386054622137,0.042631410159009786,0.7705115065366223,COMPLETE
1670,0.8865669599217986,2026-03-23 18:06:56.645177,2026-03-23 18:06:56.947543,0 days 00:00:00.302366,0.9852503217518054,2.048835580510439,0.16287775564546292,8,1.0043591979558932,0.006429620339748987,0.03307718905097793,0.8775689149072615,COMPLETE
1671,0.8869276637341154,2026-03-23 18:06:56.966616,2026-03-23 18:06:57.252094,0 days 00:00:00.285478,0.9787225798254348,1.9780837867939645,0.14359093091579508,8,1.0432269551177358,0.02173512038478497,0.03612520343275614,0.868518273689845,COMPLETE
1672,0.8841642228739003,2026-03-23 18:06:57.267464,2026-03-23 18:06:57.561041,0 days 00:00:00.293577,0.9917570713402266,1.9007288043613424,0.1474462031029347,6,1.0602645685250396,0.014372044664206364,0.05269959648103859,0.8799159224832669,COMPLETE
1673,0.8873010752688173,2026-03-23 18:06:57.575323,2026-03-23 18:06:55.867034,-1 days +23:59:58.291711,0.9702591307519456,1.8379928393108278,0.13981296651430838,8,1.0699917032843669,0.025671368442420055,0.07048802395004707,0.8624313482605387,COMPLETE
1674,0.8874066471163247,2026-03-23 18:06:55.883279,2026-03-23 18:06:56.190601,0 days 00:00:00.307322,0.9879057162425122,2.0463181999523132,0.15611025797844774,8,1.047143940446058,2.884440762831041e-07,0.042784083299889274,0.872562246900629,COMPLETE
1675,0.8844868035190615,2026-03-23 18:06:56.208519,2026-03-23 18:06:56.548638,0 days 00:00:00.340119,0.9813283074252291,1.8177933692296846,0.1667971339046845,8,1.082834485406096,0.009791227578469171,0.03417617828311803,0.864919982246374,COMPLETE
1676,0.8863900293255131,2026-03-23 18:06:56.564945,2026-03-23 18:06:56.846901,0 days 00:00:00.281956,0.9604805681746813,1.9896158606543204,0.14959654630559516,8,1.0018741686656336,0.025189653100109587,0.03089834604331159,0.881270611450249,COMPLETE
1677,0.8852394916911046,2026-03-23 18:06:56.863444,2026-03-23 18:06:57.150877,0 days 00:00:00.287433,0.9729026096553556,2.133010140499233,0.1418024396580737,7,1.1127251588218052,0.0063088520182744846,0.041057652047653576,0.8708359063247838,COMPLETE
1678,0.8793352883675464,2026-03-23 18:06:57.167654,2026-03-23 18:06:57.505787,0 days 00:00:00.338133,0.9871807044453274,1.8620908733390933,0.02012613568151261,8,1.0505863133980402,0.15085297297879727,1.3866377046280631,0.8614462108469877,COMPLETE
1679,0.8841964809384165,2026-03-23 18:06:57.521867,2026-03-23 18:06:57.800098,0 days 00:00:00.278231,0.832982956499051,2.304308092623413,0.16482982306989877,8,1.13047330739286,0.013078180970845248,0.059409303277535006,0.8603548569334549,COMPLETE
1680,0.8859374389051807,2026-03-23 18:06:57.815502,2026-03-23 18:06:58.103848,0 days 00:00:00.288346,0.9660584262804576,1.7234437190969036,0.13800554901117204,8,1.0031933876884378,0.008264538096819363,0.6395846410818217,0.8749176260266507,COMPLETE
1681,0.8866999022482893,2026-03-23 18:06:58.121528,2026-03-23 18:06:58.405086,0 days 00:00:00.283558,0.9918652186605849,1.62926046690814,0.13571947588211208,8,1.0828167041668006,0.09937494796985456,0.04978118449031761,0.8648126510197777,COMPLETE
1682,0.8872502443792766,2026-03-23 18:06:58.422155,2026-03-23 18:06:58.729848,0 days 00:00:00.307693,0.9059387264975567,1.773508002184389,0.15186756095007675,8,1.2622642288021917,0.0186907667764874,0.034323796451475236,0.8552050509394965,COMPLETE
1683,0.8835865102639296,2026-03-23 18:06:58.744032,2026-03-23 18:06:59.004924,0 days 00:00:00.260892,0.95318804525156,1.9228005770791214,0.17146227487316779,8,1.0938407921299258,0.03275123937868641,0.030114479040949695,0.8788565655721634,COMPLETE
1684,0.8871564027370479,2026-03-23 18:06:59.023836,2026-03-23 18:06:59.333190,0 days 00:00:00.309354,0.9792232221294103,1.5250830012551784,0.14742806152892482,8,1.0489672739207758,0.17772858915687256,0.03755922869160618,0.8269613316428627,COMPLETE
1685,0.88083284457478,2026-03-23 18:06:59.350218,2026-03-23 18:06:59.638198,0 days 00:00:00.287980,0.9925366842951274,2.0863803474742033,0.16055714001001956,8,1.0001035073881777,0.014929674071173344,16.79486868318133,0.8722525577654933,COMPLETE
1686,0.8859970674486803,2026-03-23 18:06:59.655152,2026-03-23 18:06:59.932105,0 days 00:00:00.276953,0.9729276020967942,1.6918687733590911,0.13400537562818446,8,1.1702431221878762,0.05671269299197362,0.04471698278063267,0.8425295597935643,COMPLETE
1687,0.885158357771261,2026-03-23 18:06:59.947221,2026-03-23 18:07:00.229335,0 days 00:00:00.282114,0.9852039300554286,1.8258972254963557,0.1384778584909031,8,1.1261121187382315,0.006538709541317638,0.029948307514281285,0.8571348531402185,COMPLETE
1688,0.8837282502443793,2026-03-23 18:07:00.246249,2026-03-23 18:07:00.557321,0 days 00:00:00.311072,0.9802302373117673,2.2192164202478915,0.06820396220359519,8,1.2515770997770994,0.02256821962125853,0.03794788217237984,0.8669795435992158,COMPLETE
1689,0.8763206256109483,2026-03-23 18:07:00.573820,2026-03-23 18:07:00.844530,0 days 00:00:00.270710,0.9659296886825501,1.9876481168700535,0.016865757116562363,8,1.192830996346188,0.03882759339933312,0.03000108817437175,0.8320833021584105,COMPLETE
1690,0.8861691104594331,2026-03-23 18:07:00.861364,2026-03-23 18:07:01.157052,0 days 00:00:00.295688,0.975739431977585,1.541551383290182,0.13176222015511646,8,1.0539161507852695,0.08954987592480738,0.04700345783673939,0.8513414352035381,COMPLETE
1691,0.8837966764418377,2026-03-23 18:07:01.173632,2026-03-23 18:07:01.465438,0 days 00:00:00.291806,0.6995748181121315,1.663571931362632,0.15534194397889742,8,1.1216058160896012,0.008987267161617895,0.03469988521466396,0.8792046708797034,COMPLETE
1692,0.8820439882697947,2026-03-23 18:07:01.482881,2026-03-23 18:07:01.758771,0 days 00:00:00.275890,0.9937809762766907,4.081035987980458,0.1747305625363005,8,2.2210702500916355,0.12807063061464447,0.027179081521159568,0.8649630691246601,COMPLETE
1693,0.8880371456500489,2026-03-23 18:07:01.775296,2026-03-23 18:07:02.052581,0 days 00:00:00.277285,0.9998966583776198,1.8851036025645744,0.14497131574948996,8,1.002036857458604,0.012816498290956827,0.056478734280760313,0.8479731888760965,COMPLETE
1694,0.8849960899315737,2026-03-23 18:07:02.068415,2026-03-23 18:07:02.327311,0 days 00:00:00.258896,0.9576775108029245,1.7559470308436878,0.1617852696236732,8,1.0812143681329964,0.025794492887261017,0.04228760149630445,0.8840996326750469,COMPLETE
1695,0.8856373411534701,2026-03-23 18:07:02.344234,2026-03-23 18:07:02.649678,0 days 00:00:00.305444,0.9857931483861366,1.5930459155456884,0.13075374048635094,8,1.1838848691424593,0.05263592942956103,0.036185292818557396,0.8402116276399025,COMPLETE
1696,0.8846901270772238,2026-03-23 18:07:02.666205,2026-03-23 18:07:02.976817,0 days 00:00:00.310612,0.9182099021528957,1.932249444680629,0.1430055794286393,8,1.2518136805519637,0.17233199106218372,0.028686276992057044,0.8583030443391918,COMPLETE
1697,0.8841036168132943,2026-03-23 18:07:02.994015,2026-03-23 18:07:03.264281,0 days 00:00:00.270266,0.7931324912257294,1.789485622189143,0.1526734527370806,8,1.1374816029141381,0.005663523304889091,0.03342713091015342,0.86811149972337,COMPLETE
1698,0.8867018572825023,2026-03-23 18:07:03.281974,2026-03-23 18:07:03.602744,0 days 00:00:00.320770,0.9707445868473397,1.5308815591254588,0.13281478061098917,8,1.045129213334217,0.03419235791409677,0.0641917897107623,0.8487445233754226,COMPLETE
1699,0.8764868035190616,2026-03-23 18:07:03.619152,2026-03-23 18:07:03.935904,0 days 00:00:00.316752,0.981453523588338,2.167940467377822,0.17693183746209928,8,1.281072309359956,4.487133703797278,0.026194349213516665,0.8143208790124298,COMPLETE
1700,0.885010752688172,2026-03-23 18:07:03.951246,2026-03-23 18:07:04.212509,0 days 00:00:00.261263,0.9931579679298344,2.046965864365794,0.14012407352463596,8,1.6331668625911946,0.07673699466955523,0.04296709128903896,0.8716868293976702,COMPLETE
1701,0.8865757575757576,2026-03-23 18:07:04.228729,2026-03-23 18:07:04.528520,0 days 00:00:00.299791,0.9863612025933711,1.6696259813557395,0.1498557273129664,8,1.0923189592116844,0.009249786787368286,0.05111069916849157,0.8576713621999017,COMPLETE
1702,0.886466275659824,2026-03-23 18:07:04.544711,2026-03-23 18:07:04.828920,0 days 00:00:00.284209,0.9753698680928325,1.7938647654273945,0.12845632442934005,8,1.1961550374780718,0.016187421366094717,0.34347235582040486,0.880640872415965,COMPLETE
1703,0.8853294232649072,2026-03-23 18:07:04.848479,2026-03-23 18:07:05.131917,0 days 00:00:00.283438,0.9538379739288799,1.8758945798770255,0.1643860459823765,8,1.0005608266446988,0.18860848265722738,0.03270999367241353,0.8356329150528204,COMPLETE
1704,0.8828533724340176,2026-03-23 18:07:05.147976,2026-03-23 18:07:05.475289,0 days 00:00:00.327313,0.9640725469298146,1.9873058863346253,0.12590104488558437,8,4.478326408833943,0.022149862257194664,0.03764551352898591,0.7246795483320766,COMPLETE
1705,0.8841143695014664,2026-03-23 18:07:05.491832,2026-03-23 18:07:05.781877,0 days 00:00:00.290045,0.9926645533273162,1.5155193193887722,0.14193510725668362,8,1.1362007873498277,0.05162505531449686,0.02682466872395783,0.8617612089959507,COMPLETE
1706,0.8860606060606061,2026-03-23 18:07:05.798134,2026-03-23 18:07:06.105972,0 days 00:00:00.307838,0.9788132034650108,1.6743067802065685,0.15920931122745058,8,1.0776786494680128,0.09331372990143058,0.023564899692769294,0.8713643664364108,COMPLETE
1707,0.8838250244379278,2026-03-23 18:07:06.119598,2026-03-23 18:07:06.621712,0 days 00:00:00.502114,0.9706698404580242,2.3408067190243265,0.028114029584985326,8,1.001185229673411,0.011854900260257071,0.030867744491155816,0.8519874463501235,COMPLETE
1708,0.8863098729227761,2026-03-23 18:07:06.638909,2026-03-23 18:07:06.931868,0 days 00:00:00.292959,0.9846957176451583,1.7442771509815727,0.13574797047091236,8,1.2384564942559702,0.03740162398844376,0.04166001849577687,0.8446427198566833,COMPLETE
1709,0.8839706744868036,2026-03-23 18:07:06.949912,2026-03-23 18:07:07.248745,0 days 00:00:00.298833,0.9997751156949813,1.6303847066722632,0.15063521629255636,8,1.1762357193425013,0.017399873148449357,0.05079751019715667,0.8746073896497979,COMPLETE
1710,0.8839354838709677,2026-03-23 18:07:07.265109,2026-03-23 18:07:07.554437,0 days 00:00:00.289328,0.9865184868183112,1.8715720486830048,0.12578551276710634,8,1.120760699840528,0.009536155698442733,0.025300373786251856,0.863401509229772,COMPLETE
1711,0.8865317693059629,2026-03-23 18:07:07.570969,2026-03-23 18:07:07.882964,0 days 00:00:00.311995,0.9614412594874702,2.1081393649863327,0.134319361280328,8,1.274272606026068,0.20919245417210464,0.07327954353798811,0.8543671319699849,COMPLETE
1712,0.8839061583577712,2026-03-23 18:07:07.898408,2026-03-23 18:07:08.252819,0 days 00:00:00.354411,0.9799466002258755,1.523413021439777,0.04877687240943175,8,1.058773233454559,0.12473070716263102,0.03520454211471256,0.882695901373702,COMPLETE
1713,0.8844750733137831,2026-03-23 18:07:08.269491,2026-03-23 18:07:08.601933,0 days 00:00:00.332442,0.9919804363656863,1.9487656619606208,0.17027359997486072,8,1.1743800139687888,4.6366129241292225e-05,0.029810043517582322,0.8321265332702541,COMPLETE
1714,0.8843988269794723,2026-03-23 18:07:08.615390,2026-03-23 18:07:08.899378,0 days 00:00:00.283988,0.7252775503611871,1.7587227263117649,0.14849280002055784,8,1.1007292762854923,0.027745231517321903,0.0456733898842554,0.8416538008674348,COMPLETE
1715,0.8843128054740957,2026-03-23 18:07:08.916220,2026-03-23 18:07:09.200978,0 days 00:00:00.284758,0.9488453132898184,1.6118974553837626,0.12255447861929725,8,1.2295612718343132,0.005500618755316481,0.023190185461804007,0.7124938024492768,COMPLETE
1716,0.8860303030303032,2026-03-23 18:07:09.217523,2026-03-23 18:07:09.497041,0 days 00:00:00.279518,0.9736094375722746,2.2385277353422275,0.15889989665525842,8,1.0598204976042935,0.01611565036710122,0.09577514109355686,0.867900740460023,COMPLETE
1717,0.8815972629521016,2026-03-23 18:07:09.513052,2026-03-23 18:07:10.269085,0 days 00:00:00.756033,0.9673574989203956,0.5546361539504283,0.023176513486256878,4,1.161053964261315,0.07380511074014431,0.03840531656499646,0.8608586005656426,COMPLETE
1718,0.8847165200391007,2026-03-23 18:07:10.286993,2026-03-23 18:07:10.604749,0 days 00:00:00.317756,0.9817126268403897,1.8635315258262377,0.18020943413814075,8,1.3089282657793035,0.050203294065219485,0.028580458605806977,0.875461629255427,COMPLETE
1719,0.8863421309872923,2026-03-23 18:07:10.621560,2026-03-23 18:07:10.966860,0 days 00:00:00.345300,0.9925609727299486,2.0603627279854764,0.14070483305376197,8,1.1278241540269511,0.007499703027847231,0.033128139902973336,0.85001208403457,COMPLETE
1720,0.8836041055718475,2026-03-23 18:07:10.983790,2026-03-23 18:07:11.255109,0 days 00:00:00.271319,0.9325570094222652,1.4737621846238242,0.13428172851891954,8,1.0479935344451836,0.14410831046046513,0.062322543023041715,0.8547274517149063,COMPLETE
1721,0.8859599217986315,2026-03-23 18:07:11.271519,2026-03-23 18:07:11.569079,0 days 00:00:00.297560,0.973680613054586,1.7124539998610266,0.12415895627579299,8,1.2185908758466244,0.02361531942425661,0.022817002802827557,0.8831237059478492,COMPLETE
1722,0.884037145650049,2026-03-23 18:07:11.583108,2026-03-23 18:07:11.888793,0 days 00:00:00.305685,0.9854323528043544,1.9528155382651646,0.16808021858986552,8,1.0017651208376572,0.03816229370219169,0.05134556047884142,0.8693797603252714,COMPLETE
1723,0.8844125122189639,2026-03-23 18:07:11.906521,2026-03-23 18:07:12.197848,0 days 00:00:00.291327,0.9575884624947765,1.8285053035380892,0.14474614310116812,8,1.107745736098517,0.06653331216642441,0.04044755233166122,0.8459972710328615,COMPLETE
1724,0.8862531769305961,2026-03-23 18:07:12.214358,2026-03-23 18:07:12.502684,0 days 00:00:00.288326,0.9927472828803483,1.6242796748448665,0.13001895615486836,8,1.1815788177894335,0.014214840163833177,0.02738474676102328,0.8582592706070696,COMPLETE
1725,0.8771984359726295,2026-03-23 18:07:12.520908,2026-03-23 18:07:12.818944,0 days 00:00:00.298036,0.9786094163342022,1.7620103068266022,0.0386573433762884,8,1.3015675445216532,0.004978028862684137,7.422618805293035,0.8664672096061247,COMPLETE
1726,0.8850009775171066,2026-03-23 18:07:12.835698,2026-03-23 18:07:13.125185,0 days 00:00:00.289487,0.9678152899463701,1.4742301525009258,0.1558805280384362,8,1.049303726221758,0.1030587054388693,0.034642760553291144,0.8388195976783799,COMPLETE
1727,0.8855210166177909,2026-03-23 18:07:13.141572,2026-03-23 18:07:13.433278,0 days 00:00:00.291706,0.9867666907158426,2.0357078157707265,0.13889594347563933,8,1.1448700500014595,0.22464988187436363,0.2519925292103153,0.8037212920147216,COMPLETE
1728,0.8837585532746823,2026-03-23 18:07:13.450201,2026-03-23 18:07:13.763623,0 days 00:00:00.313422,0.9463087793410473,1.5796305054273676,0.12301179497726357,8,1.2336086566767117,0.009269202057337656,0.02407812566716693,0.8185879737647346,COMPLETE
1729,0.8839481915933529,2026-03-23 18:07:13.780909,2026-03-23 18:07:14.087097,0 days 00:00:00.306188,0.9778587040465859,1.693794327656121,0.1498636087102938,8,1.1022232910443037,3.876046696288585e-06,0.04198371538384168,0.8771223785128974,COMPLETE
1730,0.8833000977517106,2026-03-23 18:07:14.103715,2026-03-23 18:07:14.394759,0 days 00:00:00.291044,0.9922282268104508,1.8237859859186454,0.13161266745719233,8,1.047130259469879,0.029347051337667844,0.03134358819552477,0.8628259343322663,COMPLETE
1731,0.8855650048875856,2026-03-23 18:07:14.412404,2026-03-23 18:07:14.783116,0 days 00:00:00.370712,0.9647271251450246,2.161634849376628,0.055374140264063926,7,1.2749020747132749,0.04422460364956554,0.027894135617397862,0.8512083871761735,COMPLETE
1732,0.8841270772238514,2026-03-23 18:07:14.800543,2026-03-23 18:07:15.087714,0 days 00:00:00.287171,0.9854945593525977,1.9374061419985322,0.1911178203374487,8,1.1876018062915876,0.021494449335371785,0.03866575064984979,0.884491961414774,COMPLETE
1733,0.8859560117302054,2026-03-23 18:07:15.104040,2026-03-23 18:07:15.400767,0 days 00:00:00.296727,0.9997508834271915,1.498775547345059,0.1426497086213775,8,1.0873916207816063,0.2517257770938403,0.02308683897215361,0.8255446166524265,COMPLETE
1734,0.88172238514174,2026-03-23 18:07:15.418859,2026-03-23 18:07:15.692849,0 days 00:00:00.273990,0.9717396501303005,3.216579331380227,0.15899507480667435,8,1.1425677421338847,0.08606167059775222,0.05356180422470255,0.8745410447569102,COMPLETE
1735,0.8811534701857284,2026-03-23 18:07:15.709157,2026-03-23 18:07:15.992195,0 days 00:00:00.283038,0.8217136334294435,1.6533390973213964,0.12873274785017572,8,1.0016684609060533,0.013208698719560106,0.03506708361100825,0.8581053865328733,COMPLETE
1736,0.8832394916911047,2026-03-23 18:07:16.008437,2026-03-23 18:07:16.281998,0 days 00:00:00.273561,0.9165039636921861,1.8493592601755104,0.17103970198604942,8,1.226386307156493,0.142126180111225,0.028244675498149702,0.84068024135987,COMPLETE
1737,0.88547311827957,2026-03-23 18:07:16.297852,2026-03-23 18:07:16.568486,0 days 00:00:00.270634,0.9997283761047739,1.9949443497992476,0.12291869157301764,8,1.585491584505145,0.006120747191773723,0.04844988990003261,0.8673002520807661,COMPLETE
1738,0.8807771260997067,2026-03-23 18:07:16.585050,2026-03-23 18:07:16.853303,0 days 00:00:00.268253,0.9798690503682472,1.771461133604059,0.1512371660151176,6,2.5271588086721515,2.7175830701851087,0.021978898384103968,0.8517514809530563,COMPLETE
1739,0.8859677419354839,2026-03-23 18:07:16.867961,2026-03-23 18:07:17.138435,0 days 00:00:00.270474,0.9557502851286735,1.6258315184069971,0.13817739867363257,8,1.0970430177386932,0.03543996488931651,0.03279390854668054,0.8322526629083489,COMPLETE
1740,0.8837751710654936,2026-03-23 18:07:17.155957,2026-03-23 18:07:17.454211,0 days 00:00:00.298254,0.9862868509674897,1.884797112400517,0.16644580400813516,8,1.2929399044234173,0.05448973787919855,0.04048764718737049,0.8614330729588642,COMPLETE
1741,0.8835581622678396,2026-03-23 18:07:17.471630,2026-03-23 18:07:17.781136,0 days 00:00:00.309506,0.8930422731610064,2.264108372292914,0.13101992939530727,8,1.1502147929987605,0.011646975543056373,0.027221125038957274,0.8848665279182725,COMPLETE
1742,0.8836148582600195,2026-03-23 18:07:17.797081,2026-03-23 18:07:18.053286,0 days 00:00:00.256205,0.9727033933482441,1.580027287915242,0.18207640302310585,8,1.0558001846700493,0.017220157796034807,0.02210949624865851,0.8737354876072222,COMPLETE
1743,0.8848934506353862,2026-03-23 18:07:18.071088,2026-03-23 18:07:18.364588,0 days 00:00:00.293500,0.9918927576922311,1.7299949851799905,0.12193054221545885,8,1.1920792982292847,0.208789249808106,0.044956435154008795,0.8444437102859338,COMPLETE
1744,0.8867497556207233,2026-03-23 18:07:18.381163,2026-03-23 18:07:18.659791,0 days 00:00:00.278628,0.9998847086270202,2.088645138792293,0.14486624166808879,8,1.0009996956187472,0.06879071939187315,0.06000100778641276,0.8564013379757023,COMPLETE
1745,0.8827526881720429,2026-03-23 18:07:18.675479,2026-03-23 18:07:18.985528,0 days 00:00:00.310049,0.9616041168537416,1.5204736395514982,0.15744548517704013,8,5.129207487522792,0.007650980565100678,0.03167886049933827,0.8685114106709841,COMPLETE
1746,0.8850107526881721,2026-03-23 18:07:19.001840,2026-03-23 18:07:19.274608,0 days 00:00:00.272768,0.981113903106108,4.889918599380894,0.13317146521783102,8,1.1261605235624925,0.026637789287394388,0.02603633887732304,0.8473370242822156,COMPLETE
1747,0.8850596285434995,2026-03-23 18:07:19.291250,2026-03-23 18:07:19.568455,0 days 00:00:00.277205,0.9389541469220949,1.9401631524113843,0.1486278989157437,8,1.3342000531523497,0.10364650731544436,0.03606844072138754,0.8787138180927319,COMPLETE
1748,0.8859354838709677,2026-03-23 18:07:19.584318,2026-03-23 18:07:19.913523,0 days 00:00:00.329205,0.9684386372043701,1.7185149624406872,0.12193972944621724,8,1.2447327270174866,0.2915366744078784,0.07556408797015289,0.8642026623685573,COMPLETE
1749,0.8847194525904203,2026-03-23 18:07:19.932015,2026-03-23 18:07:20.230572,0 days 00:00:00.298557,0.988472738339227,1.834160215105349,0.13990803732251952,8,1.078648409150615,0.005379585457840608,0.031169621855237285,0.8382788761553567,COMPLETE
1750,0.8854652981427176,2026-03-23 18:07:20.247271,2026-03-23 18:07:20.525317,0 days 00:00:00.278046,0.9773153373576678,2.412405324021146,0.16180998519551573,8,1.1780270887837858,0.02126905385470963,0.04431067005925896,0.8550429740958524,COMPLETE
1751,0.887058651026393,2026-03-23 18:07:20.542291,2026-03-23 18:07:20.839347,0 days 00:00:00.297056,0.9932143073666657,1.4513349924407861,0.12863847029333353,8,1.0483772594986511,0.1631340230267453,0.02117166528241706,0.8745656112201818,COMPLETE
1752,0.8836461388074291,2026-03-23 18:07:20.857666,2026-03-23 18:07:21.142258,0 days 00:00:00.284592,0.9259051497154531,2.02440593341953,0.13620802317755693,8,1.1321061796868859,0.011328035235858177,0.03724380152539952,0.8874773560902308,COMPLETE
1753,0.8864721407624634,2026-03-23 18:07:21.158197,2026-03-23 18:07:21.489952,0 days 00:00:00.331755,0.9509265672885152,1.6673841340884785,0.15229573034325755,8,1.2822716620252996,0.047686753412227806,0.02513115788639537,0.8477846881986039,COMPLETE
1754,0.8793460410557185,2026-03-23 18:07:21.507069,2026-03-23 18:07:21.790644,0 days 00:00:00.283575,0.982834270577191,1.8137438201234248,0.17028991324178464,8,9.348288218333337,0.03454042137604209,0.05544843389231058,0.8637563622078233,COMPLETE
1755,0.8841368523949169,2026-03-23 18:07:21.805897,2026-03-23 18:07:22.111361,0 days 00:00:00.305464,0.7488448971655594,1.6014383374540513,0.11970471736495847,8,1.1957940391365032,0.06318186693006367,0.03044323239771949,0.8573121527353363,COMPLETE
1756,0.8836392961876832,2026-03-23 18:07:22.128080,2026-03-23 18:07:22.404236,0 days 00:00:00.276156,0.9714341666762762,1.933483535784785,0.14352197888786453,8,1.0897377689066172,0.007657685970502469,0.024623222667372074,0.8712305869421701,COMPLETE
1757,0.883201368523949,2026-03-23 18:07:22.417736,2026-03-23 18:07:22.683360,0 days 00:00:00.265624,0.9611231213023154,1.7661995471587488,0.18216360275676544,8,1.0472172093527754,0.1142833781053141,0.03974517831885223,0.8311376756259087,COMPLETE
1758,0.8747820136852393,2026-03-23 18:07:22.699702,2026-03-23 18:07:23.008934,0 days 00:00:00.309232,0.9869781047263579,1.450627340583744,0.014561553194509918,8,1.0009522144308758,0.014686631016710524,0.020998953549243658,0.8821342682246228,COMPLETE
1759,0.8842785923753667,2026-03-23 18:07:23.024440,2026-03-23 18:07:23.340601,0 days 00:00:00.316161,0.8556326705259053,1.555679291769752,0.12947050597493326,8,1.1403095511610604,0.02535794334483305,0.04728863375558792,0.8513082253617672,COMPLETE
1760,0.8856089931573802,2026-03-23 18:07:23.357782,2026-03-23 18:07:23.654536,0 days 00:00:00.296754,0.9743158948982923,2.1140790566492456,0.1564263022318751,8,1.239099581347215,0.2569731606610592,0.03330686957836927,0.864221206936488,COMPLETE
1761,0.8840527859237537,2026-03-23 18:07:23.671386,2026-03-23 18:07:23.968813,0 days 00:00:00.297427,0.9999688239577403,1.69787233109428,0.137567269617346,8,1.3751169314111065,0.003983159465524593,0.02819466362115255,0.8784316919192772,COMPLETE
1762,0.8848250244379277,2026-03-23 18:07:23.986450,2026-03-23 18:07:24.287924,0 days 00:00:00.301474,0.9780573808974169,1.9040423617643898,0.11946008422857168,8,1.0964959846395441,0.00924543484079528,0.0372233699902152,0.8442794690353544,COMPLETE
1763,0.884898338220919,2026-03-23 18:07:24.304045,2026-03-23 18:07:24.574552,0 days 00:00:00.270507,0.9915290210382508,1.8006817255491026,0.14735435027382524,8,1.3157587228368413,0.03716472487477431,0.021294451855309305,0.871348854538156,COMPLETE
1764,0.8841964809384164,2026-03-23 18:07:24.589089,2026-03-23 18:07:24.855954,0 days 00:00:00.266865,0.9652620138707253,2.0134885541355247,0.12718963532471025,8,3.316284962569564,0.07379014573030074,0.026070334764726373,0.856389857211281,COMPLETE
1765,0.8877605083088954,2026-03-23 18:07:24.873042,2026-03-23 18:07:25.159866,0 days 00:00:00.286824,0.9814339195062919,2.3413852949481537,0.16757083465622813,8,1.1856158422639673,0.017783538076317645,0.04476817723377417,0.8604309750400086,COMPLETE
1766,0.8844389051808407,2026-03-23 18:07:25.176808,2026-03-23 18:07:25.481076,0 days 00:00:00.304268,0.9858170927272359,2.1556187187639115,0.17692204053027127,7,1.0756157512058142,0.16401650160754974,0.03408011822710705,0.8375288614690355,COMPLETE
1767,0.8869345063538611,2026-03-23 18:07:25.497473,2026-03-23 18:07:25.801191,0 days 00:00:00.303718,0.9429819796051835,1.4579821377277804,0.12001263262674544,8,1.2427972700230134,0.30877863260455757,0.059420938075699314,0.8863065951505648,COMPLETE
1768,0.8835190615835777,2026-03-23 18:07:25.817347,2026-03-23 18:07:26.103043,0 days 00:00:00.285696,0.9524752849689847,1.58566803771024,0.1366838469627101,8,4.684407441649159,0.004950661808360137,0.03038863825090686,0.8686828669397617,COMPLETE
1769,0.8833470185728252,2026-03-23 18:07:26.116651,2026-03-23 18:07:26.451997,0 days 00:00:00.335346,0.8849292170001465,1.716820157652832,0.15924447559995372,8,1.14703029924045,0.05427412868844413,0.025470837507965353,0.8476019579998374,COMPLETE
1770,0.885258064516129,2026-03-23 18:07:26.468562,2026-03-23 18:07:26.755088,0 days 00:00:00.286526,0.9926629974632906,1.905312113322693,0.1285690989368468,8,1.040154059119295,0.09202708622334436,0.04818803316377256,0.8763026055387346,COMPLETE
1771,0.8856608015640274,2026-03-23 18:07:26.771924,2026-03-23 18:07:27.044295,0 days 00:00:00.272371,0.97138535715663,2.212453499138963,0.14777941013338108,8,4.2582106508074204,0.020693939503176266,0.021251120670590058,0.8614897846691953,COMPLETE
1772,0.8857996089931575,2026-03-23 18:07:27.060913,2026-03-23 18:07:27.344144,0 days 00:00:00.283231,0.9319923372742505,1.6733543513294602,0.14084571010167973,8,1.2060602558628033,1.0989981697046762e-06,0.03998735822639679,0.8535705573360045,COMPLETE
1773,0.8804701857282502,2026-03-23 18:07:27.359834,2026-03-23 18:07:27.660493,0 days 00:00:00.300659,0.9819926097844094,4.272756199013161,0.12365165659880328,8,1.1020882759919608,1.88299016564448,0.03019057071337176,0.8407762250446781,COMPLETE
1774,0.8871329423264906,2026-03-23 18:07:27.675845,2026-03-23 18:07:25.968840,-1 days +23:59:58.292995,0.9654798506346368,1.5183917715223112,0.13272104080862088,8,3.908537306262251,0.009905899613297978,0.024258313304215705,0.8656430974031731,COMPLETE
1775,0.8842082111436951,2026-03-23 18:07:25.985507,2026-03-23 18:07:26.290614,0 days 00:00:00.305107,0.9928340148422781,3.432823029258964,0.18858920419945022,8,1.305459356106889,0.03235493925293032,0.06840365717819377,0.82840201214048,COMPLETE
1776,0.8851876832844574,2026-03-23 18:07:26.304860,2026-03-23 18:07:26.589331,0 days 00:00:00.284471,0.9765425622612263,1.8375428555544109,0.1529005751957371,8,1.4047427204527871,0.13271462448632343,0.034419060948199284,0.8734280604092685,COMPLETE
1777,0.8813597262952101,2026-03-23 18:07:26.604209,2026-03-23 18:07:26.882815,0 days 00:00:00.278606,0.9862005477231082,2.007408567807963,0.11870397153756768,5,1.1505110925251072,0.21224226498419752,0.021213599337405506,0.7918287969631883,COMPLETE
1778,0.8844017595307918,2026-03-23 18:07:26.899677,2026-03-23 18:07:27.192073,0 days 00:00:00.292396,0.9585771211326672,1.614178910604151,0.1642678262966213,8,1.0470813545497593,0.01226025157185811,2.5259987844100475,0.8480963758571435,COMPLETE
1779,0.8857673509286412,2026-03-23 18:07:27.209115,2026-03-23 18:07:27.495216,0 days 00:00:00.286101,0.9770656322583814,1.7823417520123845,0.14075894281666487,8,1.2380318354907371,0.3875371175670032,0.041529038739527416,0.8851985720295521,COMPLETE
1780,0.8837077223851417,2026-03-23 18:07:27.511393,2026-03-23 18:07:27.789800,0 days 00:00:00.278407,0.9931912899359594,1.455068428143607,0.13073790966972743,8,5.505468175114688,0.03977966766036504,0.028061447136056145,0.8551356825717709,COMPLETE
1781,0.8862306940371456,2026-03-23 18:07:27.806564,2026-03-23 18:07:28.091725,0 days 00:00:00.285161,0.9998107407597374,1.9459014096606757,0.14991194333692887,8,1.0953584686768494,0.02279511138403322,0.051853428427261795,0.8659100376604029,COMPLETE
1782,0.8846187683284457,2026-03-23 18:07:28.107476,2026-03-23 18:07:28.435464,0 days 00:00:00.327988,0.9693564779780172,1.722234200768711,0.17493329562162147,8,1.1623629835726894,0.0066573644222590826,0.019994001868580358,0.8797517749224062,COMPLETE
1783,0.8852150537634409,2026-03-23 18:07:28.450039,2026-03-23 18:07:28.763735,0 days 00:00:00.313696,0.987155414256099,1.849219570373364,0.12014828008764712,8,1.0462219867677431,0.06911848457810486,0.035485879575606914,0.8585690686288504,COMPLETE
1784,0.8823968719452591,2026-03-23 18:07:28.779633,2026-03-23 18:07:29.027627,0 days 00:00:00.247994,0.9798483186927501,2.072411499881877,0.15983511990102628,8,1.1225169792669172,0.01551223960442869,0.030687660312443996,0.8374687381344577,COMPLETE
1785,0.8836666666666666,2026-03-23 18:07:29.046371,2026-03-23 18:07:29.326389,0 days 00:00:00.280018,0.9577557675369468,1.5625449483331546,0.0721631798046878,8,1.0007699663281329,0.29163749826790897,0.08983325101737825,0.8717259193420557,COMPLETE
1786,0.8810557184750734,2026-03-23 18:07:29.342471,2026-03-23 18:07:29.614077,0 days 00:00:00.271606,0.9721855627883419,1.6555103173968857,0.1372490766518408,8,1.3433072924784029,3.053136590355043,0.025221481343612805,0.8470377843539744,COMPLETE
1787,0.8838739002932552,2026-03-23 18:07:29.630226,2026-03-23 18:07:29.961312,0 days 00:00:00.331086,0.945069738547164,1.780701157733366,0.1250144848538288,8,1.2698678852097696,0.1080832949041258,0.038500079745837,0.8890963066147969,COMPLETE
1788,0.8855493646138808,2026-03-23 18:07:29.979069,2026-03-23 18:07:30.267008,0 days 00:00:00.287939,0.9861320816157669,1.4752901309135875,0.1466334741704483,8,2.313903628738233,0.009968518414059631,0.11709196953501005,0.8653108169696169,COMPLETE
1789,0.8857214076246334,2026-03-23 18:07:30.282223,2026-03-23 18:07:30.583962,0 days 00:00:00.301739,0.9925001380371732,1.9268253614183164,0.13436098744992966,8,1.190342497711445,0.04794788188433741,0.04406701847457063,0.8204320889218516,COMPLETE
1790,0.8844115347018572,2026-03-23 18:07:30.601368,2026-03-23 18:07:30.865397,0 days 00:00:00.264029,0.9643327349106281,2.2880448939416147,0.15419641767061773,8,1.5107313003058425,9.960856229232894e-06,0.02942472340566401,0.8555849013593817,COMPLETE
1791,0.8837927663734115,2026-03-23 18:07:30.883838,2026-03-23 18:07:31.180154,0 days 00:00:00.296316,0.9999533609934319,1.6406396888861772,0.12765720031320338,7,1.0785915399515043,0.0042851572451847115,0.020437772922809017,0.8805235387965749,COMPLETE
1792,0.8871280547409579,2026-03-23 18:07:31.197396,2026-03-23 18:07:31.510715,0 days 00:00:00.313319,0.9797618012381301,1.4197736471131457,0.11741725236203163,8,1.1269795646851557,1.2663793043963256,0.023179893085901085,0.8468213570156359,COMPLETE
1793,0.8854662756598239,2026-03-23 18:07:31.528119,2026-03-23 18:07:31.840020,0 days 00:00:00.311901,0.9732011110608696,2.0137256647224886,0.14333896474311716,8,1.2068295883714042,0.16603177175267195,0.05340196285359955,0.8605750867582298,COMPLETE
1794,0.88411045943304,2026-03-23 18:07:31.856073,2026-03-23 18:07:32.131141,0 days 00:00:00.275068,0.9858742577744904,1.858321944349367,0.1664749997799915,8,1.4222109829105989,0.018443679295807928,0.03398009820144822,0.8713869334264914,COMPLETE
1795,0.8849462365591398,2026-03-23 18:07:32.148414,2026-03-23 18:07:32.398183,0 days 00:00:00.249769,0.9369734106197857,2.4309090109728677,0.1381379333200329,8,1.2950763802112715,0.028839736828977208,0.025374491302146418,0.8353377851052294,COMPLETE
1796,0.8869540566959921,2026-03-23 18:07:32.414600,2026-03-23 18:07:32.681967,0 days 00:00:00.267367,0.9541155481403206,1.7404217599643033,0.17608471428368147,8,1.0431014217665358,0.37066500152295456,0.019175612160935367,0.8755394924216537,COMPLETE
1797,0.8843108504398827,2026-03-23 18:07:32.699512,2026-03-23 18:07:32.982967,0 days 00:00:00.283455,0.9919244979241824,2.1814573789424636,0.12764517181352408,8,1.001031894484465,0.006472554560253461,0.039113769251901916,0.8517210896585398,COMPLETE
1798,0.8851818181818183,2026-03-23 18:07:33.000700,2026-03-23 18:07:33.271753,0 days 00:00:00.271053,0.9797499219196986,1.5387886693522215,0.19863839120957852,8,1.1544670444067766,0.08640601566373628,0.03000998518173146,0.8637454967666428,COMPLETE
1799,0.8864154447702834,2026-03-23 18:07:33.289276,2026-03-23 18:07:33.589762,0 days 00:00:00.300486,0.966640591136746,1.8805106268386012,0.11779691220828332,8,1.23681567131683,0.05211096300276481,0.04587560022283149,0.8422373911303711,COMPLETE
1800,0.8838729227761486,2026-03-23 18:07:33.605322,2026-03-23 18:07:33.888303,0 days 00:00:00.282981,0.9856753571341382,2.0778259526450764,0.15380169357038884,8,1.0862929541832413,0.923479211991818,3.441564126363353,0.8887979139554111,COMPLETE
1801,0.8828866080156402,2026-03-23 18:07:33.906108,2026-03-23 18:07:34.204215,0 days 00:00:00.298107,0.9098301891336867,1.6747957409205774,0.14163687655408974,8,1.1803064551285105,0.21219578366278993,0.06056893934050036,0.8541217712990136,COMPLETE
1802,0.8848494623655915,2026-03-23 18:07:34.219304,2026-03-23 18:07:34.511635,0 days 00:00:00.292331,0.926067197253849,1.7782276869905331,0.13209744818013738,8,1.1125018447215176,0.010996307064661408,0.03397900578883402,0.8684876595865895,COMPLETE
1803,0.8845982404692083,2026-03-23 18:07:34.527068,2026-03-23 18:07:34.808593,0 days 00:00:00.281525,0.9745488152201962,1.9804064448712264,0.1626647557864183,8,3.057731884781469,0.4051762540069277,0.026594214051569184,0.8602924648935725,COMPLETE
1804,0.8862140762463342,2026-03-23 18:07:34.826365,2026-03-23 18:07:35.104499,0 days 00:00:00.278134,0.9931503381413255,1.5684160605280246,0.14678771851922737,8,1.3497869457281888,0.023115101654384115,0.0192178566058483,0.8802856420374601,COMPLETE
1805,0.8844907135874878,2026-03-23 18:07:35.122589,2026-03-23 18:07:35.439189,0 days 00:00:00.316600,0.9607982003927703,1.7248589924231934,0.12037084347038639,8,1.0451831625775139,0.03362475766677221,0.023725337475625007,0.8284664560464933,COMPLETE
1806,0.8819921798631476,2026-03-23 18:07:35.455146,2026-03-23 18:07:35.834019,0 days 00:00:00.378873,0.6105125930023095,1.4418931757458309,0.05978155797290651,8,1.2278385099779456,1.6753093878728962,1.069776468116231,0.8432296318775518,COMPLETE
1807,0.886012707722385,2026-03-23 18:07:35.850605,2026-03-23 18:07:36.147957,0 days 00:00:00.297352,0.9802393995847007,1.8588438136954082,0.12498117985314322,8,1.1358058240810351,0.11595361011539551,0.0382594741855989,0.8710596874490119,COMPLETE
1808,0.8837546432062561,2026-03-23 18:07:36.163285,2026-03-23 18:07:36.466570,0 days 00:00:00.303285,0.8672930241243234,1.6122819537367925,0.13468631871149542,8,1.0874958699425314,0.06280114776683345,0.030095622682618693,0.8528194045342452,COMPLETE
1809,0.8810391006842619,2026-03-23 18:07:36.482652,2026-03-23 18:07:36.824431,0 days 00:00:00.341779,0.9694939079732728,1.9453182968557974,0.18521086202257558,3,1.2862221392624376,0.013358846201492622,0.04924136099059332,0.8618646321535648,COMPLETE
1810,0.8838563049853372,2026-03-23 18:07:36.841830,2026-03-23 18:07:37.141489,0 days 00:00:00.299659,0.9877860558051934,1.4095576056374701,0.15698797805631626,8,1.5722944339047673,0.00810350391487203,0.035641907193251006,0.8774146944774867,COMPLETE
1811,0.8873548387096775,2026-03-23 18:07:37.157215,2026-03-23 18:07:37.440482,0 days 00:00:00.283267,0.9936819675555206,2.136184519723034,0.14613286840189724,8,1.1772178233088086,0.22216288220560176,0.022704375772594834,0.8478664801885804,COMPLETE
1812,0.8842639296187683,2026-03-23 18:07:37.456655,2026-03-23 18:07:37.738262,0 days 00:00:00.281607,0.9783957460543913,1.7369376607468578,0.1726437559978981,8,1.0577934761682195,0.0037416964956263603,0.04410971496152443,0.89268380956999,COMPLETE
1813,0.8777683284457478,2026-03-23 18:07:37.755193,2026-03-23 18:07:38.096992,0 days 00:00:00.341799,0.6864745384899542,1.5468324235839348,0.11601015358085703,8,1.2676897560401137,0.45769786319125394,27.920807442483103,0.8661500247366581,COMPLETE
1814,0.886238514173998,2026-03-23 18:07:38.113516,2026-03-23 18:07:38.445879,0 days 00:00:00.332363,0.9513497304613794,1.8584795406750891,0.12926074076282096,8,1.1367230338083936,0.018147773047557565,0.027784797783803085,0.8570980656670689,COMPLETE
1815,0.8861935483870969,2026-03-23 18:07:38.463465,2026-03-23 18:07:38.771672,0 days 00:00:00.308207,0.9847509114976896,1.6278324399989899,0.13749821560163814,8,1.196946847782735,0.04050259471989313,0.018786001508414668,0.8368525159663401,COMPLETE
1816,0.8860869990224829,2026-03-23 18:07:38.787811,2026-03-23 18:07:39.057890,0 days 00:00:00.270079,0.9689788436995239,2.0208059358180783,0.1650473876137084,8,1.3562604080140277,0.9164798053401526,0.032493998238266264,0.8844444575251076,COMPLETE
1817,0.8859814271749756,2026-03-23 18:07:39.072686,2026-03-23 18:07:39.372376,0 days 00:00:00.299690,0.975133523640853,2.36026680880797,0.15370005488185978,8,1.1073347777931357,0.13994344701600292,0.07321075300156041,0.8703804955635257,COMPLETE
1818,0.8866783968719453,2026-03-23 18:07:39.389208,2026-03-23 18:07:39.695872,0 days 00:00:00.306664,0.9928860418064656,1.766644372445461,0.12418157899549875,8,1.0494539060272832,0.005162681869579289,0.15526489789423573,0.8583001800544122,COMPLETE
1819,0.8852834799608993,2026-03-23 18:07:39.712650,2026-03-23 18:07:40.009557,0 days 00:00:00.296907,0.9597343875705819,1.5349932843134468,0.14001073502152261,8,1.0004532603935645,0.3132029371890249,0.040516318686186936,0.8483475716737604,COMPLETE
1820,0.8853391984359726,2026-03-23 18:07:40.025882,2026-03-23 18:07:40.326999,0 days 00:00:00.301117,0.8056291502343015,1.6766901962629723,0.11602761444341111,8,1.2258412368691105,0.014169952575202883,0.026209176519954212,0.8773407312121208,COMPLETE
1821,0.8868035190615835,2026-03-23 18:07:40.345013,2026-03-23 18:07:40.650209,0 days 00:00:00.305196,0.9438422630706966,1.944778988004276,0.14649410764367712,8,1.1538566670721386,0.08981524751379875,0.021411772708638466,0.8673210798498464,COMPLETE
1822,0.8861104594330401,2026-03-23 18:07:40.669268,2026-03-23 18:07:40.956853,0 days 00:00:00.287585,0.9826892896501401,1.8141670982655829,0.13159759006329239,8,1.0868654259704313,0.02802639474819226,0.05770782929253396,0.8408059648830238,COMPLETE
1823,0.8855669599217986,2026-03-23 18:07:40.973664,2026-03-23 18:07:41.257577,0 days 00:00:00.283913,0.9927952218171169,2.206942175517341,0.15913840720771258,8,1.2854767636461728,0.5345225708186252,0.033513607843906876,0.8539207254589709,COMPLETE
1824,0.8851446725317693,2026-03-23 18:07:41.276483,2026-03-23 18:07:41.571263,0 days 00:00:00.294780,0.9663082205316583,2.1001170982441186,0.12521873567958317,8,1.4484982903840382,0.05278247239448744,0.029074224126860088,0.8617782003169,COMPLETE
1825,0.8841241446725318,2026-03-23 18:07:41.587560,2026-03-23 18:07:41.883809,0 days 00:00:00.296249,0.9756822354680506,1.4354561742844643,0.17701926634231102,6,1.0412695696856222,0.007209250956271091,0.018243494664829576,0.8741803880670656,COMPLETE
1826,0.8861016617790811,2026-03-23 18:07:41.900769,2026-03-23 18:07:42.200849,0 days 00:00:00.300080,0.9337447143617503,1.6607033983529755,0.11706290694719912,8,1.1795225408916816,0.15791303814095003,0.04074475476845843,0.8327787400332454,COMPLETE
1827,0.8763567937438905,2026-03-23 18:07:42.217193,2026-03-23 18:07:42.563499,0 days 00:00:00.346306,0.9860512556138329,1.8930309688360505,0.02586373965439943,8,1.1180588458727945,1.3306528672950266,10.440380942965435,0.8833835669186261,COMPLETE
1828,0.8810459433040079,2026-03-23 18:07:42.580219,2026-03-23 18:07:42.831209,0 days 00:00:00.250990,0.9808807066661799,1.3788574924284636,0.1341001789899254,8,1.3332898257071994,0.025074817083443248,0.05065257092825088,0.6133749856476933,COMPLETE
1829,0.8861612903225806,2026-03-23 18:07:42.851081,2026-03-23 18:07:43.140080,0 days 00:00:00.288999,0.9997076901702087,1.7897099325435961,0.14589660808082397,8,1.2284967622049643,0.08020812222056842,0.02305561870601853,0.8490705415206621,COMPLETE
1830,0.8846432062561095,2026-03-23 18:07:43.156245,2026-03-23 18:07:43.469285,0 days 00:00:00.313040,0.9705518094253577,1.5008585055937993,0.16694120831858805,8,1.6669577590990698,0.010524970948683578,0.03477299307193915,0.8647594785910268,COMPLETE
1831,0.8829315738025416,2026-03-23 18:07:43.488405,2026-03-23 18:07:43.768629,0 days 00:00:00.280224,0.9874937717280807,2.0395321325366202,0.15337282372535266,8,1.081832508712136,2.622428670747822,0.025636158996507532,0.8428252059909205,COMPLETE
1832,0.880097751710655,2026-03-23 18:07:43.785855,2026-03-23 18:07:44.092090,0 days 00:00:00.306235,0.9478783437321693,2.438991602722875,0.12393861715056274,8,1.1504045760529389,0.2701264800375198,20.445132758022027,0.8726134993768234,COMPLETE
1833,0.8872238514173998,2026-03-23 18:07:44.110076,2026-03-23 18:07:44.420769,0 days 00:00:00.310693,0.9631318378475995,1.6097939744745458,0.14004501543602166,8,1.402236352626335,0.8658317145416724,0.019843658574617153,0.8564162119342605,COMPLETE
1834,0.8840957966764418,2026-03-23 18:07:44.436927,2026-03-23 18:07:44.759321,0 days 00:00:00.322394,0.999720490189464,1.7203795432306843,0.13226825364517494,8,1.0005186890756042,0.038730050068145096,0.04420479031515769,0.8907251077463694,COMPLETE
1835,0.8845102639296188,2026-03-23 18:07:44.776750,2026-03-23 18:07:45.067703,0 days 00:00:00.290953,0.9747410243111959,1.9634878954523933,0.18758199039224885,8,1.0854157905969535,0.014977441910099256,0.03132532753799648,0.8821304339269632,COMPLETE
1836,0.8837839687194526,2026-03-23 18:07:45.083632,2026-03-23 18:07:45.417224,0 days 00:00:00.333592,0.9869748992813391,1.809147807069654,0.1172609431901114,7,1.2647697706107606,0.5144700035920347,0.0381894899228379,0.8616115890320322,COMPLETE
1837,0.8851534701857283,2026-03-23 18:07:45.434345,2026-03-23 18:07:45.720775,0 days 00:00:00.286430,0.9550043368175485,1.527244312426244,0.14957821541029606,8,1.1799785435267052,0.06239616779410114,0.028325366653184532,0.8504448426440723,COMPLETE
1838,0.8849990224828934,2026-03-23 18:07:45.737460,2026-03-23 18:07:46.014010,0 days 00:00:00.276550,0.9801957673730228,1.8768167936050877,0.1613780633572243,8,1.0478919886643507,0.01947797697541533,0.022629845475535707,0.7833971592808511,COMPLETE
1839,0.8822033235581623,2026-03-23 18:07:46.029555,2026-03-23 18:07:46.337242,0 days 00:00:00.307687,0.9158967949280072,1.6680492251457344,0.1253254212103,8,1.1212276675737674,0.007171384408756527,0.06200712731698711,0.8268311946594743,COMPLETE
1840,0.8858367546432064,2026-03-23 18:07:46.354253,2026-03-23 18:07:46.613382,0 days 00:00:00.259129,0.9943144500051107,1.40423049556343,0.13960590595682196,8,1.1971715141017691,1.9533026840726193e-08,0.01832249028005787,0.8730953906364339,COMPLETE
1841,0.8836021505376344,2026-03-23 18:07:46.631102,2026-03-23 18:07:46.914743,0 days 00:00:00.283641,0.973503837601971,2.3159597268669,0.13342648250927727,8,2.7391788866698743,0.22864612630409534,0.050870777596786994,0.8676786484951442,COMPLETE
1842,0.8864692082111436,2026-03-23 18:07:46.929550,2026-03-23 18:07:47.212818,0 days 00:00:00.283268,0.9878417770669269,1.967501938885456,0.11543845336426833,8,1.313730136640615,0.0033710735356294055,0.036087816932319654,0.8429056165513927,COMPLETE
1843,0.8858973607038123,2026-03-23 18:07:47.230329,2026-03-23 18:07:47.508951,0 days 00:00:00.278622,0.9648414349707632,1.7311839838835104,0.1545049275171841,8,2.1538278000710376,0.11993100295225612,0.02906341195946386,0.8567624732075473,COMPLETE
1844,0.885765395894428,2026-03-23 18:07:47.526328,2026-03-23 18:07:47.798817,0 days 00:00:00.272489,0.9999543483433321,1.5736742787677656,0.17076999028250975,8,1.0004246918822373,0.39405521591458126,0.024763584153027682,0.8762654938845985,COMPLETE
1845,0.8848093841642228,2026-03-23 18:07:47.815685,2026-03-23 18:07:48.118711,0 days 00:00:00.303026,0.9785786841357609,2.090019593808026,0.14424429179775447,8,1.1263695064818007,0.03053375664875194,0.04514089738698511,0.8336363095833939,COMPLETE
1846,0.8837047898338222,2026-03-23 18:07:48.134986,2026-03-23 18:07:48.420227,0 days 00:00:00.285241,0.9364514486488236,1.7943753578642028,0.1234647859793052,8,1.0510371813889057,6.317374183749332e-05,0.032883477575640106,0.8915095966081681,COMPLETE
1847,0.8838367546432062,2026-03-23 18:07:48.436572,2026-03-23 18:07:48.703791,0 days 00:00:00.267219,0.9867734213754515,2.5096919687887174,0.13100220922284933,8,1.2396236001108254,0.6603473250165859,0.022256896932423113,0.8627141603129758,COMPLETE
1848,0.8838426197458455,2026-03-23 18:07:48.720804,2026-03-23 18:07:48.997551,0 days 00:00:00.276747,0.9924131527404018,1.8678386833899097,0.17673464391499843,8,1.5296576746843522,1.255352524714845,0.04029276460753063,0.8518016405248393,COMPLETE
1849,0.8848211143695014,2026-03-23 18:07:49.012057,2026-03-23 18:07:49.312142,0 days 00:00:00.300085,0.9716352548109848,1.6785978525944896,0.14171076633874025,8,1.4046962941213221,0.04746271534491252,0.01726682756675751,0.8815855755348379,COMPLETE
1850,0.8824418377321603,2026-03-23 18:07:49.328389,2026-03-23 18:07:49.640416,0 days 00:00:00.312027,0.961379860373221,2.225897897392358,0.15993588909692388,5,1.0972760699546449,0.00930498278388288,0.026729341258508364,0.8690112614397435,COMPLETE
1851,0.8834897360703813,2026-03-23 18:07:49.656943,2026-03-23 18:07:50.095519,0 days 00:00:00.438576,0.9804882987423704,1.5016354043934868,0.04637708263001,8,1.1734559888630456,0.0051892081208227995,0.0324202653608012,0.8414032929809818,COMPLETE
1852,0.8854007820136853,2026-03-23 18:07:50.113516,2026-03-23 18:07:50.414324,0 days 00:00:00.300808,0.9516204337347816,1.6102267565057145,0.12285472867448416,8,1.2693844267031666,0.08754585891372256,0.019844729433699762,0.8560417948792439,COMPLETE
1853,0.8839912023460412,2026-03-23 18:07:50.431395,2026-03-23 18:07:50.749076,0 days 00:00:00.317681,0.9203002279030725,1.3947456889791991,0.12973970127692108,8,1.0495541634470817,0.01919139727733454,0.05575217973792269,0.8481215236682238,COMPLETE
1854,0.8878132942326491,2026-03-23 18:07:50.766478,2026-03-23 18:07:51.059157,0 days 00:00:00.292679,0.9930427480549531,1.860687726839646,0.15120901418624794,8,1.1350431743696874,0.1693926378382434,0.038223353874139665,0.863411225568006,COMPLETE
1855,0.8747653958944281,2026-03-23 18:07:51.074717,2026-03-23 18:07:51.418499,0 days 00:00:00.343782,0.9805543861260921,1.9861914108573744,0.04233001049825784,8,1.2113888768100465,5.669688658188822,0.028425586435863282,0.8171820450197166,COMPLETE
1856,0.8859921798631476,2026-03-23 18:07:51.437197,2026-03-23 18:07:51.719416,0 days 00:00:00.282219,0.9673408442404946,1.737522166499096,0.13694730841568847,8,1.3375857263506357,0.8758836564132655,0.023062880272776077,0.8752831181036014,COMPLETE
1857,0.8852375366568914,2026-03-23 18:07:51.740783,2026-03-23 18:07:52.043973,0 days 00:00:00.303190,0.9848258256029189,2.1217820068218862,0.11930280540134532,8,1.0913869894277592,0.38321911437775175,0.08408015383577673,0.8578057989990119,COMPLETE
1858,0.8846158357771261,2026-03-23 18:07:52.060130,2026-03-23 18:07:52.365259,0 days 00:00:00.305129,0.9731995556915126,1.5844571220106853,0.1487825327810137,8,1.0465203300060135,1.840528749835685,0.0471877536623581,0.8682675928263021,COMPLETE
1859,0.8838054740957967,2026-03-23 18:07:52.381187,2026-03-23 18:07:52.674773,0 days 00:00:00.293586,0.9935116722395211,1.901300605508962,0.11372210591615423,8,1.1536168218852054,0.011095112735957022,0.2893488200927866,0.8886882540128628,COMPLETE
1860,0.8859814271749755,2026-03-23 18:07:52.691917,2026-03-23 18:07:52.984075,0 days 00:00:00.292158,0.9300083233590404,1.743995191427611,0.16831774621218043,8,1.2377525755073153,0.0293667004423109,0.018350569749791757,0.8363757274632752,COMPLETE
1861,0.8832873900293255,2026-03-23 18:07:52.999955,2026-03-23 18:07:53.302123,0 days 00:00:00.302168,0.7840142547192962,1.4559337573508377,0.1903587173558564,8,1.0865262710937493,0.04444276703208554,0.03524881046920918,0.850674203525803,COMPLETE
1862,0.8869902248289345,2026-03-23 18:07:53.319936,2026-03-23 18:07:53.596508,0 days 00:00:00.276572,0.9999631472119366,2.0063129088516725,0.12739904160673404,8,1.1787873797372694,0.06211770737945164,0.06823083609275753,0.8809721569534947,COMPLETE
1863,0.883197458455523,2026-03-23 18:07:53.613348,2026-03-23 18:07:53.888866,0 days 00:00:00.275518,0.9016391232374441,1.6403236586949996,0.14337768141226057,8,1.337152694446187,0.33886934668744595,0.025236786202918863,0.742193948204787,COMPLETE
1864,0.8838142717497557,2026-03-23 18:07:53.905497,2026-03-23 18:07:54.206023,0 days 00:00:00.300526,0.9578198515062297,1.803507170085799,0.16149147290172583,7,1.4773010245078704,0.015656055086647126,0.031191357831755473,0.8611784420956806,COMPLETE
1865,0.8858367546432062,2026-03-23 18:07:54.223008,2026-03-23 18:07:54.535828,0 days 00:00:00.312820,0.982571158778066,1.4933141488402868,0.13606215611670586,8,1.0500376361704695,0.10348386602147054,0.041229862870642585,0.8457423201230327,COMPLETE
1866,0.8862248289345063,2026-03-23 18:07:54.552643,2026-03-23 18:07:54.830093,0 days 00:00:00.277450,0.9879991531277423,1.926260216360276,0.11518451030851554,8,1.1254646623917466,0.652695404733183,0.02007212785535254,0.8751419315235363,COMPLETE
1867,0.8843538611925708,2026-03-23 18:07:54.846510,2026-03-23 18:07:55.172733,0 days 00:00:00.326223,0.9691023724577802,1.347639496415924,0.12275952637028215,8,1.2658671017699032,0.005999506116338398,0.027192920421163298,0.8663004498746771,COMPLETE
1868,0.8872228739002932,2026-03-23 18:07:55.189470,2026-03-23 18:07:55.470885,0 days 00:00:00.281415,0.975865644987598,1.6712881150584615,0.1538219100304513,8,1.1992381510635846,0.02467815027392979,0.04567908936927997,0.8545588393369714,COMPLETE
1869,0.8870439882697947,2026-03-23 18:07:55.487580,2026-03-23 18:07:55.775749,0 days 00:00:00.288169,0.94303338450169,1.821738268639149,0.18072638127531285,8,1.0465068801982134,0.008458466678091553,0.03513762859094407,0.894129678975559,COMPLETE
1870,0.8847761485826001,2026-03-23 18:07:55.792447,2026-03-23 18:07:56.420743,0 days 00:00:00.628296,0.9873769313255519,1.572675604752248,0.03070044373678389,6,1.1281323991512664,0.17606145763604492,0.01739098308493364,0.8825563481593158,COMPLETE
1871,0.8860723362658847,2026-03-23 18:07:56.436565,2026-03-23 18:07:56.725696,0 days 00:00:00.289131,0.9780993306294237,2.1415371537379038,0.1300895572400968,8,1.298066070054255,0.2549244142421396,0.024566670034243236,0.8441171855607938,COMPLETE
1872,0.8848123167155425,2026-03-23 18:07:56.742971,2026-03-23 18:07:57.051629,0 days 00:00:00.308658,0.9923726654428127,1.7528448486623844,0.14276378313154628,8,1.3872153599314005,0.4870340139939229,0.03160896557568182,0.8692540106669591,COMPLETE
1873,0.883295210166178,2026-03-23 18:07:57.069863,2026-03-23 18:07:57.336120,0 days 00:00:00.266257,0.9604960175417344,2.0225158617533943,0.1677236003385702,8,1.2125721955569613,0.012254424315594719,0.05370978262817303,0.8084272276755174,COMPLETE
1874,0.8872199413489736,2026-03-23 18:07:57.353046,2026-03-23 18:07:57.648241,0 days 00:00:00.295195,0.9693258471683907,2.391301721634065,0.13713112734078553,8,1.0012929572440048,0.037422844972247134,0.039386438562184475,0.858828068336773,COMPLETE
1875,0.8872404692082112,2026-03-23 18:07:57.664938,2026-03-23 18:07:57.962590,0 days 00:00:00.297652,0.982217571999864,2.2791631921773177,0.11931604284316324,8,1.0000555829041289,0.08546412200641205,0.020500954584696123,0.8258889142195813,COMPLETE
1876,0.88286119257087,2026-03-23 18:07:57.979709,2026-03-23 18:07:56.255018,-1 days +23:59:58.275309,0.9498819430529234,1.9165989835592854,0.15504488032327426,4,1.0899289452332155,1.3932806257078723,0.029216975214528124,0.8333582668759206,COMPLETE
1877,0.8882844574780058,2026-03-23 18:07:56.273072,2026-03-23 18:07:56.588069,0 days 00:00:00.314997,0.9936170450594705,1.6834907806335657,0.1467408655074456,8,3.4607975888939597,0.023893755501904087,0.022949304986844374,0.8527951285036827,COMPLETE
1878,0.8831896383186706,2026-03-23 18:07:56.605153,2026-03-23 18:07:56.910322,0 days 00:00:00.305169,0.9934393780405777,1.792959203553889,0.1618812495358738,8,3.0553181386978916,0.02004969364876104,0.027289913958083327,0.8736013616155106,COMPLETE
1879,0.8846197458455523,2026-03-23 18:07:56.927805,2026-03-23 18:07:57.208328,0 days 00:00:00.280523,0.999590872757787,1.8512295833549552,0.1760430936244739,8,1.0928115484765646,0.025682499214620264,0.03512724111672648,0.8608673220637586,COMPLETE
1880,0.8862033235581622,2026-03-23 18:07:57.225120,2026-03-23 18:07:57.527203,0 days 00:00:00.302083,0.9926094671902679,1.9492398357237024,0.15533344315005718,8,3.5578643703458632,0.03429938455908201,0.5428290892119977,0.8674361593068757,COMPLETE
1881,0.8841241446725318,2026-03-23 18:07:57.544625,2026-03-23 18:07:57.827342,0 days 00:00:00.282717,0.9864458074993073,2.045968519774422,0.1646187844837344,8,4.133903479826818,0.016697371007198432,0.025226517911962055,0.8766757593235605,COMPLETE
1882,0.8865483870967741,2026-03-23 18:07:57.845013,2026-03-23 18:07:58.120024,0 days 00:00:00.275011,0.9771727879730683,2.49732428658847,0.15032135662753981,8,1.0522349992077153,0.022626176070528792,0.030230656945425084,0.8536954789356779,COMPLETE
1883,0.8856510263929619,2026-03-23 18:07:58.136529,2026-03-23 18:07:58.438761,0 days 00:00:00.302232,0.9940323796176249,1.767212184642262,0.14906349714175424,8,1.1571546441833451,0.03420450080752494,0.04198254703675683,0.8848565350968118,COMPLETE
1884,0.886485826001955,2026-03-23 18:07:58.452097,2026-03-23 18:07:58.742008,0 days 00:00:00.289911,0.9836379567235611,1.6860371676266284,0.17369449698737238,8,3.7092891697221053,0.016644952122044844,0.03392608609129504,0.8644447239342631,COMPLETE
1885,0.8823098729227762,2026-03-23 18:07:58.758889,2026-03-23 18:07:59.056930,0 days 00:00:00.298041,0.9747409352781926,1.8825791738036217,0.15804507072604979,8,3.7651955612211334,0.027794590979108472,0.023326612133221864,0.8577949240033695,COMPLETE
1886,0.8822258064516129,2026-03-23 18:07:59.071456,2026-03-23 18:07:59.361780,0 days 00:00:00.290324,0.9380310476640354,1.6409866668135271,0.14689424353831437,8,3.22364268397772,0.041953636448166,0.02953282031193589,0.8710499072416076,COMPLETE
1887,0.8848553274682307,2026-03-23 18:07:59.379287,2026-03-23 18:07:59.644162,0 days 00:00:00.264875,0.9622955071718834,2.1709797111009657,0.15663920708500073,8,3.004676172977289,0.013496884233065772,0.03856604087657686,0.850867231663659,COMPLETE
1888,0.8850674486803519,2026-03-23 18:07:59.661549,2026-03-23 18:07:59.946662,0 days 00:00:00.285113,0.9999427370199993,1.8066282872000674,0.16733850931988767,8,3.375782102432065,0.021824762619372457,0.04862197555957741,0.8782048843744823,COMPLETE
1889,0.8827507331378298,2026-03-23 18:07:59.963049,2026-03-23 18:08:00.229412,0 days 00:00:00.266363,0.9271183406081221,2.0249152258662866,0.18387304420854428,8,1.117447888051215,0.045056163575257435,0.02565569737773225,0.8635698592373838,COMPLETE
1890,0.8825650048875855,2026-03-23 18:08:00.245539,2026-03-23 18:08:00.534490,0 days 00:00:00.288951,0.9880435737682585,1.9172956555106433,0.143112975902884,8,2.848435661887665,0.011341967267219007,0.031085079402884807,0.8952239275694409,COMPLETE
1891,0.882505376344086,2026-03-23 18:08:00.550721,2026-03-23 18:08:00.819925,0 days 00:00:00.269204,0.9676748913988747,1.696000096419199,0.14785153231173453,8,1.0531043089572616,0.0576049617735461,0.037151165074300836,0.8439421520084265,COMPLETE
1892,0.883049853372434,2026-03-23 18:08:00.836322,2026-03-23 18:08:01.127270,0 days 00:00:00.290948,0.9930300241197495,1.488969833767253,0.16008575919619364,8,2.999137727567357,0.018103215868950945,0.06256477923580978,0.8863092895751508,COMPLETE
1893,0.8846060606060605,2026-03-23 18:08:01.143386,2026-03-23 18:08:01.439757,0 days 00:00:00.296371,0.980846953231961,1.7116740924903888,0.16777131669527076,8,3.577501037277666,0.033243543691523235,0.0225844735539884,0.8705354786426016,COMPLETE
1894,0.8845659824046922,2026-03-23 18:08:01.456017,2026-03-23 18:08:01.756934,0 days 00:00:00.300917,0.9551089526766802,1.5651658918456068,0.14079282006018054,8,3.465877934569533,0.0248703798064124,0.045268880864311176,0.8537599433459282,COMPLETE
1895,0.8837086999022482,2026-03-23 18:08:01.773058,2026-03-23 18:08:02.067708,0 days 00:00:00.294650,0.9740590521292928,1.8531332459107803,0.14993964428648904,8,3.430965669962735,0.013197937391567735,0.028037140312837272,0.8613095049592449,COMPLETE
1896,0.8850430107526881,2026-03-23 18:08:02.084430,2026-03-23 18:08:02.381177,0 days 00:00:00.296747,0.9861671545616815,2.0324868999175587,0.1132479948635122,8,3.7172189731823337,0.06775506111919909,0.0339428927241219,0.8791633333690355,COMPLETE
1897,0.8853714565004888,2026-03-23 18:08:02.396981,2026-03-23 18:08:02.683670,0 days 00:00:00.286689,0.9476039281471458,1.777381866810777,0.1340604912694854,8,3.6739415854343154,0.008544903778408207,0.0221448457259508,0.8508167462909533,COMPLETE
1898,0.8834868035190615,2026-03-23 18:08:02.700607,2026-03-23 18:08:03.031576,0 days 00:00:00.330969,0.9998506958728682,1.4002324239879769,0.15832429053542665,8,1.1522537949980365,0.03780903847862949,0.026705351237424426,0.838915679586635,COMPLETE
1899,0.8850518084066471,2026-03-23 18:08:03.046349,2026-03-23 18:08:03.323031,0 days 00:00:00.276682,0.9801992380142992,1.9479923877500753,0.12792920795439705,8,3.368381803328133,0.014759565106418395,0.05369895684337377,0.6986111569807637,COMPLETE
1900,0.8841720430107528,2026-03-23 18:08:03.339769,2026-03-23 18:08:03.640663,0 days 00:00:00.300894,0.9922826154094274,1.5932857262556535,0.19020234655902674,7,3.464028843992519,0.020928938438403596,0.041294302965195755,0.8661755207449426,COMPLETE
1901,0.8848963831867058,2026-03-23 18:08:03.656669,2026-03-23 18:08:03.973985,0 days 00:00:00.317316,0.9657927472501999,2.239377661192745,0.17526854239462708,8,3.0973726721706125,2.136699298311482e-06,0.032169312177472605,0.8736967812908856,COMPLETE
1902,0.8867790811339198,2026-03-23 18:08:03.990930,2026-03-23 18:08:04.268041,0 days 00:00:00.277111,0.9729774798475676,2.0834529344170662,0.14180679056640783,8,3.275431477281913,0.05613360816407121,0.02223265950697437,0.8606694739932008,COMPLETE
1903,0.8852756598240469,2026-03-23 18:08:04.284739,2026-03-23 18:08:04.625175,0 days 00:00:00.340436,0.9870344249578918,2.5030907425678337,0.11330868843167036,8,4.14254289113834,0.009769990602257892,0.035827370376413585,0.8473207855941414,COMPLETE
1904,0.8872140762463342,2026-03-23 18:08:04.640692,2026-03-23 18:08:04.917002,0 days 00:00:00.276310,0.9812139420379102,1.6789711218871801,0.19954637482441068,8,3.3975937018527,0.004496896868500269,0.027681867610350838,0.8868539932548345,COMPLETE
1905,0.8837302052785923,2026-03-23 18:08:04.933030,2026-03-23 18:08:05.271216,0 days 00:00:00.338186,0.9576109025091795,1.8431790635298642,0.07813580377949828,8,3.200261997141733,0.026634661484877475,0.04374931310202778,0.8579388908300343,COMPLETE
1906,0.8842179863147605,2026-03-23 18:08:05.285501,2026-03-23 18:08:05.588529,0 days 00:00:00.303028,0.9925869672307753,1.5173148085702413,0.1531976705031047,8,3.29548772263039,0.04539902371181395,0.017282078285280868,0.8683096442013364,COMPLETE
1907,0.8836852394916911,2026-03-23 18:08:05.602379,2026-03-23 18:08:06.025368,0 days 00:00:00.422989,0.973533681540532,1.3573426869752607,0.035947304436688955,8,3.518248143009256,0.008359593874886993,0.032269430401802426,0.839738048402537,COMPLETE
1908,0.8857135874877811,2026-03-23 18:08:06.039530,2026-03-23 18:08:06.341477,0 days 00:00:00.301947,0.9836584151208163,1.7625101503980234,0.12197774396233012,8,1.0455240449025627,0.019725356361265708,0.02516112293846085,0.8746354357533358,COMPLETE
1909,0.8852346041055718,2026-03-23 18:08:06.356184,2026-03-23 18:08:06.639019,0 days 00:00:00.282835,0.9666759676293805,1.9328240170103634,0.1357948678477969,8,3.568745208894306,0.005881751903845046,0.07230395457616462,0.8537866416396219,COMPLETE
1910,0.8861896383186707,2026-03-23 18:08:06.652523,2026-03-23 18:08:06.964484,0 days 00:00:00.311961,0.9916255906281443,2.6093657962442554,0.16309389398724755,8,3.2110922661326,0.0028697054660387082,0.02073710077030698,0.8833180791803109,COMPLETE
1911,0.8860185728250245,2026-03-23 18:08:06.979219,2026-03-23 18:08:07.273901,0 days 00:00:00.294682,0.9998333331777713,1.616988865672141,0.14489332051596013,8,3.110376999342161,0.06200215943545648,0.05020447382240386,0.8448224855207953,COMPLETE
1912,0.8836999022482894,2026-03-23 18:08:07.286879,2026-03-23 18:08:07.566857,0 days 00:00:00.279978,0.9408392168257335,3.6648395952639534,0.12915022298431414,8,3.5777838144887246,0.01278822874779089,0.03909689391175463,0.8658186819427988,COMPLETE
1913,0.8856559139784945,2026-03-23 18:08:07.580888,2026-03-23 18:08:07.893311,0 days 00:00:00.312423,0.9747967440102931,1.7262140503536139,0.16901844430178753,8,1.0909663834285526,0.031652818387543205,0.028640034653048242,0.8572378975737334,COMPLETE
1914,0.8860322580645161,2026-03-23 18:08:07.906696,2026-03-23 18:08:08.240621,0 days 00:00:00.333925,0.9856492412940343,1.8503257114701968,0.11875906831990297,8,3.7284421255546665,0.016340180847464587,0.40209280608474474,0.8936099690643058,COMPLETE
1915,0.88241642228739,2026-03-23 18:08:08.252678,2026-03-23 18:08:08.531317,0 days 00:00:00.278639,0.9601327500677088,2.356510405231512,0.15203183698261624,6,3.347866780426392,0.08926194694502385,0.023102476410033997,0.8730303437757438,COMPLETE
1916,0.8805669599217987,2026-03-23 18:08:08.543615,2026-03-23 18:08:08.823444,0 days 00:00:00.279829,0.9812116900071729,1.9893282139848947,0.1335839455278473,8,6.182737265394047,0.029115577740751276,0.035601202158049655,0.8512743660900244,COMPLETE
1917,0.8840048875855328,2026-03-23 18:08:08.836053,2026-03-23 18:08:09.237017,0 days 00:00:00.400964,0.9668878772604359,1.4821398814746396,0.0513431263531605,8,3.7405755162071683,0.007471962709545298,0.019114752705890737,0.8312212433607886,COMPLETE
1918,0.8844086021505376,2026-03-23 18:08:09.249086,2026-03-23 18:08:09.545084,0 days 00:00:00.295998,0.9916539962902619,2.162228992436713,0.1422072506850732,8,3.8034385797989447,0.049505832778259096,0.04516083388626441,0.8643061112173852,COMPLETE
1919,0.88472238514174,2026-03-23 18:08:09.558640,2026-03-23 18:08:09.890267,0 days 00:00:00.331627,0.9487374482589314,1.5914951508904647,0.12257543664105232,8,1.1419896991759695,0.010354939644044459,0.015690326406754444,0.8805144450205727,COMPLETE
1920,0.8828005865102639,2026-03-23 18:08:09.904230,2026-03-23 18:08:10.218615,0 days 00:00:00.314385,0.9762868734026292,1.6890949704120577,0.18151710812501967,8,3.1554602159104506,0.00426272398094633,0.055661025039723505,0.8458351299892652,COMPLETE
1921,0.8830772238514174,2026-03-23 18:08:10.233724,2026-03-23 18:08:10.522863,0 days 00:00:00.289139,0.9238605903790187,1.3914673139806806,0.16207966659065182,8,3.9807758459436466,0.019132861529572442,0.21662370119074262,0.8591045422658868,COMPLETE
1922,0.8847849462365592,2026-03-23 18:08:10.538234,2026-03-23 18:08:10.851318,0 days 00:00:00.313084,0.985570713819394,1.8001660504909767,0.11295472311755765,8,3.8740575123903365,0.043224919688407686,0.030407503744341393,0.8702136063095828,COMPLETE
1923,0.8850576735092863,2026-03-23 18:08:10.865716,2026-03-23 18:08:11.228712,0 days 00:00:00.362996,0.9362515363216078,1.83061146101624,0.14836032114567735,8,1.1804623946475656,0.11049539620581263,0.026429564130099663,0.878486538051563,COMPLETE
1924,0.8797859237536657,2026-03-23 18:08:11.243764,2026-03-23 18:08:11.738037,0 days 00:00:00.494273,0.9700334251994075,2.107740775145998,0.012498245111902844,8,1.092566466711819,0.06571718413630032,0.03494404924181827,0.8387020100701925,COMPLETE
1925,0.88486119257087,2026-03-23 18:08:11.751788,2026-03-23 18:08:12.041827,0 days 00:00:00.290039,0.9923759969515186,1.9444039094376966,0.13068607899999563,8,3.3756944906673527,0.02587817828109049,0.023961259744347548,0.8542663126536184,COMPLETE
1926,0.8824261974584555,2026-03-23 18:08:12.059113,2026-03-23 18:08:12.374594,0 days 00:00:00.315481,0.9786300485211328,4.62780229133954,0.13933341722144818,8,1.0556648111614644,0.005879887915900322,0.039303400620534466,0.8648601934852014,COMPLETE
1927,0.8861407624633431,2026-03-23 18:08:12.388029,2026-03-23 18:08:12.696757,0 days 00:00:00.308728,0.9996156557314506,1.5390733154482363,0.12645502600457156,8,3.566811079745538,0.010585154794910893,0.017080547700806692,0.8886721145926082,COMPLETE
1928,0.8845171065493647,2026-03-23 18:08:12.717160,2026-03-23 18:08:13.082731,0 days 00:00:00.365571,0.9999754715643617,1.3107297787904604,0.1139345345261191,8,1.0018047924858928,0.015224246153500631,0.03130305977170526,0.8493513792993682,COMPLETE
1929,0.8849061583577713,2026-03-23 18:08:13.096655,2026-03-23 18:08:13.384872,0 days 00:00:00.288217,0.9535664128313035,1.6627776909622218,0.1718245449497172,8,1.001137360737357,0.03629211650635727,0.0618055018685499,0.8741161397138942,COMPLETE
1930,0.8845288367546432,2026-03-23 18:08:13.398578,2026-03-23 18:08:13.710029,0 days 00:00:00.311451,0.9865914702965495,1.8952277063495708,0.1530179393175581,5,1.1374477518344301,0.09414014476321236,0.02027439348392547,0.8218595470173069,COMPLETE
1931,0.8863069403714565,2026-03-23 18:08:13.723299,2026-03-23 18:08:14.048676,0 days 00:00:00.325377,0.9630541240152073,2.049780831347563,0.13652079346261561,8,1.179296019390021,0.02182977274151022,0.026494185214482116,0.8592914539019095,COMPLETE
1932,0.8852375366568915,2026-03-23 18:08:14.062732,2026-03-23 18:08:14.394917,0 days 00:00:00.332185,0.9791096016971488,1.7344061461848599,0.11982568287319093,8,3.5145204657190474,0.06515380683429176,0.0451742927885133,0.8394692720416335,COMPLETE
1933,0.8890029325513198,2026-03-23 18:08:14.408262,2026-03-23 18:08:14.749445,0 days 00:00:00.341183,0.9726379471244601,1.4726865134538896,0.14423626027,8,1.094916327740707,0.013008310957958815,0.036975889871562646,0.8681788145525356,COMPLETE
1934,0.8867086999022482,2026-03-23 18:08:14.762480,2026-03-23 18:08:15.058072,0 days 00:00:00.295592,0.9585761756904477,1.271106522187901,0.14745442196100322,8,1.0829640464928711,0.007761360740251677,0.05101746210135888,0.8633232245816866,COMPLETE
1935,0.8865151515151515,2026-03-23 18:08:15.079609,2026-03-23 18:08:15.394945,0 days 00:00:00.315336,0.9473619083092037,1.3935104656240727,0.14768322413451002,8,1.0543177155441992,0.012063452677089505,0.043118558712221824,0.866056697689261,COMPLETE
1936,0.8869286412512218,2026-03-23 18:08:15.412912,2026-03-23 18:08:15.685259,0 days 00:00:00.272347,0.9539850302259878,1.2999848784724692,0.15604319825706126,8,1.0786620282840738,0.014356861150678238,0.040209755110844785,0.8570338083412725,COMPLETE
1937,0.8832932551319648,2026-03-23 18:08:15.702904,2026-03-23 18:08:16.084407,0 days 00:00:00.381503,0.9645020717812913,1.4115700493537529,0.1422074782766094,4,1.0458983300418294,0.0085192133965989,0.037311362365875934,0.8585074780399458,COMPLETE
1938,0.8832668621700879,2026-03-23 18:08:16.101204,2026-03-23 18:08:16.405571,0 days 00:00:00.304367,0.9660336503970315,1.445468403348017,0.1573155572385937,7,1.0007280543222,0.012125594696702163,0.04947998450859883,0.8667643292634403,COMPLETE
1939,0.8849569892473119,2026-03-23 18:08:16.437181,2026-03-23 18:08:16.751458,0 days 00:00:00.314277,0.7708254390336952,2.45714103601444,0.13894885059255865,8,1.0907840727004077,0.007353489023886462,0.03739576050518037,0.8505362898786673,COMPLETE
1940,0.8889247311827958,2026-03-23 18:08:16.766494,2026-03-23 18:08:17.065816,0 days 00:00:00.299322,0.9599190530848276,1.9961175180827422,0.1469958825109189,8,1.104240698059967,0.015992516627570882,0.056155257310273626,0.8682104317411394,COMPLETE
1941,0.8863822091886608,2026-03-23 18:08:17.079671,2026-03-23 18:08:17.361748,0 days 00:00:00.282077,0.9520373009586192,2.1820894356718767,0.16548552529600044,8,1.0536179341439094,0.016601107168342732,0.06881416796156323,0.8735685355175156,COMPLETE
1942,0.8847644183773217,2026-03-23 18:08:17.374159,2026-03-23 18:08:17.648066,0 days 00:00:00.273907,0.9454912323155756,2.026840801427423,0.15315235234168892,8,1.1154884169786898,0.012167124196385892,0.08829207511672518,0.8710974468130714,COMPLETE
1943,0.8857771260997067,2026-03-23 18:08:17.660563,2026-03-23 18:08:17.942517,0 days 00:00:00.281954,0.954849863479278,2.2124534360744437,0.1612448186977454,8,1.0423453172867307,0.0157985519124532,0.042506065469404254,0.8708730369256253,COMPLETE
1944,0.884405669599218,2026-03-23 18:08:17.956930,2026-03-23 18:08:18.238097,0 days 00:00:00.281167,0.945705591613582,2.1488138344517314,0.1499959413035166,8,3.257181144056141,0.007745379419857462,0.07193231018855362,0.8764838732074336,COMPLETE
1945,0.8864877810361681,2026-03-23 18:08:18.251415,2026-03-23 18:08:18.536578,0 days 00:00:00.285163,0.9574940369156775,2.121393166447289,0.16388833062419222,8,1.1152057109489382,0.01060130716766845,0.04706098915436409,0.8687316482981405,COMPLETE
1946,0.8853401759530792,2026-03-23 18:08:18.551503,2026-03-23 18:08:18.822323,0 days 00:00:00.270820,0.956447079540177,2.0887875036986663,0.1725538319650523,8,1.0467792754653054,0.017144833836852877,0.07381378101935843,0.8704606002299485,COMPLETE
1947,0.8871837732160313,2026-03-23 18:08:18.835819,2026-03-23 18:08:19.146030,0 days 00:00:00.310211,0.9433666670535095,2.261807463763171,0.15387417095593386,8,1.127983885740724,0.011261161918645825,0.06127899054436776,0.8649586671635058,COMPLETE
1948,0.8836715542521995,2026-03-23 18:08:19.163370,2026-03-23 18:08:19.441459,0 days 00:00:00.278089,0.9555445628334028,2.086917291914131,0.16041978534972162,8,1.0018332989644565,0.017826193603421605,0.06062195811264282,0.8724628032872875,COMPLETE
1949,0.8831603128054741,2026-03-23 18:08:19.455235,2026-03-23 18:08:19.784641,0 days 00:00:00.329406,0.9383876402389637,1.9559825495200307,0.14750669177299588,8,1.1042837854162442,0.006784411089462263,0.055589198840798874,0.8782117459128981,COMPLETE
1950,0.8849872922776149,2026-03-23 18:08:19.799683,2026-03-23 18:08:20.095842,0 days 00:00:00.296159,0.9493590541157128,2.0292203046077617,0.14439475212502492,8,1.1417970222531126,0.020134630677794405,0.10650658250291985,0.8647152029202084,COMPLETE
1951,0.879839687194526,2026-03-23 18:08:20.109002,2026-03-23 18:08:20.458463,0 days 00:00:00.349461,0.9629688499018229,2.0080593176618153,0.17882669675712526,3,1.0380651596675672,0.01055672207522192,0.0893236791399342,0.878640099760682,COMPLETE
1952,0.8859032258064518,2026-03-23 18:08:20.472091,2026-03-23 18:08:20.921933,0 days 00:00:00.449842,0.9546837196910828,2.239737852251269,0.15742055810219044,8,1.0723138288985041,0.005022787968710078,0.08547286774055528,0.8634699042751359,COMPLETE
1953,0.8866392961876832,2026-03-23 18:08:20.937994,2026-03-23 18:08:21.234058,0 days 00:00:00.296064,0.9617082685957816,1.984311185246406,0.145631125925027,8,1.1580521116177043,0.020162614055927786,0.06555750173950876,0.8618089735831854,COMPLETE
1954,0.8793812316715544,2026-03-23 18:08:21.248590,2026-03-23 18:08:21.530267,0 days 00:00:00.281677,0.9618878809308337,2.3437105916333776,0.16944255782140544,8,8.672056052820025,0.012881980296795803,0.06496867699001743,0.8742110346903106,COMPLETE
1955,0.8849648093841642,2026-03-23 18:08:21.544170,2026-03-23 18:08:21.837251,0 days 00:00:00.293081,0.941958710148199,2.0430637863092933,0.15409907401112363,8,1.084484784243816,0.005405808488273903,0.0583598970378494,0.8687384249772889,COMPLETE
1956,0.8864486803519062,2026-03-23 18:08:21.850259,2026-03-23 18:08:22.138409,0 days 00:00:00.288150,0.9485200083041636,2.093301164461968,0.13964775073855595,8,1.040160083381393,0.02415686602284097,0.07459610596634433,0.8616334570596702,COMPLETE
1957,0.8832629521016618,2026-03-23 18:08:22.151423,2026-03-23 18:08:22.463398,0 days 00:00:00.311975,0.6331589759839911,1.9594569761225418,0.1457597697885213,8,4.0000166733285925,0.008672007133474074,0.05558199409846139,0.878320381370794,COMPLETE
1958,0.8870811339198434,2026-03-23 18:08:22.477524,2026-03-23 18:08:22.794087,0 days 00:00:00.316563,0.9333927795445037,2.269414023284881,0.1622608661395015,8,1.0020098600398992,0.015958497192030442,0.04971639123198266,0.858510704651031,COMPLETE
1959,0.8830332355816226,2026-03-23 18:08:22.808710,2026-03-23 18:08:23.106157,0 days 00:00:00.297447,0.9644737438550817,2.1650556979748368,0.1345968436051606,8,1.1353702952269924,0.011368437595232053,0.05335873205468666,0.8702696748386382,COMPLETE
1960,0.8840156402737048,2026-03-23 18:08:23.119854,2026-03-23 18:08:23.379405,0 days 00:00:00.259551,0.9574194752732719,1.9462931617527208,0.17946605783218347,8,1.0990016341164226,0.02508413704625141,0.05740585231697178,0.8806233361005918,COMPLETE
1961,0.8801065493646139,2026-03-23 18:08:23.393133,2026-03-23 18:08:23.682689,0 days 00:00:00.289556,0.950333787581935,1.8989329932342485,0.15625871442553566,8,7.989330143618355,0.003241052809013514,0.06855708545746814,0.8669857963445388,COMPLETE
1962,0.8880918866080156,2026-03-23 18:08:23.695477,2026-03-23 18:08:23.971830,0 days 00:00:00.276353,0.9616141383249835,2.044120227247236,0.13633941401755734,8,1.168684804392475,0.006408008599553775,0.04970389556364353,0.858435378387153,COMPLETE
1963,0.8822678396871946,2026-03-23 18:08:23.986179,2026-03-23 18:08:24.284653,0 days 00:00:00.298474,0.9676184976233473,1.9124739283283654,0.14806334973780227,8,2.627661746452758,0.012016432881223551,0.052896726170634394,0.8742682832776469,COMPLETE
1964,0.8849335288367546,2026-03-23 18:08:24.297054,2026-03-23 18:08:24.596536,0 days 00:00:00.299482,0.9312664828423889,2.5805668634685537,0.1684285318434902,8,1.1130206244892673,0.021342664774982784,0.07947072584921878,0.8612033623946357,COMPLETE
1965,0.8848181818181817,2026-03-23 18:08:24.610634,2026-03-23 18:08:24.909555,0 days 00:00:00.298921,0.9679727376360306,2.1374242728461734,0.14089737710778372,8,1.1655517306100311,0.008423671615815595,0.0465456061803067,0.8668580268332974,COMPLETE
1966,0.8837106549364613,2026-03-23 18:08:24.923802,2026-03-23 18:08:25.264375,0 days 00:00:00.340573,0.9539531864433967,1.9656948065571618,0.13368417583055647,8,1.0504775566016922,0.015864755114396993,0.06006538649313369,0.8551396312430921,COMPLETE
1967,0.8838435972629521,2026-03-23 18:08:25.278481,2026-03-23 18:08:25.570380,0 days 00:00:00.291899,0.96170156927442,1.8560854367816289,0.15251579248973632,8,1.0466858084836308,0.0038649137214891998,0.04400959268179315,0.8803980340968481,COMPLETE
1968,0.882448680351906,2026-03-23 18:08:25.583127,2026-03-23 18:08:25.865730,0 days 00:00:00.282603,0.9412264353364201,2.411842110598931,0.16400416594231187,8,1.1983346005791509,0.00515346899948402,0.06460410350382612,0.8701949313816904,COMPLETE
1969,0.8875190615835777,2026-03-23 18:08:25.880481,2026-03-23 18:08:26.170159,0 days 00:00:00.289678,0.9692239954455975,2.065045214410524,0.1428225507321206,8,1.0013357484777488,0.023289706986081852,0.04720055459592597,0.8547653225481441,COMPLETE
1970,0.8859345063538612,2026-03-23 18:08:26.182942,2026-03-23 18:08:26.464957,0 days 00:00:00.282015,0.9577277703402741,1.8898699104972938,0.1305891908516806,8,1.0886589991327043,0.014497464479142016,0.04020148816196724,0.8816449171864184,COMPLETE
1971,0.8793587487781036,2026-03-23 18:08:26.478980,2026-03-23 18:08:26.783045,0 days 00:00:00.304065,0.9684840814850675,2.0163702922839595,0.17547613363880735,8,9.787528930743864,0.008002570068838097,0.05346767249789055,0.863079374799077,COMPLETE
1972,0.8824232649071357,2026-03-23 18:08:26.798412,2026-03-23 18:08:27.110569,0 days 00:00:00.312157,0.9430975265464605,1.9161012277288505,0.1535836916520403,8,3.43565083470872,0.027339212131139146,0.042308929449815874,0.8721893553255224,COMPLETE
1973,0.8864457478005865,2026-03-23 18:08:27.124265,2026-03-23 18:08:27.385682,0 days 00:00:00.261417,0.9496561246184216,2.155354820362078,0.18632131616913755,8,1.1428886715098268,0.011248546899922088,0.08066393751858225,0.85757278729134,COMPLETE
1974,0.8837155425219942,2026-03-23 18:08:27.399868,2026-03-23 18:08:27.690741,0 days 00:00:00.290873,0.9700370739756915,1.853747742389036,0.13390002793828312,8,1.0860766363806544,0.0156775736355909,0.036412485198791186,0.8646443031503199,COMPLETE
1975,0.8833822091886608,2026-03-23 18:08:27.703863,2026-03-23 18:08:27.996444,0 days 00:00:00.292581,0.959192919858544,2.6304520032003915,0.14493649026306535,7,1.1950291882754311,0.028193027768746663,0.05474267150263008,0.8513948968555253,COMPLETE
1976,0.8859051808406648,2026-03-23 18:08:28.008802,2026-03-23 18:08:28.321760,0 days 00:00:00.312958,0.9347753370295278,2.0088261328353094,0.16089932360897327,8,1.135425674963443,0.006778778328454507,0.044898698611497166,0.8755344072884572,COMPLETE
1977,0.8863460410557183,2026-03-23 18:08:28.334638,2026-03-23 18:08:26.678640,-1 days +23:59:58.344002,0.9695922902187182,2.205355579094772,0.1294806753704856,8,1.0511227887678447,0.01861483726277377,0.036424850786107583,0.8831174866885318,COMPLETE
1978,0.8856578690127077,2026-03-23 18:08:26.690373,2026-03-23 18:08:27.004628,0 days 00:00:00.314255,0.9624506359950998,1.1906545325025664,0.1394894960168234,8,1.1114045443862508,0.003772674880868374,0.06492616779537337,0.7614094088297683,COMPLETE
1979,0.8860400782013685,2026-03-23 18:08:27.018354,2026-03-23 18:08:27.325669,0 days 00:00:00.307315,0.9709930692875752,1.8313989144813105,0.14724081635256595,8,1.000526380241534,0.008575736424758545,0.03248658630736162,0.8592185208973795,COMPLETE
1980,0.8833734115347018,2026-03-23 18:08:27.338558,2026-03-23 18:08:27.637263,0 days 00:00:00.298705,0.9514709879549312,1.2855607260385504,0.16765735912758,8,1.1910287949604752,0.015081141255208015,0.03983989176652052,0.8690020197971122,COMPLETE
1981,0.8790068426197457,2026-03-23 18:08:27.650088,2026-03-23 18:08:27.911890,0 days 00:00:00.261802,0.9747049011609679,2.297293819397706,0.15534058653225508,8,1.078774447095334,0.029581736119329956,0.047631862194971564,0.9993559676165746,COMPLETE
1982,0.8852326490713588,2026-03-23 18:08:27.925804,2026-03-23 18:08:28.220789,0 days 00:00:00.294985,0.9631160714187129,1.9486110817096585,0.12950644100411465,8,1.1597084748367514,0.010847529444677572,0.10035004370315809,0.8477720487671737,COMPLETE
1983,0.8856168132942328,2026-03-23 18:08:28.235060,2026-03-23 18:08:28.522983,0 days 00:00:00.287923,0.9703468949941483,2.543986599829204,0.13913518615133094,8,1.2068162422147293,0.024234203201724255,0.031662447081166264,0.8732942369131398,COMPLETE
1984,0.8810850439882697,2026-03-23 18:08:28.537334,2026-03-23 18:08:28.852310,0 days 00:00:00.314976,0.8423243237216667,2.114993684051806,0.14683968911249684,8,1.0386097933552494,0.004988676782225093,0.7503928152340301,0.8537492662093198,COMPLETE
1985,0.884516129032258,2026-03-23 18:08:28.866377,2026-03-23 18:08:29.163843,0 days 00:00:00.297466,0.9737271286108802,1.8232799953551522,0.12640759595847,8,3.6469725284281673,0.029684358772928632,0.040184540357767466,0.8633099556611926,COMPLETE
1986,0.8837595307917888,2026-03-23 18:08:29.180185,2026-03-23 18:08:29.452871,0 days 00:00:00.272686,0.9402285539012765,1.9411498967185885,0.17476879791114397,8,2.8937909265337387,0.009639173649593383,0.054639913695767935,0.8815637711446526,COMPLETE
1987,0.8818543499511242,2026-03-23 18:08:29.467247,2026-03-23 18:08:29.742886,0 days 00:00:00.275639,0.9560859509739996,1.8052078905583857,0.1584778343704672,8,4.915067087758261,0.0027609916581094705,0.03453248386807305,0.8671391750449553,COMPLETE
1988,0.8845913978494624,2026-03-23 18:08:29.759493,2026-03-23 18:08:30.026867,0 days 00:00:00.267374,0.9309272633848533,2.0060673422163675,0.1899870094044778,8,1.1018736698730582,0.014459310903164827,0.048724739618441044,0.847148233607109,COMPLETE
1989,0.884822091886608,2026-03-23 18:08:30.043006,2026-03-23 18:08:30.336432,0 days 00:00:00.293426,0.9740101284563806,1.3137771472369155,0.134967754673355,8,1.22058903408804,0.007700582598812658,0.031010297597432675,0.8567702163861745,COMPLETE
1990,0.8843880742913002,2026-03-23 18:08:30.349174,2026-03-23 18:08:30.660725,0 days 00:00:00.311551,0.9468875921502061,2.682146352633737,0.14811053331362678,8,1.153541254434082,0.01747451523287841,0.042420092838782675,0.8754699554627368,COMPLETE
1991,0.87972238514174,2026-03-23 18:08:30.674279,2026-03-23 18:08:31.050244,0 days 00:00:00.375965,0.9637150866003554,2.3372249124763513,0.02205170390636138,8,2.433304117464729,0.03185676898403893,0.035521960421744755,0.861547423716767,COMPLETE
1992,0.8853118279569893,2026-03-23 18:08:31.064110,2026-03-23 18:08:31.359044,0 days 00:00:00.294934,0.9729610649416955,2.0767410872965466,0.12664791978860002,8,1.0008805811235746,0.02095037771227817,0.07249598676608174,0.8527394516352801,COMPLETE
1993,0.8843695014662758,2026-03-23 18:08:31.371705,2026-03-23 18:08:31.646498,0 days 00:00:00.274793,0.9197671216796864,1.8556901196969036,0.16707456976188095,8,1.0741808927744885,1.664563323576867e-05,0.02937758797338666,0.8843517158887736,COMPLETE
1994,0.882661779081134,2026-03-23 18:08:31.659805,2026-03-23 18:08:32.014668,0 days 00:00:00.354863,0.9600907500866575,1.3790699993168338,0.13741290456140023,5,1.1189514755010534,0.004659004594028517,0.06085708426262932,0.8704732364840072,COMPLETE
1995,0.8851730205278592,2026-03-23 18:08:32.029376,2026-03-23 18:08:32.308727,0 days 00:00:00.279351,0.9676095650143556,2.4846304860650816,0.1522251762728055,8,1.0506442995211798,0.03519743333166834,0.03713903152984729,0.8434712980709699,COMPLETE
1996,0.8838895405669599,2026-03-23 18:08:32.323019,2026-03-23 18:08:32.621209,0 days 00:00:00.298190,0.9776385670076116,1.910731511533542,0.12856600312072397,8,1.2134207629089149,0.010507676612327264,0.1236103896075524,0.8621717678368782,COMPLETE
1997,0.8831143695014663,2026-03-23 18:08:32.634158,2026-03-23 18:08:32.922980,0 days 00:00:00.288822,0.8125346803740172,1.782554525113602,0.14242505631370994,8,1.1412405676092185,0.020490541748520077,0.04638616460212084,0.8766033797768966,COMPLETE
1998,0.8794652981427176,2026-03-23 18:08:32.937908,2026-03-23 18:08:33.317009,0 days 00:00:00.379101,0.9497264116206229,1.4861508776357695,0.1782729970095593,6,5.934114871453605,0.013764143419732889,0.029113687989859624,0.6428285076541433,COMPLETE
1999,0.8856608015640273,2026-03-23 18:08:33.330505,2026-03-23 18:08:33.640438,0 days 00:00:00.309933,0.9745783531053397,2.2145944212802235,0.16009385655621602,8,1.0001841468964956,0.006583710924480738,0.04101684656437545,0.8537227589690521,COMPLETE
