row_id,split
0,train
1,validation
2,train
3,test
4,train
5,train
6,test
7,train
8,train
9,train
10,train
11,train
12,validation
13,train
14,validation
15,test
16,validation
17,test
18,train
19,test
20,validation
21,test
22,validation
23,train
24,train
25,validation
26,train
27,train
28,train
29,train
30,train
31,train
32,test
33,train
34,train
35,train
36,train
37,train
38,test
39,train
40,validation
41,validation
42,train
43,test
44,train
45,train
46,train
47,validation
48,test
49,test
50,train
51,test
52,test
53,validation
54,test
55,test
56,test
57,train
58,train
59,train
60,test
61,validation
62,train
63,validation
64,test
65,train
66,test
67,test
68,train
69,train
70,test
71,train
72,validation
73,test
74,train
75,train
76,test
77,train
78,train
79,validation
80,train
81,train
82,train
83,validation
84,train
85,validation
86,train
87,train
88,train
89,train
90,train
91,train
92,validation
93,test
94,train
95,train
96,validation
97,validation
98,train
99,train
100,train
101,train
102,test
103,validation
104,train
105,train
106,train
107,train
108,validation
109,test
110,validation
111,train
112,train
113,validation
114,test
115,test
116,train
117,validation
118,test
119,train
120,test
121,train
122,validation
123,test
124,train
125,train
126,train
127,train
128,test
129,test
130,train
131,validation
132,validation
133,train
134,train
135,train
136,validation
137,train
138,train
139,train
140,test
141,validation
142,train
143,test
144,train
145,train
146,train
147,validation
148,train
149,test
150,validation
151,validation
152,validation
153,test
154,test
155,train
156,train
157,test
158,train
159,train
160,test
161,train
162,validation
163,train
164,test
165,train
166,train
167,validation
168,validation
169,test
170,validation
171,train
172,test
173,train
174,train
175,train
176,validation
177,test
178,train
179,train
180,test
181,train
182,train
183,train
184,validation
185,validation
186,validation
187,train
188,test
189,train
190,train
191,test
192,train
193,train
194,validation
195,train
196,validation
197,test
198,validation
199,train
200,test
201,train
202,train
203,train
204,train
205,test
206,train
207,train
208,train
209,test
210,train
211,test
212,train
213,train
214,test
215,train
216,test
217,train
218,validation
219,train
220,train
221,test
222,train
223,test
224,validation
225,test
226,validation
227,test
228,train
229,train
230,validation
231,train
232,test
233,train
234,train
235,train
236,train
237,train
238,train
239,validation
240,train
241,train
242,train
243,train
244,train
245,train
246,validation
247,validation
248,validation
249,train
250,validation
251,test
252,train
253,train
254,validation
255,train
256,train
257,train
258,test
259,train
260,train
261,test
262,train
263,train
264,train
265,train
266,train
267,train
268,test
269,test
270,test
271,validation
272,train
273,validation
274,train
275,train
276,validation
277,train
278,train
279,train
280,validation
281,train
282,train
283,train
284,train
285,train
286,train
287,validation
288,train
289,train
290,train
291,train
292,test
293,validation
294,train
295,train
296,train
297,train
298,test
299,validation
300,train
301,test
302,train
303,train
304,train
305,train
306,train
307,train
308,validation
309,test
310,train
311,train
312,test
313,train
314,test
315,train
316,train
317,train
318,train
319,train
320,train
321,train
322,test
323,test
324,train
325,train
326,train
327,validation
328,validation
329,validation
330,validation
331,train
332,validation
333,train
334,test
335,train
336,test
337,train
338,train
339,train
340,validation
341,train
342,test
343,train
344,train
345,train
346,train
347,train
348,test
349,train
350,train
351,validation
352,train
353,train
354,train
355,validation
356,validation
357,test
358,train
359,train
360,train
361,test
362,train
363,train
364,train
365,test
366,validation
367,train
368,test
369,test
370,validation
371,train
372,test
373,validation
374,train
375,train
376,train
377,train
378,validation
379,train
380,validation
381,validation
382,test
383,train
384,train
385,validation
386,test
387,train
388,train
389,test
390,validation
391,validation
392,train
393,train
394,train
395,train
396,test
397,validation
398,train
399,train
400,train
401,train
402,validation
403,train
404,train
405,validation
406,train
407,train
408,train
409,test
410,validation
411,validation
412,train
413,train
414,train
415,validation
416,train
417,validation
418,validation
419,test
420,test
421,train
422,validation
423,train
424,validation
425,train
426,train
427,train
428,test
429,train
430,train
431,test
432,train
433,train
434,train
435,train
436,validation
437,train
438,train
439,train
440,train
441,test
442,train
443,test
444,validation
445,test
446,train
447,train
448,test
449,test
450,validation
451,test
452,test
453,validation
454,test
455,train
456,test
457,train
458,train
459,test
460,train
461,train
462,validation
463,train
464,train
465,train
466,train
467,validation
468,train
469,train
470,validation
471,train
472,train
473,validation
474,validation
475,validation
476,validation
477,test
478,train
479,train
480,validation
481,train
482,validation
483,train
484,validation
485,test
486,train
487,test
488,train
489,train
490,test
491,test
492,validation
493,train
494,train
495,train
496,validation
497,test
498,test
499,train
500,train
501,validation
502,validation
503,test
504,train
505,train
506,train
507,train
508,train
509,train
510,train
511,train
512,train
513,train
514,train
515,train
516,test
517,train
518,train
519,train
520,test
521,test
522,validation
523,train
524,train
525,validation
526,train
527,validation
528,train
529,train
530,train
531,train
532,train
533,train
534,validation
535,train
536,train
537,train
538,test
539,train
540,train
541,test
542,validation
543,train
544,train
545,train
546,validation
547,validation
548,train
549,train
550,train
551,validation
552,train
553,train
554,test
555,train
556,train
557,train
558,validation
559,train
560,train
561,test
562,train
563,validation
564,train
565,validation
566,validation
567,validation
568,train
569,validation
570,train
571,validation
572,train
573,validation
574,train
575,train
576,test
577,test
578,train
579,validation
580,train
581,train
582,train
583,train
584,validation
585,train
586,train
587,test
588,train
589,train
590,train
591,train
592,train
593,train
594,train
595,train
596,train
597,validation
598,test
599,test
600,validation
601,train
602,validation
603,train
604,validation
605,train
606,train
607,train
608,train
609,train
610,train
611,train
612,validation
613,validation
614,train
615,train
616,train
617,train
618,train
619,train
620,train
621,train
622,train
623,train
624,train
625,train
626,train
627,validation
628,train
629,validation
630,train
631,train
632,train
633,validation
634,train
635,train
636,test
637,train
638,train
639,train
640,test
641,validation
642,train
643,validation
644,train
645,train
646,train
647,train
648,train
649,train
650,train
651,train
652,train
653,test
654,test
655,validation
656,test
657,train
658,train
659,validation
660,train
661,validation
662,test
663,train
664,train
665,validation
666,train
667,train
668,train
669,train
670,test
671,test
672,train
673,test
674,test
675,train
676,train
677,train
678,train
679,test
680,train
681,train
682,test
683,test
684,train
685,train
686,train
687,train
688,test
689,train
690,train
691,train
692,validation
693,train
694,train
695,train
696,train
697,train
698,test
699,train
700,train
701,validation
702,validation
703,validation
704,validation
705,validation
706,train
707,test
708,train
709,train
710,train
711,test
712,train
713,train
714,train
715,validation
716,train
717,train
718,train
719,test
720,train
721,train
722,train
723,test
724,train
725,train
726,train
727,train
728,train
729,train
730,validation
731,test
732,train
733,train
734,train
735,train
736,train
737,test
738,validation
739,validation
740,train
741,train
742,train
743,train
744,test
745,train
746,test
747,test
748,train
749,test
750,test
751,train
752,test
753,test
754,test
755,train
756,validation
757,train
758,train
759,train
760,test
761,train
762,validation
763,validation
764,train
765,validation
766,validation
767,train
768,train
769,validation
770,train
771,test
772,train
773,train
774,train
775,validation
776,validation
777,train
778,train
779,train
780,validation
781,test
782,train
783,train
784,train
785,train
786,train
787,train
788,train
789,train
790,train
791,train
792,train
793,validation
794,train
795,validation
796,validation
797,train
798,train
799,train
800,test
801,validation
802,train
803,validation
804,test
805,validation
806,train
807,train
808,test
809,test
810,train
811,train
812,train
813,train
814,validation
815,train
816,test
817,train
818,validation
819,train
820,train
821,train
822,train
823,train
824,train
825,validation
826,train
827,train
828,train
829,validation
830,test
831,train
832,test
833,train
834,test
835,train
836,train
837,test
838,test
839,train
840,test
841,test
842,train
843,test
844,test
845,validation
846,train
847,train
848,train
849,validation
850,test
851,validation
852,train
853,test
854,test
855,train
856,train
857,validation
858,train
859,test
860,train
861,train
862,test
863,train
864,train
865,test
866,validation
867,validation
868,train
869,train
870,validation
871,train
872,train
873,test
874,train
875,train
876,train
877,train
878,train
879,train
880,train
881,train
882,validation
883,test
884,train
885,train
886,validation
887,train
888,train
889,train
890,validation
891,train
892,train
893,validation
894,train
895,train
896,train
897,train
898,train
899,train
900,train
901,test
902,train
903,test
904,validation
905,train
906,train
907,validation
908,train
909,validation
910,train
911,train
912,train
913,validation
914,test
915,train
916,validation
917,test
918,validation
919,test
920,train
921,train
922,train
923,train
924,validation
925,train
926,train
927,validation
928,train
929,test
930,train
931,train
932,train
933,train
934,validation
935,test
936,train
937,train
938,train
939,train
940,validation
941,train
942,train
943,train
944,validation
945,validation
946,train
947,validation
948,validation
949,validation
950,train
951,train
952,validation
953,test
954,validation
955,train
956,train
957,validation
958,validation
959,test
960,train
961,train
962,train
963,test
964,test
965,train
966,test
967,train
968,train
969,train
970,validation
971,train
972,train
973,train
974,test
975,train
976,train
977,train
978,validation
979,train
980,train
981,train
982,train
983,train
984,validation
985,train
986,validation
987,validation
988,validation
989,test
990,train
991,train
992,validation
993,train
994,test
995,validation
996,train
997,test
998,test
999,train
1000,test
1001,train
1002,test
1003,train
1004,train
1005,validation
1006,train
1007,train
1008,train
1009,train
1010,train
1011,train
1012,validation
1013,validation
1014,validation
1015,train
1016,test
1017,test
1018,test
1019,train
1020,validation
1021,train
1022,test
1023,validation
1024,test
1025,train
1026,train
1027,train
1028,validation
1029,train
1030,validation
1031,validation
1032,train
1033,test
1034,train
1035,train
1036,validation
1037,validation
1038,train
1039,train
1040,train
1041,validation
1042,train
1043,test
1044,validation
1045,train
1046,test
1047,train
1048,train
1049,train
1050,train
1051,train
1052,validation
1053,validation
1054,train
1055,train
1056,train
1057,train
1058,train
1059,train
1060,train
1061,validation
1062,validation
1063,validation
1064,train
1065,train
1066,validation
1067,train
1068,train
1069,train
1070,train
1071,test
1072,train
1073,test
1074,train
1075,train
1076,validation
1077,train
1078,train
1079,validation
1080,train
1081,train
1082,train
1083,train
1084,validation
1085,train
1086,test
1087,train
1088,validation
1089,train
1090,test
1091,train
1092,train
1093,train
1094,test
1095,validation
1096,test
1097,train
1098,train
1099,train
1100,train
1101,train
1102,train
1103,train
1104,train
1105,test
1106,train
1107,validation
1108,train
1109,train
1110,train
1111,train
1112,train
1113,train
1114,validation
1115,train
1116,validation
1117,train
1118,train
1119,train
1120,train
1121,train
1122,train
1123,test
1124,train
1125,test
1126,train
1127,train
1128,train
1129,train
1130,validation
1131,train
1132,train
1133,train
1134,train
1135,train
1136,validation
1137,test
1138,validation
1139,test
1140,train
1141,train
1142,train
1143,test
1144,validation
1145,test
1146,test
1147,train
1148,test
1149,train
1150,validation
1151,train
1152,test
1153,train
1154,train
1155,train
1156,validation
1157,test
1158,train
1159,train
1160,validation
1161,train
1162,train
1163,test
1164,train
1165,test
1166,test
1167,test
1168,train
1169,train
1170,validation
1171,train
1172,train
1173,train
1174,test
1175,train
1176,validation
1177,train
1178,train
1179,train
1180,validation
1181,validation
1182,validation
1183,train
1184,test
1185,validation
1186,validation
1187,test
1188,train
1189,train
1190,validation
1191,train
1192,train
1193,train
1194,train
1195,validation
1196,train
1197,train
1198,train
1199,validation
1200,train
1201,test
1202,test
1203,train
1204,train
1205,validation
1206,validation
1207,train
1208,train
1209,validation
1210,train
1211,test
1212,validation
1213,train
1214,test
1215,validation
1216,train
1217,train
1218,validation
1219,train
1220,test
1221,train
1222,train
1223,train
1224,train
1225,train
1226,validation
1227,validation
1228,validation
1229,validation
1230,train
1231,train
1232,test
1233,validation
1234,train
1235,train
1236,validation
1237,test
1238,train
1239,train
1240,test
1241,train
1242,validation
1243,train
1244,train
1245,train
1246,train
1247,train
1248,test
1249,train
1250,test
1251,test
1252,train
1253,test
1254,train
1255,test
1256,train
1257,test
1258,validation
1259,validation
1260,test
1261,test
1262,validation
1263,train
1264,train
1265,test
1266,test
1267,test
1268,test
1269,validation
1270,test
1271,train
1272,test
1273,train
1274,train
1275,train
1276,test
1277,test
1278,train
1279,train
1280,validation
1281,validation
1282,validation
1283,train
1284,train
1285,test
1286,test
1287,train
1288,train
1289,train
1290,validation
1291,test
1292,train
1293,test
1294,validation
1295,test
1296,test
1297,validation
1298,test
1299,validation
1300,validation
1301,validation
1302,validation
1303,validation
1304,train
1305,train
1306,train
1307,validation
1308,train
1309,test
1310,train
1311,test
1312,test
1313,train
1314,test
1315,validation
1316,test
1317,validation
1318,train
1319,train
1320,train
1321,test
1322,validation
1323,train
1324,validation
1325,validation
1326,validation
1327,validation
1328,validation
1329,train
1330,train
1331,validation
1332,validation
1333,test
1334,train
1335,train
1336,validation
1337,train
1338,test
1339,train
1340,validation
1341,train
1342,validation
1343,train
1344,validation
1345,train
1346,train
1347,train
1348,train
1349,train
1350,train
1351,test
1352,test
1353,train
1354,validation
1355,validation
1356,train
1357,train
1358,validation
1359,test
1360,test
1361,train
1362,train
1363,test
1364,train
1365,train
1366,train
1367,test
1368,train
1369,train
1370,train
1371,train
1372,train
1373,test
1374,test
1375,train
1376,test
1377,validation
1378,train
1379,validation
1380,train
1381,train
1382,validation
1383,train
1384,test
1385,validation
1386,validation
1387,test
1388,train
1389,train
1390,validation
1391,validation
1392,train
1393,train
1394,validation
1395,train
1396,test
1397,train
1398,validation
1399,train
1400,test
1401,train
1402,validation
1403,train
1404,validation
1405,test
1406,train
1407,train
1408,train
1409,train
1410,validation
1411,validation
1412,test
1413,train
1414,validation
1415,train
1416,train
1417,test
1418,train
1419,train
1420,test
1421,test
1422,validation
1423,test
1424,train
1425,validation
1426,train
1427,train
1428,train
1429,test
1430,test
1431,validation
1432,test
1433,train
1434,train
1435,validation
1436,train
1437,train
1438,train
1439,train
1440,validation
1441,train
1442,validation
1443,train
1444,validation
1445,validation
1446,train
1447,test
1448,test
1449,train
1450,train
1451,validation
1452,train
1453,train
1454,train
1455,test
1456,test
1457,train
1458,test
1459,test
1460,train
1461,train
1462,train
1463,train
1464,test
1465,train
1466,train
1467,validation
1468,validation
1469,validation
1470,train
1471,train
1472,test
1473,train
1474,train
1475,train
1476,train
1477,train
1478,train
1479,train
1480,test
1481,train
1482,train
1483,train
1484,train
1485,train
1486,test
1487,validation
1488,train
1489,train
1490,validation
1491,train
1492,train
1493,test
1494,test
1495,validation
1496,train
1497,train
1498,validation
1499,validation
1500,train
1501,train
1502,train
1503,test
1504,validation
1505,train
1506,train
1507,validation
1508,train
1509,train
1510,train
1511,train
1512,train
1513,train
1514,train
1515,train
1516,train
1517,validation
1518,validation
1519,train
1520,train
1521,train
1522,train
1523,validation
1524,validation
1525,train
1526,train
1527,train
1528,train
1529,train
1530,train
1531,test
1532,validation
1533,train
1534,validation
1535,validation
1536,train
1537,train
1538,validation
1539,test
1540,validation
1541,test
1542,train
1543,validation
1544,train
1545,train
1546,train
1547,train
1548,train
1549,train
1550,train
1551,train
1552,train
1553,train
1554,test
1555,train
1556,test
1557,validation
1558,train
1559,train
1560,validation
1561,train
1562,train
1563,train
1564,validation
1565,train
1566,test
1567,train
1568,train
1569,train
1570,train
1571,train
1572,test
1573,train
1574,test
1575,train
1576,train
1577,train
1578,train
1579,train
1580,test
1581,train
1582,test
1583,train
1584,train
1585,validation
1586,validation
1587,train
1588,train
1589,train
1590,test
1591,test
1592,train
1593,test
1594,train
1595,validation
1596,train
1597,validation
1598,train
1599,train
1600,train
1601,train
1602,train
1603,train
1604,train
1605,test
1606,train
1607,test
1608,validation
1609,train
1610,train
1611,test
1612,test
1613,train
1614,test
1615,train
1616,validation
1617,test
1618,train
1619,train
1620,test
1621,train
1622,train
1623,train
1624,test
1625,train
1626,validation
1627,train
1628,train
1629,test
1630,test
1631,train
1632,train
1633,train
1634,train
1635,test
1636,train
1637,train
1638,train
1639,train
1640,train
1641,train
1642,train
1643,validation
1644,train
1645,train
1646,test
1647,train
1648,train
1649,test
1650,test
1651,train
1652,train
1653,validation
1654,train
1655,test
1656,test
1657,train
1658,test
1659,train
1660,test
1661,validation
1662,train
1663,test
1664,train
1665,train
1666,test
1667,train
1668,validation
1669,train
1670,train
1671,train
1672,train
1673,train
1674,test
1675,train
1676,train
1677,train
1678,test
1679,train
1680,train
1681,train
1682,train
1683,train
1684,train
1685,train
1686,test
1687,train
1688,validation
1689,validation
1690,validation
1691,validation
1692,validation
1693,train
1694,test
1695,train
1696,train
1697,train
1698,train
1699,test
1700,train
1701,validation
1702,validation
1703,train
1704,test
1705,validation
1706,train
1707,validation
1708,test
1709,train
1710,validation
1711,train
1712,test
1713,test
1714,train
1715,validation
1716,test
1717,train
1718,train
1719,test
1720,train
1721,test
1722,train
1723,train
1724,train
1725,train
1726,train
1727,train
1728,train
1729,train
1730,train
1731,validation
1732,train
1733,train
1734,test
1735,test
1736,train
1737,train
1738,test
1739,train
1740,train
1741,test
1742,train
1743,train
1744,train
1745,validation
1746,test
1747,test
1748,train
1749,train
1750,train
1751,test
1752,train
1753,train
1754,validation
1755,test
1756,train
1757,train
1758,train
1759,test
1760,train
1761,train
1762,train
1763,train
1764,train
1765,train
1766,validation
1767,validation
1768,train
1769,train
1770,train
1771,train
1772,train
1773,train
1774,train
1775,train
1776,test
1777,train
1778,train
1779,train
1780,train
1781,train
1782,train
1783,train
1784,train
1785,validation
1786,train
1787,test
1788,train
1789,test
1790,validation
1791,validation
1792,train
1793,train
1794,train
1795,train
1796,train
1797,validation
1798,train
1799,train
1800,test
1801,train
1802,train
1803,validation
1804,train
1805,train
1806,train
1807,train
1808,test
1809,train
1810,train
1811,test
1812,validation
1813,validation
1814,train
1815,train
1816,train
1817,validation
1818,test
1819,test
1820,test
1821,train
1822,test
1823,train
1824,train
1825,validation
1826,test
1827,train
1828,train
1829,train
1830,train
1831,train
1832,test
1833,validation
1834,train
1835,train
1836,train
1837,validation
1838,test
1839,train
1840,validation
1841,train
1842,validation
1843,train
1844,train
1845,train
1846,train
1847,test
1848,train
1849,test
1850,train
1851,train
1852,test
1853,train
1854,test
1855,train
1856,train
1857,train
1858,train
1859,train
1860,train
1861,train
1862,train
1863,train
1864,validation
1865,validation
1866,train
1867,train
1868,validation
1869,validation
1870,train
1871,train
1872,train
1873,train
1874,train
1875,train
1876,test
1877,validation
1878,train
1879,train
1880,train
1881,train
1882,test
1883,train
1884,train
1885,test
1886,train
1887,train
1888,validation
1889,train
1890,validation
1891,test
1892,train
1893,train
1894,train
1895,train
1896,train
1897,train
1898,train
1899,train
1900,validation
1901,train
1902,train
1903,train
1904,train
1905,train
1906,train
1907,validation
1908,test
1909,validation
1910,validation
1911,train
1912,train
1913,train
1914,test
1915,train
1916,train
1917,train
1918,test
1919,validation
1920,test
1921,validation
1922,test
1923,train
1924,validation
1925,validation
1926,train
1927,train
1928,validation
1929,test
1930,test
1931,train
1932,validation
1933,validation
1934,train
1935,train
1936,train
1937,train
1938,train
1939,test
1940,train
1941,validation
1942,train
1943,validation
1944,test
1945,train
1946,test
1947,train
1948,test
1949,test
1950,train
1951,validation
1952,train
1953,train
1954,train
1955,validation
1956,test
1957,train
1958,train
1959,train
1960,train
1961,train
1962,train
1963,validation
1964,validation
1965,test
1966,train
1967,test
1968,test
1969,train
1970,train
1971,train
1972,train
1973,test
1974,validation
1975,test
1976,validation
1977,train
1978,train
1979,train
1980,train
1981,train
1982,validation
1983,validation
1984,train
1985,train
1986,validation
1987,train
1988,train
1989,train
1990,train
1991,train
1992,train
1993,test
1994,train
1995,train
1996,test
1997,validation
1998,train
1999,validation
2000,train
2001,train
2002,train
2003,train
2004,test
2005,train
2006,validation
2007,train
2008,validation
2009,train
2010,train
2011,train
2012,test
2013,train
2014,train
2015,train
2016,train
2017,train
2018,train
2019,validation
2020,validation
2021,train
2022,train
2023,train
2024,train
2025,train
2026,test
2027,test
2028,validation
2029,test
2030,train
2031,train
2032,validation
2033,train
2034,validation
2035,validation
2036,validation
2037,train
2038,train
2039,test
2040,train
2041,validation
2042,train
2043,train
2044,train
2045,train
2046,train
2047,train
2048,train
2049,train
2050,train
2051,validation
2052,train
2053,train
2054,train
2055,train
2056,train
2057,train
2058,train
2059,test
2060,train
2061,train
2062,validation
2063,validation
2064,train
2065,validation
2066,validation
2067,validation
2068,train
2069,train
2070,test
2071,train
2072,test
2073,train
2074,train
2075,train
2076,test
2077,train
2078,train
2079,train
2080,train
2081,train
2082,validation
2083,train
2084,train
2085,test
2086,train
2087,train
2088,train
2089,test
2090,test
2091,test
2092,train
2093,train
2094,train
2095,validation
2096,train
2097,test
2098,train
2099,train
2100,train
2101,test
2102,train
2103,train
2104,train
2105,train
2106,train
2107,train
2108,validation
2109,train
2110,train
2111,test
2112,train
2113,test
2114,train
2115,train
2116,train
2117,train
2118,train
2119,validation
2120,train
2121,train
2122,train
2123,train
2124,test
2125,train
2126,validation
2127,train
2128,train
2129,test
2130,validation
2131,train
2132,test
2133,test
2134,train
2135,test
2136,test
2137,train
2138,test
2139,train
2140,train
2141,train
2142,train
2143,train
2144,train
2145,train
2146,train
2147,validation
2148,train
2149,train
2150,validation
2151,train
2152,train
2153,train
2154,test
2155,validation
2156,validation
2157,test
2158,train
2159,validation
2160,train
2161,train
2162,train
2163,test
2164,validation
2165,test
2166,train
2167,train
2168,validation
2169,train
2170,test
2171,test
2172,train
2173,train
2174,train
2175,train
2176,train
2177,train
2178,train
2179,train
2180,train
2181,train
2182,validation
2183,train
2184,validation
2185,train
2186,train
2187,train
2188,train
2189,validation
2190,test
2191,train
2192,train
2193,train
2194,test
2195,validation
2196,train
2197,test
2198,train
2199,train
2200,validation
2201,train
2202,train
2203,train
2204,train
2205,train
2206,test
2207,train
2208,test
2209,train
2210,validation
2211,test
2212,train
2213,train
2214,train
2215,train
2216,train
2217,train
2218,test
2219,train
2220,test
2221,train
2222,validation
2223,validation
2224,test
2225,train
2226,test
2227,test
2228,train
2229,validation
2230,train
2231,train
2232,validation
2233,train
2234,test
2235,validation
2236,train
2237,train
2238,train
2239,test
2240,train
2241,test
2242,train
2243,train
2244,train
2245,validation
2246,train
2247,test
2248,train
2249,train
2250,test
2251,validation
2252,train
2253,test
2254,validation
2255,validation
2256,validation
2257,train
2258,validation
2259,train
2260,train
2261,train
2262,train
2263,train
2264,train
2265,train
2266,test
2267,validation
2268,validation
2269,train
2270,train
2271,train
2272,validation
2273,validation
2274,train
2275,train
2276,train
2277,train
2278,test
2279,train
2280,validation
2281,train
2282,test
2283,train
2284,train
2285,train
2286,train
2287,validation
2288,validation
2289,train
2290,train
2291,train
2292,train
2293,train
2294,test
2295,train
2296,validation
2297,validation
2298,validation
2299,train
2300,validation
2301,validation
2302,train
2303,validation
2304,train
2305,validation
2306,test
2307,train
2308,train
2309,test
2310,train
2311,train
2312,train
2313,train
2314,train
2315,train
2316,test
2317,train
2318,train
2319,train
2320,test
2321,train
2322,train
2323,validation
2324,train
2325,train
2326,train
2327,train
2328,test
2329,validation
2330,train
2331,validation
2332,train
2333,train
2334,train
2335,test
2336,train
2337,train
2338,validation
2339,validation
2340,train
2341,train
2342,train
2343,train
2344,test
2345,train
2346,train
2347,validation
2348,train
2349,train
2350,train
2351,train
2352,test
2353,train
2354,validation
2355,train
2356,test
2357,validation
2358,train
2359,train
2360,train
2361,validation
2362,validation
2363,validation
2364,train
2365,test
2366,train
2367,train
2368,validation
2369,test
2370,train
2371,train
2372,train
2373,train
2374,train
2375,train
2376,train
2377,test
2378,train
2379,train
2380,test
2381,train
2382,train
2383,train
2384,train
2385,test
2386,test
2387,train
2388,train
2389,test
2390,test
2391,train
2392,train
2393,test
2394,train
2395,validation
2396,validation
2397,train
2398,train
2399,train
2400,train
2401,train
2402,train
2403,train
2404,train
2405,validation
2406,train
2407,train
2408,train
2409,train
2410,test
2411,validation
2412,validation
2413,test
2414,train
2415,train
2416,validation
2417,train
2418,train
2419,train
2420,validation
2421,test
2422,train
2423,validation
2424,validation
2425,test
2426,test
2427,test
2428,train
2429,validation
2430,train
2431,train
2432,train
2433,validation
2434,train
2435,train
2436,train
2437,validation
2438,test
2439,train
2440,validation
2441,validation
2442,train
2443,test
2444,train
2445,validation
2446,validation
2447,validation
2448,train
2449,train
2450,test
2451,train
2452,train
2453,train
2454,train
2455,train
2456,train
2457,validation
2458,test
2459,train
2460,train
2461,train
2462,test
2463,validation
2464,train
2465,train
2466,test
2467,train
2468,train
2469,train
2470,test
2471,train
2472,validation
2473,validation
2474,train
2475,train
2476,train
2477,train
2478,validation
2479,train
2480,train
2481,train
2482,test
2483,train
2484,train
2485,validation
2486,train
2487,train
2488,train
2489,train
2490,train
2491,train
2492,validation
2493,test
2494,train
2495,validation
2496,validation
2497,train
2498,train
2499,train
2500,train
2501,train
2502,validation
2503,train
2504,validation
2505,validation
2506,train
2507,validation
2508,test
2509,train
2510,train
2511,test
2512,train
2513,test
2514,train
2515,train
2516,train
2517,train
2518,train
2519,test
2520,train
2521,train
2522,train
2523,train
2524,validation
2525,train
2526,validation
2527,train
2528,validation
2529,test
2530,train
2531,train
2532,train
2533,train
2534,train
2535,train
2536,train
2537,train
2538,train
2539,train
2540,test
2541,validation
2542,validation
2543,train
2544,test
2545,train
2546,test
2547,train
2548,test
2549,train
2550,train
2551,train
2552,train
2553,train
2554,test
2555,train
2556,test
2557,train
2558,train
2559,train
2560,train
2561,validation
2562,test
2563,train
2564,validation
2565,train
2566,validation
2567,train
2568,validation
2569,train
2570,train
2571,validation
2572,train
2573,validation
2574,train
2575,validation
2576,validation
2577,test
2578,validation
2579,train
2580,validation
2581,validation
2582,train
2583,train
2584,train
2585,train
2586,validation
2587,train
2588,train
2589,validation
2590,test
2591,test
2592,test
2593,test
2594,train
2595,train
2596,train
2597,test
2598,train
2599,validation
2600,test
2601,train
2602,train
2603,train
2604,test
2605,test
2606,train
2607,train
2608,test
2609,validation
2610,train
2611,train
2612,test
2613,train
2614,train
2615,test
2616,validation
2617,train
2618,train
2619,train
2620,validation
2621,train
2622,train
2623,train
2624,train
2625,train
2626,train
2627,test
2628,validation
2629,test
2630,train
2631,train
2632,train
2633,test
2634,train
2635,train
2636,train
2637,validation
2638,train
2639,test
2640,test
2641,validation
2642,train
2643,test
2644,train
2645,test
2646,train
2647,train
2648,train
2649,train
2650,test
2651,train
2652,validation
2653,validation
2654,validation
2655,validation
2656,train
2657,train
2658,train
2659,test
2660,train
2661,train
2662,train
2663,train
2664,train
2665,train
2666,test
2667,validation
2668,train
2669,train
2670,validation
2671,test
2672,validation
2673,train
2674,validation
2675,train
2676,validation
2677,train
2678,train
2679,train
2680,train
2681,train
2682,validation
2683,train
2684,validation
2685,train
2686,train
2687,train
2688,validation
2689,train
2690,validation
2691,validation
2692,test
2693,validation
2694,train
2695,train
2696,train
2697,validation
2698,validation
2699,train
2700,validation
2701,train
2702,train
2703,validation
2704,train
2705,test
2706,train
2707,train
2708,test
2709,train
2710,test
2711,validation
2712,train
2713,train
2714,train
2715,test
2716,train
2717,train
2718,test
2719,train
2720,train
2721,train
2722,validation
2723,train
2724,validation
2725,train
2726,validation
2727,train
2728,test
2729,test
2730,train
2731,train
2732,test
2733,validation
2734,test
2735,train
2736,test
2737,train
2738,test
2739,test
2740,validation
2741,train
2742,test
2743,test
2744,test
2745,validation
2746,test
2747,test
2748,test
2749,test
2750,test
2751,validation
2752,train
2753,train
2754,test
2755,train
2756,train
2757,train
2758,train
2759,train
2760,train
2761,validation
2762,train
2763,train
2764,validation
2765,train
2766,test
2767,test
2768,train
2769,validation
2770,train
2771,train
2772,validation
2773,train
2774,validation
2775,validation
2776,test
2777,train
2778,train
2779,validation
2780,test
2781,train
2782,test
2783,train
2784,train
2785,validation
2786,train
2787,train
2788,train
2789,train
2790,train
2791,train
2792,validation
2793,train
2794,test
2795,test
2796,train
2797,train
2798,validation
2799,train
2800,train
2801,validation
2802,validation
2803,train
2804,train
2805,train
2806,validation
2807,train
2808,test
2809,train
2810,validation
2811,train
2812,train
2813,train
2814,test
2815,validation
2816,train
2817,test
2818,test
2819,train
2820,train
2821,train
2822,train
2823,train
2824,train
2825,train
2826,test
2827,test
2828,test
2829,validation
2830,test
2831,train
2832,validation
2833,validation
2834,validation
2835,train
2836,test
2837,test
2838,train
2839,test
2840,validation
2841,train
2842,train
2843,train
2844,train
2845,train
2846,validation
2847,train
2848,train
2849,train
2850,train
2851,validation
2852,train
2853,validation
2854,validation
2855,validation
2856,validation
2857,train
2858,train
2859,train
2860,train
2861,train
2862,train
2863,train
2864,test
2865,train
2866,train
2867,train
2868,train
2869,train
2870,test
2871,test
2872,train
2873,train
2874,test
2875,test
2876,train
2877,validation
2878,train
2879,train
2880,test
2881,train
2882,train
2883,test
2884,validation
2885,test
2886,train
2887,train
2888,test
2889,train
2890,train
2891,validation
2892,train
2893,train
2894,test
2895,validation
2896,train
2897,train
2898,train
2899,validation
2900,validation
2901,validation
2902,train
2903,validation
2904,train
2905,validation
2906,test
2907,train
2908,validation
2909,train
2910,train
2911,train
2912,validation
2913,train
2914,validation
2915,test
2916,train
2917,train
2918,train
2919,validation
2920,train
2921,validation
2922,train
2923,train
2924,train
2925,train
2926,train
2927,train
2928,validation
2929,train
2930,validation
2931,test
2932,train
2933,test
2934,train
2935,validation
2936,validation
2937,train
2938,train
2939,train
2940,train
2941,train
2942,train
2943,train
2944,test
2945,train
2946,train
2947,train
2948,train
2949,train
2950,validation
2951,train
2952,train
2953,train
2954,train
2955,train
2956,train
2957,train
2958,test
2959,train
2960,train
2961,train
2962,validation
2963,test
2964,train
2965,train
2966,train
2967,train
2968,train
2969,train
2970,train
2971,validation
2972,test
2973,validation
2974,train
2975,train
2976,train
2977,train
2978,validation
2979,validation
2980,train
2981,train
2982,train
2983,train
2984,train
2985,test
2986,train
2987,train
2988,train
2989,test
2990,train
2991,train
2992,validation
2993,train
2994,train
2995,validation
2996,train
2997,validation
2998,validation
2999,test
3000,train
3001,validation
3002,train
3003,validation
3004,validation
3005,train
3006,validation
3007,validation
3008,train
3009,train
3010,validation
3011,train
3012,train
3013,train
3014,train
3015,train
3016,train
3017,test
3018,validation
3019,validation
3020,train
3021,train
3022,train
3023,train
3024,train
3025,test
3026,train
3027,train
3028,train
3029,train
3030,train
3031,test
3032,train
3033,train
3034,train
3035,train
3036,train
3037,validation
3038,test
3039,test
3040,train
3041,train
3042,train
3043,train
3044,train
3045,test
3046,train
3047,validation
3048,train
3049,train
3050,train
3051,train
3052,train
3053,test
3054,test
3055,train
3056,validation
3057,validation
3058,train
3059,train
3060,test
3061,validation
3062,train
3063,validation
3064,train
3065,train
3066,train
3067,test
3068,validation
3069,train
3070,train
3071,train
3072,validation
3073,train
3074,validation
3075,train
3076,train
3077,train
3078,train
3079,train
3080,validation
3081,train
3082,train
3083,train
3084,validation
3085,train
3086,train
3087,test
3088,train
3089,validation
3090,train
3091,train
3092,train
3093,train
3094,test
3095,validation
3096,train
3097,train
3098,train
3099,test
3100,validation
3101,train
3102,test
3103,train
3104,train
3105,train
3106,train
3107,test
3108,train
3109,train
3110,train
3111,validation
3112,test
3113,train
3114,train
3115,train
3116,train
3117,validation
3118,train
3119,validation
3120,train
3121,train
3122,test
3123,train
3124,test
3125,test
3126,train
3127,train
3128,validation
3129,train
3130,train
3131,train
3132,train
3133,train
3134,validation
3135,test
3136,train
3137,train
3138,train
3139,train
3140,train
3141,validation
3142,train
3143,validation
3144,train
3145,test
3146,test
3147,train
3148,train
3149,validation
3150,train
3151,train
3152,test
3153,train
3154,train
3155,train
3156,validation
3157,train
3158,train
3159,train
3160,validation
3161,train
3162,validation
3163,train
3164,train
3165,train
3166,train
3167,train
3168,test
3169,train
3170,validation
3171,test
3172,test
3173,test
3174,validation
3175,train
3176,test
3177,train
3178,train
3179,train
3180,train
3181,validation
3182,train
3183,train
3184,train
3185,test
3186,train
3187,train
3188,train
3189,train
3190,train
3191,train
3192,train
3193,validation
3194,train
3195,train
3196,train
3197,validation
3198,train
3199,train
3200,train
3201,train
3202,validation
3203,train
3204,train
3205,train
3206,train
3207,validation
3208,test
3209,validation
3210,validation
3211,train
3212,test
3213,train
3214,validation
3215,validation
3216,train
3217,train
3218,test
3219,validation
3220,validation
3221,validation
3222,train
3223,test
3224,train
3225,train
3226,train
3227,train
3228,train
3229,train
3230,validation
3231,test
3232,train
3233,train
3234,test
3235,test
3236,validation
3237,test
3238,train
3239,train
3240,train
3241,test
3242,train
3243,train
3244,train
3245,train
3246,train
3247,test
3248,train
3249,train
3250,test
3251,train
3252,train
3253,test
3254,validation
3255,validation
3256,train
3257,train
3258,train
3259,train
3260,train
3261,train
3262,train
3263,train
3264,test
3265,test
3266,train
3267,validation
3268,train
3269,train
3270,test
3271,validation
3272,train
3273,validation
3274,test
3275,train
3276,train
3277,train
3278,train
3279,train
3280,test
3281,train
3282,validation
3283,test
3284,train
3285,train
3286,train
3287,test
3288,test
3289,train
3290,train
3291,train
3292,test
3293,train
3294,train
3295,train
3296,train
3297,validation
3298,validation
3299,train
3300,test
3301,validation
3302,train
3303,test
3304,train
3305,validation
3306,train
3307,train
3308,test
3309,train
3310,test
3311,train
3312,train
3313,train
3314,test
3315,train
3316,test
3317,train
3318,train
3319,test
3320,validation
3321,test
3322,test
3323,train
3324,train
3325,validation
3326,train
3327,test
3328,train
3329,test
3330,train
3331,validation
3332,train
3333,train
3334,train
3335,train
3336,train
3337,validation
3338,validation
3339,train
3340,train
3341,train
3342,train
3343,train
3344,test
3345,train
3346,train
3347,test
3348,train
3349,train
3350,train
3351,train
3352,train
3353,train
3354,train
3355,train
3356,test
3357,train
3358,test
3359,test
3360,train
3361,train
3362,train
3363,test
3364,train
3365,train
3366,test
3367,train
3368,train
3369,train
3370,train
3371,train
3372,test
3373,train
3374,train
3375,test
3376,validation
3377,validation
3378,train
3379,validation
3380,train
3381,train
3382,train
3383,train
3384,test
3385,train
3386,train
3387,train
3388,train
3389,train
3390,train
3391,validation
3392,train
3393,validation
3394,train
3395,train
3396,train
3397,train
3398,validation
3399,train
3400,train
3401,train
3402,train
3403,train
3404,train
3405,train
3406,validation
3407,train
3408,test
3409,validation
3410,train
3411,train
3412,train
3413,train
3414,train
3415,train
3416,validation
3417,test
3418,train
3419,test
3420,train
3421,train
3422,train
3423,train
3424,validation
3425,train
3426,train
3427,train
3428,test
3429,train
3430,validation
3431,test
3432,train
3433,train
3434,validation
3435,train
3436,validation
3437,validation
3438,train
3439,train
3440,train
3441,test
3442,train
3443,train
3444,test
3445,train
3446,test
3447,validation
3448,train
3449,train
3450,train
3451,train
3452,train
3453,train
3454,test
3455,train
3456,train
3457,validation
3458,train
3459,train
3460,test
3461,train
3462,validation
3463,test
3464,train
3465,train
3466,validation
3467,test
3468,train
3469,validation
3470,validation
3471,validation
3472,train
3473,train
3474,train
3475,train
3476,train
3477,train
3478,train
3479,train
3480,train
3481,train
3482,test
3483,train
3484,test
3485,validation
3486,validation
3487,test
3488,train
3489,test
3490,validation
3491,train
3492,train
3493,train
3494,test
3495,validation
3496,validation
3497,train
3498,validation
3499,train
3500,train
3501,train
3502,train
3503,test
3504,train
3505,validation
3506,train
3507,train
3508,train
3509,validation
3510,train
3511,train
3512,test
3513,train
3514,train
3515,train
3516,train
3517,train
3518,test
3519,train
3520,validation
3521,train
3522,validation
3523,train
3524,train
3525,train
3526,validation
3527,train
3528,train
3529,train
3530,validation
3531,train
3532,train
3533,train
3534,validation
3535,validation
3536,validation
3537,train
3538,train
3539,validation
3540,train
3541,train
3542,train
3543,train
3544,test
3545,train
3546,train
3547,validation
3548,test
3549,test
3550,train
3551,train
3552,train
3553,train
3554,train
3555,validation
3556,validation
3557,train
3558,train
3559,train
3560,train
3561,train
3562,train
3563,validation
3564,validation
3565,train
3566,train
3567,train
3568,test
3569,train
3570,train
3571,train
3572,test
3573,train
3574,train
3575,test
3576,test
3577,train
3578,validation
3579,validation
3580,validation
3581,test
3582,validation
3583,test
3584,train
3585,validation
3586,validation
3587,train
3588,validation
3589,test
3590,train
3591,test
3592,test
3593,train
3594,test
3595,test
3596,validation
3597,test
3598,train
3599,train
3600,train
3601,train
3602,train
3603,validation
3604,validation
3605,train
3606,test
3607,train
3608,train
3609,validation
3610,test
3611,validation
3612,train
3613,test
3614,train
3615,train
3616,train
3617,train
3618,validation
3619,validation
3620,test
3621,train
3622,test
3623,train
3624,train
3625,validation
3626,train
3627,train
3628,train
3629,train
3630,train
3631,test
3632,validation
3633,validation
3634,train
3635,validation
3636,train
3637,train
3638,validation
3639,test
3640,test
3641,train
3642,validation
3643,validation
3644,train
3645,train
3646,validation
3647,train
3648,test
3649,train
3650,train
3651,train
3652,validation
3653,train
3654,validation
3655,test
3656,train
3657,train
3658,test
3659,validation
3660,train
3661,validation
3662,validation
3663,validation
3664,train
3665,validation
3666,train
3667,train
3668,test
3669,test
3670,train
3671,test
3672,train
3673,train
3674,train
3675,train
3676,test
3677,validation
3678,test
3679,test
3680,train
3681,train
3682,test
3683,test
3684,train
3685,train
3686,validation
3687,train
3688,validation
3689,train
3690,validation
3691,test
3692,train
3693,train
3694,train
3695,train
3696,validation
3697,validation
3698,validation
3699,validation
3700,train
3701,train
3702,train
3703,validation
3704,test
3705,train
3706,train
3707,train
3708,train
3709,train
3710,train
3711,train
3712,validation
3713,train
3714,train
3715,test
3716,train
3717,train
3718,train
3719,train
3720,train
3721,train
3722,train
3723,train
3724,train
3725,validation
3726,test
3727,train
3728,train
3729,validation
3730,validation
3731,train
3732,train
3733,validation
3734,train
3735,validation
3736,validation
3737,train
3738,train
3739,train
3740,train
3741,train
3742,train
3743,train
3744,train
3745,validation
3746,train
3747,train
3748,train
3749,test
3750,train
3751,test
3752,train
3753,validation
3754,train
3755,train
3756,train
3757,train
3758,test
3759,train
3760,train
3761,validation
3762,train
3763,train
3764,train
3765,test
3766,train
3767,train
3768,train
3769,test
3770,train
3771,train
3772,validation
3773,validation
3774,train
3775,train
3776,train
3777,test
3778,validation
3779,validation
3780,train
3781,train
3782,validation
3783,train
3784,validation
3785,train
3786,train
3787,train
3788,test
3789,train
3790,test
3791,train
3792,train
3793,validation
3794,train
3795,validation
3796,train
3797,train
3798,train
3799,train
3800,test
3801,test
3802,train
3803,validation
3804,validation
3805,test
3806,train
3807,train
3808,train
3809,train
3810,test
3811,train
3812,train
3813,test
3814,test
3815,train
3816,train
3817,test
3818,train
3819,train
3820,test
3821,train
3822,test
3823,train
3824,test
3825,validation
3826,train
3827,test
3828,train
3829,train
3830,train
3831,test
3832,train
3833,test
3834,test
3835,train
3836,train
3837,test
3838,train
3839,train
3840,train
3841,train
3842,train
3843,train
3844,train
3845,train
3846,train
3847,validation
3848,train
3849,train
3850,train
3851,validation
3852,test
3853,train
3854,validation
3855,train
3856,train
3857,test
3858,train
3859,validation
3860,train
3861,test
3862,train
3863,train
3864,train
3865,train
3866,train
3867,train
3868,test
3869,test
3870,train
3871,validation
3872,train
3873,validation
3874,test
3875,train
3876,test
3877,train
3878,validation
3879,train
3880,train
3881,train
3882,train
3883,train
3884,train
3885,train
3886,train
3887,train
3888,test
3889,train
3890,train
3891,test
3892,test
3893,test
3894,train
3895,train
3896,train
3897,test
3898,test
3899,test
3900,train
3901,train
3902,train
3903,test
3904,test
3905,validation
3906,test
3907,test
3908,train
3909,validation
3910,train
3911,validation
3912,test
3913,train
3914,train
3915,test
3916,train
3917,validation
3918,test
3919,train
3920,test
3921,validation
3922,train
3923,train
3924,train
3925,train
3926,test
3927,validation
3928,train
3929,train
3930,train
3931,validation
3932,train
3933,train
3934,validation
3935,test
3936,train
3937,train
3938,validation
3939,train
3940,train
3941,train
3942,validation
3943,test
3944,test
3945,train
3946,train
3947,train
3948,validation
3949,train
3950,train
3951,train
3952,train
3953,test
3954,test
3955,validation
3956,train
3957,train
3958,train
3959,train
3960,train
3961,train
3962,test
3963,validation
3964,test
3965,train
3966,train
3967,train
3968,train
3969,train
3970,train
3971,train
3972,train
3973,train
3974,train
3975,train
3976,train
3977,train
3978,test
3979,train
3980,train
3981,train
3982,train
3983,validation
3984,train
3985,train
3986,test
3987,train
3988,train
3989,train
3990,train
3991,train
3992,validation
3993,train
3994,validation
3995,train
3996,train
3997,train
3998,train
3999,train
4000,train
4001,train
4002,validation
4003,train
4004,test
4005,train
4006,train
4007,train
4008,train
4009,train
4010,train
4011,train
4012,train
4013,train
4014,train
4015,train
4016,test
4017,train
4018,train
4019,train
4020,train
4021,test
4022,train
4023,validation
4024,train
4025,test
4026,train
4027,train
4028,validation
4029,train
4030,test
4031,test
4032,train
4033,train
4034,validation
4035,train
4036,test
4037,validation
4038,train
4039,test
4040,validation
4041,train
4042,test
4043,train
4044,validation
4045,train
4046,train
4047,train
4048,train
4049,validation
4050,train
4051,test
4052,validation
4053,train
4054,validation
4055,train
4056,validation
4057,train
4058,train
4059,validation
4060,train
4061,train
4062,train
4063,train
4064,train
4065,test
4066,validation
4067,train
4068,train
4069,validation
4070,train
4071,train
4072,train
4073,train
4074,train
4075,train
4076,train
4077,train
4078,train
4079,test
4080,train
4081,validation
4082,validation
4083,validation
4084,validation
4085,train
4086,train
4087,train
4088,validation
4089,validation
4090,train
4091,train
4092,train
4093,train
4094,test
4095,train
4096,train
4097,train
4098,train
4099,train
4100,train
4101,test
4102,train
4103,train
4104,test
4105,test
4106,train
4107,train
4108,train
4109,test
4110,train
4111,train
4112,train
4113,train
4114,train
4115,train
4116,train
4117,test
4118,test
4119,validation
4120,train
4121,train
4122,train
4123,train
4124,train
4125,test
4126,train
4127,validation
4128,train
4129,train
4130,train
4131,train
4132,train
4133,test
4134,train
4135,validation
4136,train
4137,test
4138,train
4139,train
4140,train
4141,test
4142,train
4143,train
4144,test
4145,train
4146,train
4147,train
4148,train
4149,train
4150,validation
4151,train
4152,train
4153,validation
4154,train
4155,test
4156,validation
4157,train
4158,train
4159,test
4160,train
4161,train
4162,test
4163,validation
4164,train
4165,test
4166,train
4167,train
4168,train
4169,train
4170,validation
4171,test
4172,train
4173,train
4174,train
4175,test
4176,train
4177,train
4178,test
4179,train
4180,train
4181,train
4182,train
4183,train
4184,train
4185,train
4186,train
4187,validation
4188,validation
4189,train
4190,test
4191,train
4192,train
4193,test
4194,train
4195,train
4196,test
4197,train
4198,train
4199,validation
4200,train
4201,train
4202,train
4203,train
4204,train
4205,validation
4206,train
4207,test
4208,train
4209,train
4210,train
4211,validation
4212,train
4213,train
4214,train
4215,train
4216,train
4217,validation
4218,train
4219,train
4220,validation
4221,train
4222,test
4223,train
4224,train
4225,train
4226,test
4227,train
4228,train
4229,train
4230,validation
4231,test
4232,validation
4233,test
4234,validation
4235,train
4236,train
4237,train
4238,train
4239,validation
4240,train
4241,validation
4242,test
4243,test
4244,test
4245,train
4246,train
4247,train
4248,train
4249,train
4250,test
4251,test
4252,validation
4253,train
4254,train
4255,train
4256,validation
4257,train
4258,train
4259,validation
4260,validation
4261,validation
4262,train
4263,train
4264,validation
4265,train
4266,train
4267,train
4268,train
4269,test
4270,validation
4271,train
4272,train
4273,test
4274,train
4275,test
4276,validation
4277,validation
4278,validation
4279,train
4280,train
4281,train
4282,train
4283,test
4284,train
4285,train
4286,train
4287,train
4288,validation
4289,test
4290,train
4291,validation
4292,test
4293,train
4294,train
4295,train
4296,train
4297,train
4298,test
4299,train
4300,train
4301,train
4302,train
4303,train
4304,train
4305,train
4306,validation
4307,train
4308,train
4309,train
4310,validation
4311,train
4312,test
4313,validation
4314,train
4315,validation
4316,train
4317,train
4318,validation
4319,validation
4320,validation
4321,train
4322,train
4323,train
4324,train
4325,validation
4326,train
4327,test
4328,train
4329,train
4330,train
4331,validation
4332,train
4333,train
4334,train
4335,test
4336,train
4337,validation
4338,train
4339,test
4340,train
4341,train
4342,train
4343,test
4344,train
4345,train
4346,train
4347,train
4348,validation
4349,test
4350,test
4351,train
4352,train
4353,train
4354,train
4355,test
4356,train
4357,test
4358,train
4359,test
4360,test
4361,train
4362,train
4363,train
4364,train
4365,train
4366,train
4367,train
4368,train
4369,train
4370,train
4371,test
4372,test
4373,validation
4374,validation
4375,validation
4376,train
4377,train
4378,train
4379,train
4380,train
4381,train
4382,train
4383,test
4384,train
4385,test
4386,train
4387,validation
4388,test
4389,validation
4390,train
4391,test
4392,train
4393,train
4394,train
4395,validation
4396,train
4397,train
4398,test
4399,train
4400,test
4401,train
4402,train
4403,train
4404,train
4405,train
4406,train
4407,train
4408,test
4409,validation
4410,validation
4411,validation
4412,train
4413,validation
4414,test
4415,test
4416,train
4417,validation
4418,train
4419,test
4420,test
4421,train
4422,train
4423,test
4424,train
4425,test
4426,train
4427,test
4428,validation
4429,train
4430,train
4431,train
4432,test
4433,train
4434,train
4435,validation
4436,train
4437,train
4438,test
4439,train
4440,train
4441,train
4442,train
4443,test
4444,train
4445,validation
4446,validation
4447,validation
4448,train
4449,validation
4450,validation
4451,train
4452,train
4453,train
4454,train
4455,validation
4456,test
4457,train
4458,test
4459,train
4460,test
4461,test
4462,train
4463,train
4464,validation
4465,train
4466,train
4467,validation
4468,train
4469,train
4470,train
4471,validation
4472,validation
4473,train
4474,train
4475,train
4476,train
4477,train
4478,validation
4479,train
4480,train
4481,test
4482,train
4483,train
4484,train
4485,train
4486,test
4487,train
4488,train
4489,train
4490,train
4491,test
4492,test
4493,train
4494,train
4495,train
4496,validation
4497,train
4498,validation
4499,test
4500,train
4501,train
4502,test
4503,validation
4504,train
4505,test
4506,train
4507,train
4508,validation
4509,train
4510,validation
4511,train
4512,train
4513,train
4514,train
4515,test
4516,train
4517,test
4518,test
4519,validation
4520,train
4521,validation
4522,test
4523,train
4524,validation
4525,validation
4526,test
4527,train
4528,train
4529,test
4530,train
4531,validation
4532,train
4533,train
4534,train
4535,train
4536,train
4537,train
4538,train
4539,validation
4540,train
4541,train
4542,train
4543,train
4544,train
4545,train
4546,train
4547,train
4548,train
4549,train
4550,test
4551,test
4552,validation
4553,train
4554,train
4555,train
4556,test
4557,test
4558,test
4559,train
4560,train
4561,test
4562,train
4563,validation
4564,train
4565,test
4566,test
4567,train
4568,train
4569,train
4570,train
4571,train
4572,validation
4573,test
4574,train
4575,train
4576,train
4577,validation
4578,validation
4579,train
4580,validation
4581,train
4582,train
4583,train
4584,test
4585,validation
4586,validation
4587,train
4588,test
4589,test
4590,train
4591,test
4592,train
4593,train
4594,train
4595,validation
4596,validation
4597,train
4598,train
4599,test
4600,validation
4601,test
4602,validation
4603,train
4604,train
4605,train
4606,test
4607,validation
4608,train
4609,validation
4610,train
4611,validation
4612,test
4613,train
4614,test
4615,train
4616,validation
4617,train
4618,validation
4619,test
4620,train
4621,train
4622,train
4623,test
4624,train
4625,test
4626,train
4627,test
4628,validation
4629,validation
4630,train
4631,train
4632,validation
4633,validation
4634,test
4635,train
4636,train
4637,test
4638,validation
4639,validation
4640,train
4641,train
4642,validation
4643,test
4644,train
4645,test
4646,train
4647,train
4648,test
4649,validation
4650,train
4651,train
4652,test
4653,train
4654,test
4655,train
4656,train
4657,train
4658,test
4659,train
4660,train
4661,test
4662,train
4663,test
4664,train
4665,train
4666,train
4667,train
4668,test
4669,validation
4670,test
4671,train
4672,train
4673,train
4674,validation
4675,train
4676,validation
4677,validation
4678,train
4679,test
4680,train
4681,train
4682,train
4683,test
4684,train
4685,train
4686,train
4687,validation
4688,validation
4689,train
4690,train
4691,test
4692,train
4693,train
4694,validation
4695,train
4696,train
4697,validation
4698,train
4699,train
4700,train
4701,test
4702,train
4703,validation
4704,train
4705,train
4706,train
4707,test
4708,test
4709,train
4710,test
4711,train
4712,test
4713,train
4714,test
4715,test
4716,train
4717,validation
4718,train
4719,test
4720,train
4721,train
4722,train
4723,train
4724,train
4725,train
4726,train
4727,train
4728,validation
4729,test
4730,validation
4731,train
4732,train
4733,validation
4734,train
4735,test
4736,train
4737,train
4738,validation
4739,train
4740,validation
4741,train
4742,train
4743,train
4744,train
4745,train
4746,train
4747,train
4748,train
4749,test
4750,train
4751,train
4752,train
4753,test
4754,test
4755,train
4756,test
4757,train
4758,test
4759,train
4760,train
4761,test
4762,train
4763,train
4764,train
4765,train
4766,test
4767,test
4768,train
4769,train
4770,validation
4771,train
4772,test
4773,test
4774,test
4775,train
4776,train
4777,validation
4778,train
4779,train
4780,validation
4781,train
4782,train
4783,train
4784,validation
4785,train
4786,test
4787,train
4788,test
4789,test
4790,train
4791,validation
4792,train
4793,train
4794,validation
4795,train
4796,train
4797,train
4798,validation
4799,train
4800,test
4801,train
4802,train
4803,test
4804,validation
4805,validation
4806,test
4807,validation
4808,train
4809,train
4810,train
4811,validation
4812,train
4813,train
4814,train
4815,test
4816,train
4817,train
4818,train
4819,train
4820,validation
4821,validation
4822,validation
4823,train
4824,train
4825,train
4826,test
4827,validation
4828,train
4829,test
4830,train
4831,test
4832,test
4833,validation
4834,train
4835,train
4836,train
4837,validation
4838,test
4839,test
4840,train
4841,train
4842,train
4843,train
4844,train
4845,train
4846,train
4847,test
4848,train
4849,validation
4850,test
4851,validation
4852,test
4853,train
4854,train
4855,test
4856,validation
4857,train
4858,train
4859,test
4860,train
4861,train
4862,train
4863,train
4864,train
4865,test
4866,validation
4867,train
4868,train
4869,train
4870,train
4871,train
4872,train
4873,test
4874,validation
4875,train
4876,validation
4877,test
4878,validation
4879,train
4880,train
4881,train
4882,validation
4883,train
4884,train
4885,train
4886,train
4887,train
4888,train
4889,train
4890,validation
4891,validation
4892,train
4893,train
4894,train
4895,test
4896,test
4897,train
4898,train
4899,train
4900,train
4901,train
4902,train
4903,train
4904,train
4905,test
4906,train
4907,train
4908,train
4909,train
4910,train
4911,test
4912,train
4913,train
4914,train
4915,validation
4916,train
4917,test
4918,validation
4919,validation
4920,train
4921,validation
4922,train
4923,train
4924,train
4925,test
4926,train
4927,train
4928,validation
4929,train
4930,train
4931,train
4932,test
4933,train
4934,train
4935,train
4936,train
4937,train
4938,train
4939,train
4940,train
4941,train
4942,train
4943,test
4944,train
4945,validation
4946,test
4947,train
4948,validation
4949,train
4950,test
4951,test
4952,train
4953,validation
4954,test
4955,test
4956,train
4957,test
4958,train
4959,train
4960,train
4961,train
4962,test
4963,train
4964,train
4965,train
4966,train
4967,train
4968,test
4969,validation
4970,test
4971,test
4972,validation
4973,train
4974,test
4975,train
4976,train
4977,train
4978,train
4979,train
4980,train
4981,train
4982,validation
4983,train
4984,train
4985,validation
4986,train
4987,validation
4988,train
4989,train
4990,train
4991,train
4992,validation
4993,train
4994,train
4995,train
4996,train
4997,validation
4998,train
4999,test
5000,test
5001,validation
5002,test
5003,test
5004,validation
5005,train
5006,validation
5007,train
5008,validation
5009,train
5010,validation
5011,train
5012,test
5013,train
5014,train
5015,train
5016,train
5017,test
5018,train
5019,train
5020,train
5021,train
5022,test
5023,test
5024,test
5025,train
5026,validation
5027,test
5028,train
5029,validation
5030,test
5031,test
5032,train
5033,validation
5034,test
5035,validation
5036,validation
5037,test
5038,train
5039,train
5040,test
5041,train
5042,validation
5043,validation
5044,test
5045,train
5046,validation
5047,train
5048,train
5049,validation
5050,train
5051,train
5052,test
5053,validation
5054,train
5055,test
5056,test
5057,train
5058,train
5059,train
5060,validation
5061,train
5062,train
5063,train
5064,test
5065,train
5066,train
5067,train
5068,train
5069,train
5070,train
5071,validation
5072,train
5073,train
5074,train
5075,train
5076,train
5077,train
5078,train
5079,validation
5080,validation
5081,validation
5082,train
5083,validation
5084,train
5085,validation
5086,test
5087,train
5088,train
5089,test
5090,train
5091,train
5092,train
5093,validation
5094,train
5095,train
5096,train
5097,validation
5098,train
5099,train
5100,train
5101,train
5102,train
5103,train
5104,validation
5105,train
5106,validation
5107,train
5108,train
5109,test
5110,validation
5111,train
5112,train
5113,train
5114,test
5115,train
5116,validation
5117,train
5118,validation
5119,test
5120,train
5121,validation
5122,validation
5123,validation
5124,train
5125,train
5126,train
5127,train
5128,validation
5129,train
5130,train
5131,validation
5132,validation
5133,train
5134,train
5135,validation
5136,train
5137,train
5138,test
5139,train
5140,test
5141,test
5142,validation
5143,train
5144,validation
5145,train
5146,train
5147,train
5148,validation
5149,train
5150,validation
5151,train
5152,validation
5153,train
5154,train
5155,train
5156,validation
5157,validation
5158,test
5159,train
5160,test
5161,train
5162,validation
5163,train
5164,test
5165,train
5166,train
5167,validation
5168,test
5169,train
5170,train
5171,train
5172,train
5173,train
5174,test
5175,train
5176,train
5177,train
5178,train
5179,train
5180,test
5181,test
5182,train
5183,test
5184,test
5185,test
5186,train
5187,test
5188,train
5189,train
5190,train
5191,validation
5192,train
5193,train
5194,validation
5195,train
5196,train
5197,train
5198,train
5199,train
5200,train
5201,test
5202,train
5203,train
5204,train
5205,test
5206,train
5207,train
5208,validation
5209,train
5210,train
5211,test
5212,test
5213,test
5214,test
5215,validation
5216,train
5217,train
5218,train
5219,validation
5220,train
5221,validation
5222,train
5223,validation
5224,test
5225,train
5226,train
5227,train
5228,validation
5229,train
5230,train
5231,train
5232,train
5233,validation
5234,test
5235,train
5236,train
5237,train
5238,train
5239,train
5240,validation
5241,train
5242,train
5243,train
5244,validation
5245,test
5246,train
5247,test
5248,train
5249,validation
5250,train
5251,validation
5252,validation
5253,validation
5254,train
5255,test
5256,train
5257,train
5258,validation
5259,test
5260,train
5261,train
5262,validation
5263,validation
5264,test
5265,train
5266,train
5267,train
5268,train
5269,train
5270,validation
5271,test
5272,train
5273,train
5274,train
5275,train
5276,test
5277,train
5278,train
5279,train
5280,test
5281,train
5282,validation
5283,train
5284,validation
5285,train
5286,test
5287,train
5288,train
5289,train
5290,validation
5291,train
5292,train
5293,train
5294,test
5295,test
5296,validation
5297,test
5298,train
5299,train
5300,train
5301,train
5302,validation
5303,train
5304,train
5305,test
5306,validation
5307,test
5308,train
5309,test
5310,test
5311,train
5312,test
5313,train
5314,train
5315,train
5316,validation
5317,train
5318,train
5319,validation
5320,train
5321,train
5322,train
5323,train
5324,validation
5325,test
5326,train
5327,train
5328,validation
5329,test
5330,test
5331,validation
5332,test
5333,test
5334,test
5335,train
5336,train
5337,train
5338,train
5339,validation
5340,test
5341,train
5342,train
5343,validation
5344,train
5345,train
5346,train
5347,train
5348,train
5349,train
5350,train
5351,validation
5352,test
5353,train
5354,train
5355,test
5356,train
5357,train
5358,train
5359,train
5360,train
5361,validation
5362,train
5363,train
5364,train
5365,train
5366,validation
5367,validation
5368,train
5369,train
5370,test
5371,train
5372,train
5373,train
5374,train
5375,train
5376,train
5377,train
5378,train
5379,test
5380,train
5381,test
5382,train
5383,train
5384,train
5385,train
5386,train
5387,train
5388,validation
5389,test
5390,test
5391,train
5392,train
5393,train
5394,test
5395,train
5396,validation
5397,test
5398,train
5399,train
5400,train
5401,train
5402,train
5403,train
5404,train
5405,train
5406,test
5407,train
5408,train
5409,test
5410,train
5411,train
5412,validation
5413,test
5414,train
5415,train
5416,train
5417,train
5418,train
5419,validation
5420,test
5421,validation
5422,validation
5423,validation
5424,train
5425,validation
5426,train
5427,test
5428,validation
5429,train
5430,validation
5431,train
5432,train
5433,test
5434,train
5435,test
5436,train
5437,test
5438,validation
5439,test
5440,validation
5441,validation
5442,validation
5443,validation
5444,train
5445,train
5446,train
5447,train
5448,train
5449,train
5450,train
5451,test
5452,validation
5453,validation
5454,test
5455,train
5456,validation
5457,train
5458,validation
5459,test
5460,test
5461,train
5462,train
5463,train
5464,test
5465,train
5466,train
5467,train
5468,train
5469,test
5470,validation
5471,train
5472,train
5473,train
5474,train
5475,validation
5476,test
5477,train
5478,train
5479,validation
5480,validation
5481,train
5482,train
5483,train
5484,train
5485,validation
5486,test
5487,train
5488,train
5489,train
5490,test
5491,validation
5492,train
5493,validation
5494,train
5495,train
5496,validation
5497,train
5498,train
5499,train
5500,train
5501,test
5502,train
5503,test
5504,train
5505,train
5506,test
5507,train
5508,train
5509,train
5510,train
5511,test
5512,train
5513,train
5514,train
5515,validation
5516,test
5517,train
5518,validation
5519,train
5520,train
5521,validation
5522,train
5523,test
5524,validation
5525,train
5526,train
5527,train
5528,train
5529,train
5530,train
5531,train
5532,train
5533,train
5534,train
5535,train
5536,train
5537,train
5538,test
5539,train
5540,test
5541,train
5542,test
5543,validation
5544,train
5545,train
5546,train
5547,validation
5548,train
5549,test
5550,train
5551,validation
5552,train
5553,train
5554,test
5555,train
5556,train
5557,train
5558,validation
5559,train
5560,train
5561,train
5562,test
5563,test
5564,train
5565,train
5566,validation
5567,validation
5568,test
5569,train
5570,train
5571,train
5572,test
5573,train
5574,test
5575,validation
5576,train
5577,train
5578,train
5579,test
5580,validation
5581,test
5582,validation
5583,test
5584,test
5585,train
5586,train
5587,train
5588,train
5589,train
5590,train
5591,test
5592,train
5593,validation
5594,train
5595,validation
5596,train
5597,train
5598,train
5599,validation
5600,train
5601,validation
5602,validation
5603,validation
5604,train
5605,train
5606,train
5607,validation
5608,train
5609,train
5610,train
5611,test
5612,train
5613,train
5614,train
5615,test
5616,train
5617,validation
5618,validation
5619,train
5620,train
5621,test
5622,validation
5623,train
5624,test
5625,train
5626,train
5627,train
5628,train
5629,train
5630,test
5631,test
5632,train
5633,train
5634,test
5635,validation
5636,test
5637,train
5638,validation
5639,test
5640,train
5641,train
5642,train
5643,train
5644,train
5645,train
5646,validation
5647,train
5648,test
5649,train
5650,train
5651,validation
5652,train
5653,train
5654,train
5655,validation
5656,validation
5657,train
5658,train
5659,validation
5660,train
5661,train
5662,train
5663,train
5664,train
5665,train
5666,validation
5667,validation
5668,test
5669,train
5670,train
5671,train
5672,train
5673,train
5674,train
5675,train
5676,train
5677,test
5678,train
5679,test
5680,train
5681,train
5682,validation
5683,train
5684,test
5685,test
5686,test
5687,train
5688,validation
5689,train
5690,test
5691,train
5692,train
5693,train
5694,validation
5695,train
5696,train
5697,train
5698,validation
5699,train
5700,train
5701,test
5702,train
5703,validation
5704,test
5705,train
5706,test
5707,validation
5708,train
5709,validation
5710,validation
5711,train
5712,train
5713,validation
5714,train
5715,train
5716,train
5717,train
5718,train
5719,train
5720,train
5721,train
5722,train
5723,train
5724,train
5725,test
5726,validation
5727,test
5728,train
5729,validation
5730,test
5731,test
5732,test
5733,train
5734,validation
5735,train
5736,train
5737,train
5738,test
5739,train
5740,train
5741,train
5742,validation
5743,test
5744,train
5745,train
5746,validation
5747,train
5748,train
5749,validation
5750,test
5751,train
5752,train
5753,train
5754,test
5755,train
5756,train
5757,train
5758,train
5759,train
5760,validation
5761,train
5762,validation
5763,validation
5764,train
5765,train
5766,train
5767,train
5768,train
5769,train
5770,validation
5771,test
5772,test
5773,train
5774,test
5775,test
5776,train
5777,train
5778,train
5779,train
5780,train
5781,train
5782,train
5783,validation
5784,validation
5785,test
5786,train
5787,validation
5788,train
5789,train
5790,train
5791,train
5792,train
5793,train
5794,train
5795,validation
5796,train
5797,train
5798,train
5799,train
5800,validation
5801,train
5802,train
5803,test
5804,test
5805,validation
5806,train
5807,validation
5808,test
5809,train
5810,test
5811,train
5812,test
5813,train
5814,train
5815,train
5816,train
5817,train
5818,train
5819,test
5820,train
5821,train
5822,test
5823,train
5824,validation
5825,validation
5826,test
5827,train
5828,train
5829,train
5830,test
5831,train
5832,train
5833,validation
5834,test
5835,test
5836,train
5837,train
5838,train
5839,validation
5840,test
5841,train
5842,train
5843,train
5844,validation
5845,train
5846,train
5847,validation
5848,train
5849,train
5850,train
5851,train
5852,train
5853,train
5854,test
5855,test
5856,test
5857,test
5858,train
5859,train
5860,test
5861,train
5862,train
5863,train
5864,train
5865,train
5866,train
5867,train
5868,train
5869,train
5870,train
5871,validation
5872,train
5873,train
5874,test
5875,validation
5876,train
5877,train
5878,validation
5879,train
5880,train
5881,train
5882,validation
5883,test
5884,train
5885,train
5886,train
5887,train
5888,train
5889,train
5890,train
5891,train
5892,train
5893,validation
5894,test
5895,validation
5896,validation
5897,train
5898,train
5899,train
5900,test
5901,train
5902,validation
5903,train
5904,train
5905,validation
5906,test
5907,train
5908,train
5909,train
5910,train
5911,train
5912,train
5913,test
5914,train
5915,test
5916,test
5917,train
5918,validation
5919,train
5920,validation
5921,validation
5922,validation
5923,train
5924,validation
5925,train
5926,train
5927,train
5928,validation
5929,validation
5930,validation
5931,train
5932,train
5933,test
5934,train
5935,train
5936,train
5937,train
5938,test
5939,train
5940,train
5941,validation
5942,test
5943,train
5944,train
5945,train
5946,train
5947,train
5948,test
5949,train
5950,train
5951,validation
5952,train
5953,train
5954,validation
5955,test
5956,train
5957,validation
5958,test
5959,validation
5960,train
5961,test
5962,train
5963,train
5964,train
5965,train
5966,train
5967,train
5968,train
5969,test
5970,validation
5971,test
5972,train
5973,train
5974,train
5975,validation
5976,train
5977,train
5978,train
5979,train
5980,train
5981,train
5982,validation
5983,train
5984,test
5985,train
5986,train
5987,train
5988,validation
5989,train
5990,validation
5991,train
5992,train
5993,train
5994,train
5995,train
5996,validation
5997,train
5998,train
5999,train
6000,test
6001,train
6002,train
6003,test
6004,train
6005,train
6006,train
6007,test
6008,validation
6009,train
6010,train
6011,train
6012,train
6013,train
6014,test
6015,train
6016,train
6017,train
6018,train
6019,train
6020,test
6021,train
6022,train
6023,train
6024,train
6025,train
6026,validation
6027,train
6028,train
6029,test
6030,validation
6031,train
6032,train
6033,validation
6034,test
6035,test
6036,validation
6037,train
6038,test
6039,train
6040,test
6041,train
6042,train
6043,test
6044,train
6045,test
6046,train
6047,train
6048,train
6049,test
6050,train
6051,train
6052,train
6053,test
6054,train
6055,train
6056,train
6057,validation
6058,train
6059,train
6060,train
6061,train
6062,train
6063,train
6064,test
6065,train
6066,train
6067,validation
6068,train
6069,validation
6070,train
6071,test
6072,test
6073,train
6074,train
6075,validation
6076,test
6077,train
6078,train
6079,validation
6080,test
6081,train
6082,test
6083,train
6084,train
6085,train
6086,train
6087,validation
6088,train
6089,train
6090,train
6091,train
6092,train
6093,test
6094,train
6095,train
6096,train
6097,test
6098,validation
6099,train
6100,train
6101,train
6102,validation
6103,validation
6104,test
6105,validation
6106,train
6107,test
6108,train
6109,train
6110,train
6111,train
6112,train
6113,train
6114,train
6115,validation
6116,train
6117,test
6118,train
6119,test
6120,validation
6121,train
6122,train
6123,test
6124,train
6125,train
6126,test
6127,train
6128,test
6129,train
6130,train
6131,validation
6132,train
6133,train
6134,validation
6135,test
6136,train
6137,validation
6138,test
6139,train
6140,train
6141,test
6142,test
6143,validation
6144,train
6145,test
6146,train
6147,train
6148,train
6149,train
6150,test
6151,test
6152,validation
6153,train
6154,validation
6155,train
6156,test
6157,validation
6158,train
6159,train
6160,train
6161,train
6162,validation
6163,test
6164,validation
6165,validation
6166,train
6167,train
6168,train
6169,train
6170,train
6171,train
6172,train
6173,train
6174,train
6175,train
6176,train
6177,train
6178,train
6179,train
6180,validation
6181,validation
6182,train
6183,train
6184,test
6185,test
6186,train
6187,train
6188,train
6189,train
6190,train
6191,train
6192,train
6193,train
6194,train
6195,test
6196,validation
6197,train
6198,train
6199,test
6200,test
6201,validation
6202,train
6203,train
6204,train
6205,validation
6206,test
6207,validation
6208,test
6209,train
6210,train
6211,train
6212,train
6213,train
6214,train
6215,train
6216,train
6217,train
6218,train
6219,test
6220,test
6221,train
6222,train
6223,train
6224,train
6225,train
6226,test
6227,validation
6228,validation
6229,train
6230,test
6231,train
6232,test
6233,train
6234,train
6235,train
6236,train
6237,train
6238,validation
6239,train
6240,train
6241,train
6242,train
6243,train
6244,train
6245,validation
6246,train
6247,validation
6248,test
6249,test
6250,test
6251,test
6252,test
6253,train
6254,train
6255,test
6256,train
6257,test
6258,train
6259,train
6260,train
6261,train
6262,train
6263,train
6264,train
6265,validation
6266,train
6267,train
6268,validation
6269,test
6270,test
6271,train
6272,train
6273,train
6274,train
6275,train
6276,train
6277,train
6278,train
6279,validation
6280,train
6281,validation
6282,train
6283,train
6284,validation
6285,train
6286,train
6287,train
6288,train
6289,train
6290,train
6291,validation
6292,test
6293,train
6294,validation
6295,train
6296,test
6297,test
6298,train
6299,train
6300,test
6301,validation
6302,train
6303,test
6304,train
6305,train
6306,validation
6307,train
6308,test
6309,test
6310,train
6311,validation
6312,test
6313,validation
6314,train
6315,test
6316,validation
6317,train
6318,validation
6319,validation
6320,validation
6321,train
6322,train
6323,validation
6324,train
6325,test
6326,train
6327,train
6328,test
6329,train
6330,train
6331,train
6332,train
6333,train
6334,test
6335,train
6336,train
6337,train
6338,train
6339,test
6340,train
6341,train
6342,train
6343,train
6344,validation
6345,train
6346,train
6347,test
6348,validation
6349,validation
6350,train
6351,train
6352,test
6353,test
6354,validation
6355,train
6356,test
6357,test
6358,train
6359,train
6360,validation
6361,validation
6362,train
6363,train
6364,validation
6365,train
6366,train
6367,train
6368,train
6369,validation
6370,train
6371,train
6372,validation
6373,train
6374,train
6375,train
6376,validation
6377,train
6378,validation
6379,train
6380,train
6381,validation
6382,train
6383,test
6384,train
6385,train
6386,test
6387,train
6388,train
6389,train
6390,train
6391,train
6392,train
6393,validation
6394,test
6395,test
6396,train
6397,train
6398,train
6399,train
6400,train
6401,train
6402,train
6403,train
6404,train
6405,train
6406,validation
6407,train
6408,validation
6409,train
6410,train
6411,train
6412,train
6413,train
6414,train
6415,validation
6416,train
6417,test
6418,train
6419,train
6420,train
6421,train
6422,train
6423,validation
6424,train
6425,train
6426,train
6427,validation
6428,train
6429,train
6430,train
6431,test
6432,train
6433,test
6434,train
6435,train
6436,train
6437,test
6438,train
6439,train
6440,train
6441,train
6442,validation
6443,validation
6444,validation
6445,test
6446,train
6447,train
6448,validation
6449,validation
6450,test
6451,test
6452,validation
6453,train
6454,validation
6455,test
6456,validation
6457,validation
6458,train
6459,test
6460,validation
6461,train
6462,train
6463,train
6464,train
6465,validation
6466,validation
6467,train
6468,train
6469,train
6470,train
6471,test
6472,test
6473,validation
6474,test
6475,test
6476,validation
6477,train
6478,train
6479,validation
6480,train
6481,train
6482,test
6483,train
6484,validation
6485,train
6486,train
6487,train
6488,validation
6489,train
6490,train
6491,validation
6492,test
6493,validation
6494,train
6495,validation
6496,validation
6497,validation
6498,train
6499,train
6500,train
6501,train
6502,train
6503,train
6504,validation
6505,train
6506,train
6507,validation
6508,train
6509,train
6510,validation
6511,validation
6512,test
6513,test
6514,train
6515,train
6516,train
6517,train
6518,train
6519,train
6520,validation
6521,train
6522,train
6523,train
6524,test
6525,train
6526,train
6527,validation
6528,train
6529,train
6530,test
6531,validation
6532,validation
6533,train
6534,train
6535,train
6536,test
6537,train
6538,test
6539,train
6540,validation
6541,train
6542,validation
6543,test
6544,test
6545,train
6546,validation
6547,validation
6548,validation
6549,train
6550,train
6551,train
6552,train
6553,test
6554,validation
6555,train
6556,validation
6557,train
6558,train
6559,train
6560,test
6561,train
6562,test
6563,validation
6564,test
6565,train
6566,train
6567,train
6568,validation
6569,train
6570,train
6571,train
6572,train
6573,test
6574,train
6575,validation
6576,train
6577,validation
6578,test
6579,validation
6580,test
6581,validation
6582,test
6583,test
6584,train
6585,train
6586,train
6587,train
6588,train
6589,train
6590,train
6591,train
6592,train
6593,test
6594,train
6595,validation
6596,train
6597,test
6598,validation
6599,train
6600,train
6601,train
6602,test
6603,train
6604,train
6605,train
6606,train
6607,test
6608,validation
6609,validation
6610,test
6611,test
6612,train
6613,validation
6614,validation
6615,test
6616,train
6617,train
6618,validation
6619,train
6620,train
6621,test
6622,train
6623,train
6624,train
6625,test
6626,train
6627,train
6628,validation
6629,train
6630,test
6631,train
6632,train
6633,validation
6634,train
6635,train
6636,train
6637,train
6638,train
6639,train
6640,validation
6641,train
6642,train
6643,train
6644,train
6645,train
6646,train
6647,test
6648,train
6649,train
6650,validation
6651,train
6652,train
6653,validation
6654,test
6655,test
6656,validation
6657,train
6658,test
6659,train
6660,train
6661,test
6662,validation
6663,train
6664,test
6665,test
6666,test
6667,test
6668,train
6669,validation
6670,train
6671,validation
6672,train
6673,train
6674,train
6675,train
6676,test
6677,test
6678,train
6679,test
6680,train
6681,train
6682,train
6683,validation
6684,validation
6685,validation
6686,train
6687,train
6688,train
6689,validation
6690,train
6691,train
6692,test
6693,train
6694,validation
6695,validation
6696,train
6697,train
6698,train
6699,train
6700,train
6701,validation
6702,train
6703,train
6704,validation
6705,train
6706,validation
6707,train
6708,train
6709,test
6710,train
6711,train
6712,train
6713,train
6714,validation
6715,validation
6716,validation
6717,validation
6718,train
6719,validation
6720,train
6721,train
6722,train
6723,train
6724,validation
6725,train
6726,train
6727,test
6728,train
6729,train
6730,train
6731,train
6732,train
6733,test
6734,train
6735,train
6736,validation
6737,train
6738,validation
6739,train
6740,train
6741,train
6742,test
6743,test
6744,validation
6745,train
6746,train
6747,train
6748,train
6749,train
6750,validation
6751,train
6752,train
6753,train
6754,validation
6755,train
6756,test
6757,validation
6758,validation
6759,validation
6760,train
6761,test
6762,test
6763,train
6764,test
6765,train
6766,train
6767,train
6768,validation
6769,validation
6770,train
6771,train
6772,train
6773,test
6774,validation
6775,train
6776,validation
6777,train
6778,test
6779,train
6780,validation
6781,validation
6782,test
6783,train
6784,train
6785,test
6786,train
6787,validation
6788,train
6789,test
6790,train
6791,train
6792,validation
6793,validation
6794,test
6795,train
6796,train
6797,train
6798,train
6799,train
6800,train
6801,train
6802,validation
6803,train
6804,train
6805,train
6806,train
6807,validation
6808,train
6809,train
6810,validation
6811,train
6812,validation
6813,train
6814,validation
6815,validation
6816,train
6817,validation
6818,train
6819,train
6820,train
6821,test
6822,train
6823,validation
6824,test
6825,train
6826,train
6827,test
6828,test
6829,test
6830,validation
6831,train
6832,train
6833,train
6834,train
6835,train
6836,train
6837,test
6838,train
6839,validation
6840,train
6841,train
6842,test
6843,train
6844,test
6845,train
6846,test
6847,train
6848,train
6849,validation
6850,validation
6851,train
6852,train
6853,train
6854,test
6855,test
6856,train
6857,validation
6858,test
6859,validation
6860,train
6861,test
6862,train
6863,train
6864,train
6865,validation
6866,validation
6867,train
6868,train
6869,train
6870,validation
6871,test
6872,test
6873,test
6874,train
6875,train
6876,train
6877,train
6878,validation
6879,train
6880,test
6881,train
6882,train
6883,train
6884,validation
6885,train
6886,validation
6887,test
6888,test
6889,train
6890,validation
6891,train
6892,train
6893,validation
6894,test
6895,validation
6896,train
6897,train
6898,train
6899,test
6900,validation
6901,validation
6902,validation
6903,train
6904,train
6905,test
6906,train
6907,train
6908,validation
6909,train
6910,train
6911,test
6912,train
6913,validation
6914,validation
6915,train
6916,train
6917,test
6918,train
6919,train
6920,test
6921,train
6922,train
6923,train
6924,train
6925,test
6926,test
6927,train
6928,test
6929,train
6930,train
6931,train
6932,train
6933,validation
6934,validation
6935,validation
6936,train
6937,test
6938,validation
6939,test
6940,test
6941,train
6942,validation
6943,train
6944,train
6945,test
6946,train
6947,train
6948,train
6949,train
6950,test
6951,train
6952,train
6953,train
6954,test
6955,train
6956,train
6957,test
6958,test
6959,validation
6960,train
6961,test
6962,train
6963,train
6964,train
6965,train
6966,train
6967,train
6968,train
6969,validation
6970,test
6971,train
6972,validation
6973,validation
6974,train
6975,test
6976,train
6977,validation
6978,train
6979,train
6980,validation
6981,validation
6982,train
6983,train
6984,train
6985,test
6986,train
6987,validation
6988,validation
6989,test
6990,test
6991,train
6992,train
6993,validation
6994,train
6995,train
6996,train
6997,validation
6998,train
6999,test
7000,train
7001,test
7002,train
7003,validation
7004,train
7005,test
7006,train
7007,train
7008,validation
7009,train
7010,test
7011,train
7012,train
7013,test
7014,test
7015,train
7016,train
7017,train
7018,train
7019,test
7020,train
7021,train
7022,test
7023,train
7024,validation
7025,train
7026,train
7027,train
7028,train
7029,train
7030,train
7031,test
7032,train
7033,train
7034,train
7035,train
7036,test
7037,train
7038,train
7039,validation
7040,validation
7041,train
7042,test
7043,train
7044,test
7045,train
7046,train
7047,test
7048,train
7049,train
7050,train
7051,train
7052,validation
7053,train
7054,train
7055,train
7056,train
7057,test
7058,test
7059,train
7060,train
7061,train
7062,train
7063,test
7064,test
7065,train
7066,train
7067,train
7068,train
7069,test
7070,train
7071,train
7072,train
7073,validation
7074,train
7075,train
7076,train
7077,validation
7078,train
7079,train
7080,validation
7081,validation
7082,validation
7083,train
7084,train
7085,validation
7086,train
7087,validation
7088,test
7089,validation
7090,train
7091,train
7092,test
7093,train
7094,train
7095,train
7096,test
7097,test
7098,validation
7099,train
7100,train
7101,validation
7102,train
7103,test
7104,train
7105,train
7106,validation
7107,test
7108,train
7109,train
7110,validation
7111,test
7112,train
7113,train
7114,train
7115,validation
7116,validation
7117,train
7118,validation
7119,test
7120,validation
7121,test
7122,train
7123,train
7124,train
7125,validation
7126,train
7127,validation
7128,train
7129,validation
7130,test
7131,train
7132,train
7133,test
7134,train
7135,train
7136,train
7137,train
7138,train
7139,validation
7140,test
7141,validation
7142,train
7143,train
7144,train
7145,test
7146,train
7147,validation
7148,test
7149,test
7150,validation
7151,train
7152,test
7153,train
7154,train
7155,validation
7156,train
7157,train
7158,validation
7159,train
7160,validation
7161,train
7162,train
7163,train
7164,test
7165,train
7166,test
7167,train
7168,train
7169,train
7170,validation
7171,test
7172,validation
7173,test
7174,train
7175,train
7176,train
7177,train
7178,test
7179,test
7180,train
7181,validation
7182,train
7183,train
7184,validation
7185,train
7186,test
7187,train
7188,train
7189,train
7190,validation
7191,test
7192,train
7193,train
7194,train
7195,train
7196,train
7197,validation
7198,test
7199,validation
7200,validation
7201,train
7202,train
7203,validation
7204,train
7205,train
7206,test
7207,train
7208,train
7209,train
7210,test
7211,train
7212,train
7213,validation
7214,train
7215,train
7216,train
7217,train
7218,train
7219,train
7220,train
7221,train
7222,train
7223,train
7224,train
7225,train
7226,test
7227,train
7228,train
7229,train
7230,train
7231,validation
7232,train
7233,train
7234,test
7235,train
7236,train
7237,validation
7238,train
7239,train
7240,train
7241,train
7242,test
7243,test
7244,test
7245,train
7246,test
7247,train
7248,train
7249,train
7250,train
7251,validation
7252,train
7253,train
7254,train
7255,train
7256,validation
7257,validation
7258,test
7259,train
7260,train
7261,train
7262,validation
7263,test
7264,train
7265,train
7266,test
7267,validation
7268,validation
7269,validation
7270,validation
7271,validation
7272,train
7273,train
7274,train
7275,train
7276,validation
7277,test
7278,test
7279,train
7280,train
7281,test
7282,train
7283,train
7284,train
7285,test
7286,train
7287,train
7288,validation
7289,test
7290,train
7291,train
7292,train
7293,train
7294,validation
7295,train
7296,test
7297,train
7298,train
7299,validation
7300,validation
7301,test
7302,train
7303,train
7304,test
7305,train
7306,train
7307,train
7308,test
7309,train
7310,train
7311,train
7312,train
7313,train
7314,validation
7315,train
7316,validation
7317,train
7318,test
7319,test
7320,validation
7321,validation
7322,validation
7323,train
7324,train
7325,train
7326,train
7327,train
7328,test
7329,validation
7330,validation
7331,train
7332,train
7333,test
7334,train
7335,train
7336,train
7337,validation
7338,test
7339,train
7340,train
7341,test
7342,train
7343,train
7344,train
7345,test
7346,train
7347,train
7348,test
7349,train
7350,test
7351,validation
7352,test
7353,validation
7354,train
7355,train
7356,test
7357,train
7358,test
7359,test
7360,train
7361,train
7362,validation
7363,train
7364,train
7365,validation
7366,train
7367,test
7368,train
7369,train
7370,train
7371,validation
7372,train
7373,train
7374,test
7375,validation
7376,train
7377,train
7378,train
7379,train
7380,validation
7381,validation
7382,train
7383,test
7384,train
7385,train
7386,test
7387,validation
7388,train
7389,test
7390,test
7391,validation
7392,train
7393,train
7394,train
7395,test
7396,test
7397,validation
7398,validation
7399,train
7400,train
7401,train
7402,validation
7403,validation
7404,validation
7405,test
7406,train
7407,train
7408,validation
7409,train
7410,test
7411,test
7412,train
7413,validation
7414,train
7415,test
7416,train
7417,test
7418,validation
7419,train
7420,train
7421,train
7422,train
7423,train
7424,train
7425,validation
7426,train
7427,validation
7428,validation
7429,train
7430,train
7431,train
7432,train
7433,validation
7434,validation
7435,validation
7436,test
7437,train
7438,validation
7439,train
7440,validation
7441,train
7442,train
7443,train
7444,train
7445,train
7446,train
7447,train
7448,validation
7449,train
7450,test
7451,train
7452,validation
7453,train
7454,train
7455,train
7456,validation
7457,train
7458,train
7459,test
7460,train
7461,train
7462,train
7463,train
7464,test
7465,train
7466,validation
7467,train
7468,train
7469,validation
7470,validation
7471,validation
7472,test
7473,train
7474,train
7475,train
7476,train
7477,validation
7478,validation
7479,test
7480,validation
7481,test
7482,validation
7483,train
7484,validation
7485,validation
7486,validation
7487,train
7488,train
7489,train
7490,train
7491,train
7492,train
7493,test
7494,test
7495,test
7496,train
7497,train
7498,train
7499,validation
7500,validation
7501,validation
7502,train
7503,validation
7504,validation
7505,test
7506,test
7507,train
7508,train
7509,train
7510,validation
7511,train
7512,test
7513,train
7514,validation
7515,validation
7516,train
7517,train
7518,train
7519,test
7520,validation
7521,validation
7522,train
7523,train
7524,train
7525,validation
7526,train
7527,validation
7528,train
7529,train
7530,train
7531,validation
7532,train
7533,validation
7534,train
7535,train
7536,train
7537,train
7538,train
7539,test
7540,train
7541,train
7542,train
7543,validation
7544,train
7545,validation
7546,train
7547,train
7548,train
7549,train
7550,train
7551,validation
7552,test
7553,test
7554,test
7555,test
7556,train
7557,train
7558,test
7559,validation
7560,train
7561,train
7562,validation
7563,validation
7564,validation
7565,validation
7566,train
7567,train
7568,validation
7569,train
7570,train
7571,validation
7572,train
7573,validation
7574,train
7575,train
7576,test
7577,train
7578,test
7579,test
7580,validation
7581,validation
7582,validation
7583,test
7584,train
7585,validation
7586,test
7587,validation
7588,train
7589,validation
7590,train
7591,train
7592,validation
7593,train
7594,train
7595,train
7596,test
7597,train
7598,validation
7599,train
7600,test
7601,train
7602,train
7603,validation
7604,train
7605,train
7606,test
7607,validation
7608,test
7609,train
7610,train
7611,train
7612,validation
7613,train
7614,validation
7615,train
7616,train
7617,validation
7618,test
7619,train
7620,train
7621,validation
7622,train
7623,test
7624,validation
7625,train
7626,validation
7627,validation
7628,test
7629,train
7630,validation
7631,test
7632,test
7633,train
7634,train
7635,train
7636,train
7637,train
7638,test
7639,train
7640,validation
7641,test
7642,train
7643,train
7644,train
7645,validation
7646,train
7647,train
7648,train
7649,validation
7650,train
7651,test
7652,test
7653,train
7654,train
7655,test
7656,train
7657,test
7658,train
7659,test
7660,train
7661,train
7662,train
7663,train
7664,train
7665,test
7666,train
7667,test
7668,train
7669,train
7670,train
7671,train
7672,train
7673,train
7674,train
7675,test
7676,validation
7677,validation
7678,train
7679,train
7680,train
7681,train
7682,train
7683,train
7684,test
7685,train
7686,train
7687,train
7688,train
7689,test
7690,validation
7691,validation
7692,test
7693,train
7694,train
7695,train
7696,test
7697,train
7698,train
7699,train
7700,train
7701,train
7702,train
7703,train
7704,validation
7705,train
7706,train
7707,train
7708,validation
7709,test
7710,train
7711,validation
7712,train
7713,train
7714,validation
7715,train
7716,train
7717,validation
7718,validation
7719,train
7720,train
7721,train
7722,validation
7723,train
7724,train
7725,train
7726,test
7727,train
7728,train
7729,train
7730,train
7731,train
7732,train
7733,train
7734,train
7735,test
7736,test
7737,test
7738,validation
7739,test
7740,validation
7741,train
7742,validation
7743,test
7744,train
7745,train
7746,test
7747,test
7748,train
7749,train
7750,train
7751,test
7752,train
7753,test
7754,train
7755,train
7756,train
7757,train
7758,train
7759,validation
7760,validation
7761,validation
7762,train
7763,train
7764,train
7765,train
7766,test
7767,train
7768,train
7769,train
7770,train
7771,train
7772,train
7773,train
7774,train
7775,validation
7776,train
7777,test
7778,train
7779,train
7780,validation
7781,train
7782,train
7783,train
7784,train
7785,validation
7786,test
7787,train
7788,test
7789,train
7790,train
7791,train
7792,train
7793,test
7794,train
7795,train
7796,train
7797,test
7798,test
7799,test
7800,train
7801,train
7802,test
7803,train
7804,test
7805,train
7806,train
7807,train
7808,train
7809,train
7810,validation
7811,train
7812,train
7813,train
7814,test
7815,validation
7816,train
7817,validation
7818,train
7819,train
7820,train
7821,train
7822,train
7823,test
7824,train
7825,train
7826,train
7827,validation
7828,train
7829,train
7830,test
7831,validation
7832,test
7833,validation
7834,validation
7835,validation
7836,train
7837,train
7838,validation
7839,validation
7840,train
7841,train
7842,train
7843,train
7844,train
7845,test
7846,train
7847,validation
7848,train
7849,test
7850,validation
7851,train
7852,test
7853,train
7854,train
7855,validation
7856,train
7857,train
7858,train
7859,test
7860,train
7861,train
7862,train
7863,validation
7864,train
7865,train
7866,validation
7867,test
7868,validation
7869,test
7870,train
7871,train
7872,train
7873,test
7874,validation
7875,test
7876,train
7877,test
7878,test
7879,train
7880,validation
7881,train
7882,train
7883,train
7884,train
7885,train
7886,test
7887,train
7888,train
7889,test
7890,validation
7891,train
7892,train
7893,test
7894,train
7895,train
7896,train
7897,validation
7898,train
7899,train
7900,train
7901,train
7902,validation
7903,train
7904,test
7905,validation
7906,train
7907,validation
7908,test
7909,train
7910,train
7911,train
7912,train
7913,test
7914,train
7915,test
7916,train
7917,train
7918,test
7919,train
7920,train
7921,validation
7922,test
7923,validation
7924,validation
7925,test
7926,validation
7927,test
7928,test
7929,train
7930,validation
7931,train
7932,train
7933,train
7934,train
7935,test
7936,test
7937,train
7938,test
7939,validation
7940,train
7941,train
7942,test
7943,train
7944,train
7945,validation
7946,train
7947,test
7948,validation
7949,validation
7950,train
7951,train
7952,train
7953,validation
7954,test
7955,train
7956,validation
7957,train
7958,train
7959,train
7960,train
7961,train
7962,train
7963,train
7964,train
7965,train
7966,validation
7967,train
7968,train
7969,train
7970,train
7971,train
7972,train
7973,validation
7974,train
7975,test
7976,test
7977,validation
7978,validation
7979,test
7980,validation
7981,train
7982,train
7983,train
7984,test
7985,train
7986,train
7987,validation
7988,train
7989,test
7990,train
7991,validation
7992,train
7993,test
7994,train
7995,test
7996,train
7997,validation
7998,validation
7999,validation
8000,train
8001,train
8002,validation
8003,validation
8004,test
8005,train
8006,test
8007,validation
8008,validation
8009,train
8010,train
8011,validation
8012,validation
8013,validation
8014,validation
8015,train
8016,train
8017,train
8018,train
8019,train
8020,train
8021,train
8022,train
8023,train
8024,test
8025,train
8026,train
8027,test
8028,train
8029,test
8030,train
8031,train
8032,test
8033,validation
8034,test
8035,train
8036,test
8037,train
8038,test
8039,train
8040,train
8041,test
8042,train
8043,validation
8044,train
8045,train
8046,train
8047,train
8048,validation
8049,train
8050,validation
8051,validation
8052,train
8053,train
8054,train
8055,test
8056,train
8057,train
8058,train
8059,train
8060,train
8061,train
8062,train
8063,train
8064,validation
8065,train
8066,train
8067,train
8068,test
8069,validation
8070,validation
8071,validation
8072,validation
8073,test
8074,validation
8075,train
8076,train
8077,train
8078,train
8079,train
8080,train
8081,test
8082,train
8083,train
8084,train
8085,validation
8086,train
8087,validation
8088,test
8089,train
8090,train
8091,train
8092,train
8093,test
8094,validation
8095,train
8096,train
8097,train
8098,validation
8099,validation
8100,train
8101,train
8102,train
8103,train
8104,test
8105,train
8106,train
8107,train
8108,train
8109,train
8110,train
8111,validation
8112,train
8113,validation
8114,train
8115,validation
8116,test
8117,train
8118,train
8119,train
8120,train
8121,validation
8122,train
8123,train
8124,train
8125,test
8126,train
8127,train
8128,train
8129,train
8130,train
8131,test
8132,train
8133,validation
8134,train
8135,train
8136,validation
8137,test
8138,train
8139,test
8140,validation
8141,test
8142,test
8143,train
8144,test
8145,train
8146,validation
8147,train
8148,train
8149,test
8150,test
8151,train
8152,train
8153,train
8154,test
8155,train
8156,train
8157,train
8158,test
8159,train
8160,train
8161,validation
8162,test
8163,train
8164,train
8165,train
8166,validation
8167,train
8168,train
8169,train
8170,test
8171,train
8172,train
8173,test
8174,train
8175,train
8176,validation
8177,train
8178,train
8179,train
8180,test
8181,test
8182,train
8183,train
8184,train
8185,train
8186,validation
8187,train
8188,train
8189,validation
8190,train
8191,train
8192,train
8193,train
8194,train
8195,train
8196,train
8197,test
8198,test
8199,train
8200,validation
8201,validation
8202,train
8203,train
8204,train
8205,train
8206,train
8207,train
8208,train
8209,validation
8210,train
8211,validation
8212,train
8213,train
8214,validation
8215,train
8216,train
8217,train
8218,train
8219,train
8220,train
8221,test
8222,train
8223,train
8224,test
8225,test
8226,validation
8227,test
8228,train
8229,train
8230,train
8231,train
8232,validation
8233,train
8234,test
8235,test
8236,train
8237,train
8238,validation
8239,train
8240,train
8241,train
8242,test
8243,validation
8244,test
8245,validation
8246,train
8247,train
8248,train
8249,train
8250,train
8251,train
8252,train
8253,test
8254,train
8255,validation
8256,train
8257,train
8258,train
8259,validation
8260,test
8261,train
8262,validation
8263,train
8264,test
8265,test
8266,validation
8267,validation
8268,validation
8269,train
8270,train
8271,test
8272,train
8273,train
8274,train
8275,test
8276,train
8277,validation
8278,train
8279,train
8280,train
8281,train
8282,train
8283,test
8284,train
8285,train
8286,validation
8287,train
8288,train
8289,validation
8290,train
8291,train
8292,train
8293,test
8294,train
8295,test
8296,train
8297,test
8298,test
8299,train
8300,train
8301,train
8302,train
8303,test
8304,validation
8305,validation
8306,train
8307,validation
8308,validation
8309,train
8310,test
8311,train
8312,test
8313,train
8314,train
8315,train
8316,test
8317,train
8318,train
8319,validation
8320,validation
8321,train
8322,validation
8323,train
8324,train
8325,validation
8326,train
8327,validation
8328,train
8329,test
8330,train
8331,train
8332,train
8333,train
8334,validation
8335,validation
8336,validation
8337,test
8338,train
8339,train
8340,train
8341,train
8342,train
8343,train
8344,train
8345,train
8346,train
8347,train
8348,train
8349,test
8350,test
8351,test
8352,test
8353,train
8354,validation
8355,train
8356,train
8357,validation
8358,train
8359,validation
8360,train
8361,train
8362,validation
8363,test
8364,validation
8365,train
8366,test
8367,train
8368,test
8369,validation
8370,train
8371,train
8372,train
8373,train
8374,train
8375,test
8376,test
8377,train
8378,train
8379,train
8380,train
8381,validation
8382,test
8383,validation
8384,validation
8385,train
8386,test
8387,test
8388,train
8389,validation
8390,validation
8391,validation
8392,train
8393,test
8394,train
8395,validation
8396,train
8397,test
8398,train
8399,train
8400,train
8401,validation
8402,test
8403,train
8404,train
8405,test
8406,train
8407,train
8408,train
8409,validation
8410,train
8411,train
8412,train
8413,train
8414,validation
8415,validation
8416,validation
8417,test
8418,validation
8419,train
8420,validation
8421,test
8422,train
8423,validation
8424,train
8425,train
8426,validation
8427,validation
8428,train
8429,test
8430,test
8431,test
8432,validation
8433,train
8434,validation
8435,validation
8436,test
8437,train
8438,train
8439,train
8440,test
8441,train
8442,test
8443,validation
8444,test
8445,train
8446,validation
8447,test
8448,train
8449,train
8450,train
8451,train
8452,train
8453,test
8454,test
8455,validation
8456,train
8457,train
8458,train
8459,train
8460,train
8461,validation
8462,train
8463,train
8464,test
8465,train
8466,train
8467,train
8468,train
8469,train
8470,train
8471,train
8472,test
8473,validation
8474,train
8475,test
8476,train
8477,test
8478,train
8479,train
8480,train
8481,train
8482,test
8483,train
8484,train
8485,test
8486,train
8487,test
8488,validation
8489,train
8490,train
8491,train
8492,validation
8493,train
8494,train
8495,validation
8496,train
8497,train
8498,train
8499,train
8500,train
8501,train
8502,train
8503,validation
8504,validation
8505,validation
8506,validation
8507,test
8508,test
8509,train
8510,train
8511,validation
8512,test
8513,train
8514,train
8515,test
8516,train
8517,train
8518,train
8519,test
8520,train
8521,train
8522,validation
8523,test
8524,test
8525,train
8526,train
8527,validation
8528,train
8529,train
8530,validation
8531,train
8532,train
8533,test
8534,train
8535,test
8536,test
8537,train
8538,train
8539,train
8540,test
8541,train
8542,test
8543,train
8544,validation
8545,test
8546,train
8547,train
8548,train
8549,test
8550,train
8551,train
8552,test
8553,train
8554,train
8555,train
8556,train
8557,train
8558,validation
8559,validation
8560,train
8561,train
8562,validation
8563,validation
8564,test
8565,test
8566,train
8567,test
8568,train
8569,train
8570,train
8571,train
8572,train
8573,train
8574,train
8575,train
8576,train
8577,train
8578,train
8579,test
8580,train
8581,train
8582,validation
8583,validation
8584,train
8585,test
8586,train
8587,validation
8588,train
8589,train
8590,train
8591,train
8592,train
8593,validation
8594,train
8595,train
8596,train
8597,test
8598,validation
8599,train
8600,validation
8601,train
8602,train
8603,validation
8604,validation
8605,train
8606,validation
8607,train
8608,train
8609,train
8610,test
8611,train
8612,train
8613,train
8614,train
8615,train
8616,train
8617,train
8618,train
8619,train
8620,train
8621,train
8622,train
8623,train
8624,train
8625,validation
8626,train
8627,train
8628,train
8629,train
8630,train
8631,train
8632,validation
8633,test
8634,train
8635,train
8636,validation
8637,train
8638,test
8639,train
8640,train
8641,validation
8642,train
8643,train
8644,test
8645,test
8646,train
8647,test
8648,train
8649,train
8650,train
8651,train
8652,validation
8653,train
8654,validation
8655,train
8656,train
8657,validation
8658,test
8659,test
8660,train
8661,train
8662,test
8663,train
8664,train
8665,test
8666,train
8667,train
8668,train
8669,test
8670,train
8671,validation
8672,test
8673,validation
8674,validation
8675,train
8676,train
8677,train
8678,train
8679,validation
8680,train
8681,train
8682,test
8683,validation
8684,test
8685,test
8686,test
8687,train
8688,validation
8689,train
8690,test
8691,train
8692,train
8693,test
8694,train
8695,validation
8696,test
8697,train
8698,train
8699,validation
8700,test
8701,test
8702,train
8703,train
8704,train
8705,validation
8706,train
8707,validation
8708,test
8709,test
8710,test
8711,train
8712,train
8713,train
8714,train
8715,train
8716,train
8717,test
8718,train
8719,test
8720,test
8721,train
8722,train
8723,validation
8724,test
8725,train
8726,train
8727,test
8728,train
8729,test
8730,train
8731,train
8732,train
8733,train
8734,train
8735,train
8736,train
8737,train
8738,validation
8739,test
8740,train
8741,test
8742,test
8743,test
8744,train
8745,test
8746,train
8747,train
8748,train
8749,train
8750,test
8751,train
8752,train
8753,validation
8754,train
8755,train
8756,validation
8757,train
8758,train
8759,validation
8760,train
8761,train
8762,train
8763,test
8764,test
8765,test
8766,train
8767,train
8768,validation
8769,train
8770,validation
8771,test
8772,validation
8773,train
8774,train
8775,test
8776,validation
8777,train
8778,train
8779,train
8780,train
8781,train
8782,test
8783,train
8784,train
8785,test
8786,train
8787,train
8788,train
8789,train
8790,train
8791,train
8792,test
8793,test
8794,train
8795,test
8796,validation
8797,train
8798,validation
8799,train
8800,train
8801,validation
8802,train
8803,test
8804,validation
8805,validation
8806,train
8807,validation
8808,validation
8809,train
8810,train
8811,validation
8812,train
8813,train
8814,train
8815,test
8816,train
8817,validation
8818,test
8819,train
8820,train
8821,train
8822,test
8823,test
8824,validation
8825,validation
8826,train
8827,train
8828,test
8829,train
8830,train
8831,validation
8832,test
8833,train
8834,test
8835,test
8836,validation
8837,train
8838,validation
8839,validation
8840,train
8841,test
8842,validation
8843,validation
8844,validation
8845,test
8846,test
8847,test
8848,validation
8849,validation
8850,train
8851,train
8852,train
8853,train
8854,train
8855,train
8856,validation
8857,train
8858,train
8859,test
8860,train
8861,validation
8862,train
8863,test
8864,train
8865,test
8866,test
8867,train
8868,train
8869,validation
8870,test
8871,train
8872,train
8873,train
8874,validation
8875,train
8876,test
8877,train
8878,train
8879,train
8880,train
8881,train
8882,test
8883,train
8884,test
8885,train
8886,validation
8887,validation
8888,validation
8889,train
8890,test
8891,train
8892,test
8893,train
8894,train
8895,test
8896,test
8897,train
8898,validation
8899,train
8900,validation
8901,test
8902,test
8903,validation
8904,train
8905,test
8906,train
8907,test
8908,test
8909,train
8910,validation
8911,train
8912,train
8913,train
8914,train
8915,validation
8916,train
8917,train
8918,train
8919,train
8920,test
8921,train
8922,train
8923,train
8924,train
8925,train
8926,validation
8927,test
8928,test
8929,validation
8930,train
8931,train
8932,validation
8933,test
8934,test
8935,test
8936,train
8937,train
8938,test
8939,train
8940,validation
8941,test
8942,train
8943,train
8944,train
8945,train
8946,train
8947,train
8948,test
8949,train
8950,train
8951,test
8952,train
8953,train
8954,train
8955,train
8956,train
8957,test
8958,train
8959,test
8960,test
8961,train
8962,train
8963,train
8964,test
8965,train
8966,train
8967,train
8968,train
8969,train
8970,train
8971,validation
8972,test
8973,train
8974,test
8975,train
8976,validation
8977,train
8978,validation
8979,validation
8980,train
8981,train
8982,train
8983,validation
8984,test
8985,train
8986,train
8987,train
8988,train
8989,train
8990,train
8991,train
8992,train
8993,train
8994,test
8995,train
8996,train
8997,train
8998,train
8999,train
9000,test
9001,test
9002,test
9003,train
9004,test
9005,train
9006,train
9007,test
9008,train
9009,train
9010,test
9011,test
9012,train
9013,train
9014,test
9015,test
9016,train
9017,train
9018,validation
9019,validation
9020,test
9021,train
9022,train
9023,train
9024,validation
9025,train
9026,test
9027,train
9028,train
9029,train
9030,test
9031,test
9032,train
9033,validation
9034,train
9035,validation
9036,train
9037,validation
9038,validation
9039,train
9040,test
9041,test
9042,test
9043,train
9044,train
9045,test
9046,train
9047,validation
9048,train
9049,validation
9050,train
9051,train
9052,test
9053,validation
9054,train
9055,train
9056,train
9057,validation
9058,train
9059,train
9060,train
9061,validation
9062,train
9063,test
9064,train
9065,train
9066,train
9067,test
9068,train
9069,train
9070,validation
9071,validation
9072,validation
9073,train
9074,test
9075,train
9076,test
9077,train
9078,train
9079,test
9080,train
9081,validation
9082,train
9083,train
9084,train
9085,train
9086,train
9087,train
9088,test
9089,test
9090,train
9091,validation
9092,test
9093,validation
9094,validation
9095,validation
9096,train
9097,train
9098,validation
9099,train
9100,train
9101,test
9102,train
9103,train
9104,train
9105,train
9106,train
9107,train
9108,test
9109,test
9110,train
9111,train
9112,test
9113,train
9114,train
9115,validation
9116,validation
9117,train
9118,validation
9119,test
9120,validation
9121,validation
9122,train
9123,train
9124,train
9125,train
9126,test
9127,train
9128,train
9129,validation
9130,test
9131,validation
9132,train
9133,train
9134,test
9135,train
9136,train
9137,validation
9138,train
9139,train
9140,validation
9141,train
9142,train
9143,train
9144,test
9145,train
9146,train
9147,validation
9148,train
9149,validation
9150,train
9151,validation
9152,train
9153,test
9154,train
9155,validation
9156,train
9157,train
9158,train
9159,train
9160,train
9161,train
9162,validation
9163,train
9164,test
9165,train
9166,validation
9167,train
9168,train
9169,test
9170,train
9171,validation
9172,test
9173,validation
9174,train
9175,train
9176,test
9177,train
9178,train
9179,train
9180,train
9181,validation
9182,validation
9183,validation
9184,test
9185,validation
9186,validation
9187,validation
9188,train
9189,train
9190,train
9191,train
9192,train
9193,test
9194,train
9195,validation
9196,test
9197,test
9198,validation
9199,train
9200,validation
9201,train
9202,test
9203,train
9204,test
9205,train
9206,test
9207,train
9208,test
9209,test
9210,train
9211,test
9212,test
9213,train
9214,train
9215,train
9216,train
9217,test
9218,train
9219,train
9220,train
9221,train
9222,train
9223,validation
9224,train
9225,test
9226,train
9227,train
9228,train
9229,train
9230,validation
9231,train
9232,train
9233,train
9234,test
9235,train
9236,train
9237,train
9238,train
9239,test
9240,test
9241,train
9242,validation
9243,test
9244,test
9245,test
9246,test
9247,validation
9248,train
9249,validation
9250,train
9251,train
9252,test
9253,test
9254,train
9255,validation
9256,train
9257,validation
9258,test
9259,test
9260,validation
9261,train
9262,train
9263,test
9264,train
9265,train
9266,train
9267,train
9268,train
9269,train
9270,validation
9271,test
9272,test
9273,train
9274,train
9275,test
9276,train
9277,test
9278,train
9279,train
9280,validation
9281,train
9282,train
9283,train
9284,validation
9285,train
9286,train
9287,validation
9288,test
9289,test
9290,train
9291,train
9292,train
9293,validation
9294,validation
9295,validation
9296,test
9297,train
9298,test
9299,test
9300,validation
9301,train
9302,train
9303,validation
9304,train
9305,train
9306,test
9307,validation
9308,test
9309,train
9310,train
9311,train
9312,train
9313,train
9314,train
9315,test
9316,train
9317,train
9318,train
9319,train
9320,train
9321,train
9322,train
9323,validation
9324,train
9325,test
9326,train
9327,test
9328,validation
9329,train
9330,train
9331,train
9332,train
9333,test
9334,train
9335,train
9336,train
9337,train
9338,validation
9339,train
9340,train
9341,validation
9342,train
9343,train
9344,test
9345,validation
9346,train
9347,validation
9348,train
9349,validation
9350,train
9351,test
9352,validation
9353,validation
9354,train
9355,test
9356,train
9357,validation
9358,test
9359,validation
9360,validation
9361,train
9362,train
9363,validation
9364,train
9365,validation
9366,train
9367,train
9368,train
9369,train
9370,train
9371,train
9372,train
9373,train
9374,train
9375,train
9376,train
9377,validation
9378,train
9379,validation
9380,train
9381,test
9382,train
9383,test
9384,train
9385,train
9386,train
9387,validation
9388,train
9389,train
9390,train
9391,train
9392,train
9393,test
9394,validation
9395,train
9396,train
9397,train
9398,test
9399,train
9400,test
9401,train
9402,test
9403,validation
9404,train
9405,train
9406,train
9407,test
9408,test
9409,test
9410,train
9411,train
9412,train
9413,train
9414,validation
9415,train
9416,train
9417,test
9418,train
9419,train
9420,test
9421,train
9422,train
9423,validation
9424,train
9425,test
9426,test
9427,train
9428,train
9429,train
9430,test
9431,validation
9432,train
9433,train
9434,train
9435,train
9436,train
9437,train
9438,train
9439,test
9440,validation
9441,train
9442,train
9443,validation
9444,test
9445,train
9446,train
9447,test
9448,train
9449,test
9450,train
9451,train
9452,validation
9453,train
9454,train
9455,train
9456,train
9457,test
9458,validation
9459,train
9460,train
9461,test
9462,validation
9463,test
9464,train
9465,train
9466,train
9467,train
9468,test
9469,train
9470,train
9471,validation
9472,validation
9473,test
9474,train
9475,test
9476,train
9477,train
9478,test
9479,validation
9480,test
9481,train
9482,validation
9483,train
9484,train
9485,validation
9486,validation
9487,train
9488,validation
9489,test
9490,test
9491,validation
9492,train
9493,validation
9494,train
9495,test
9496,train
9497,test
9498,train
9499,train
9500,validation
9501,train
9502,validation
9503,train
9504,validation
9505,test
9506,train
9507,train
9508,train
9509,validation
9510,validation
9511,train
9512,train
9513,validation
9514,train
9515,test
9516,test
9517,validation
9518,train
9519,train
9520,train
9521,train
9522,train
9523,train
9524,train
9525,train
9526,train
9527,train
9528,validation
9529,train
9530,train
9531,train
9532,train
9533,train
9534,test
9535,test
9536,test
9537,test
9538,test
9539,test
9540,train
9541,validation
9542,train
9543,test
9544,validation
9545,test
9546,train
9547,train
9548,validation
9549,train
9550,test
9551,train
9552,train
9553,train
9554,test
9555,train
9556,train
9557,validation
9558,train
9559,validation
9560,validation
9561,validation
9562,train
9563,train
9564,train
9565,train
9566,train
9567,train
9568,validation
9569,validation
9570,validation
9571,validation
9572,train
9573,test
9574,validation
9575,train
9576,train
9577,test
9578,train
9579,test
9580,test
9581,train
9582,validation
9583,validation
9584,validation
9585,validation
9586,validation
9587,train
9588,train
9589,train
9590,train
9591,train
9592,test
9593,train
9594,test
9595,test
9596,train
9597,train
9598,train
9599,validation
9600,train
9601,test
9602,test
9603,train
9604,train
9605,test
9606,train
9607,test
9608,validation
9609,test
9610,validation
9611,validation
9612,train
9613,train
9614,test
9615,train
9616,test
9617,validation
9618,train
9619,validation
9620,train
9621,test
9622,train
9623,train
9624,test
9625,train
9626,train
9627,validation
9628,train
9629,train
9630,train
9631,train
9632,test
9633,train
9634,validation
9635,validation
9636,train
9637,train
9638,train
9639,validation
9640,train
9641,train
9642,train
9643,test
9644,train
9645,train
9646,train
9647,validation
9648,train
9649,train
9650,validation
9651,test
9652,train
9653,test
9654,train
9655,test
9656,train
9657,test
9658,validation
9659,test
9660,test
9661,train
9662,train
9663,train
9664,test
9665,validation
9666,test
9667,train
9668,train
9669,test
9670,train
9671,validation
9672,train
9673,test
9674,train
9675,train
9676,train
9677,test
9678,train
9679,train
9680,train
9681,validation
9682,test
9683,validation
9684,train
9685,train
9686,train
9687,train
9688,train
9689,validation
9690,train
9691,train
9692,test
9693,validation
9694,train
9695,test
9696,train
9697,test
9698,validation
9699,train
9700,train
9701,train
9702,validation
9703,validation
9704,test
9705,test
9706,validation
9707,validation
9708,validation
9709,test
9710,train
9711,validation
9712,test
9713,validation
9714,train
9715,test
9716,train
9717,validation
9718,train
9719,test
9720,test
9721,train
9722,train
9723,train
9724,validation
9725,validation
9726,test
9727,train
9728,train
9729,test
9730,train
9731,train
9732,validation
9733,train
9734,train
9735,test
9736,validation
9737,test
9738,train
9739,train
9740,train
9741,test
9742,test
9743,test
9744,train
9745,train
9746,test
9747,validation
9748,validation
9749,test
9750,test
9751,test
9752,train
9753,train
9754,validation
9755,test
9756,validation
9757,train
9758,validation
9759,train
9760,test
9761,train
9762,train
9763,train
9764,validation
9765,train
9766,train
9767,train
9768,train
9769,validation
9770,train
9771,test
9772,train
9773,train
9774,validation
9775,train
9776,train
9777,train
9778,validation
9779,train
9780,validation
9781,train
9782,train
9783,test
9784,train
9785,train
9786,train
9787,train
9788,train
9789,train
9790,train
9791,train
9792,train
9793,test
9794,train
9795,test
9796,train
9797,train
9798,train
9799,validation
9800,train
9801,train
9802,train
9803,train
9804,validation
9805,train
9806,train
9807,validation
9808,train
9809,train
9810,validation
9811,train
9812,train
9813,train
9814,train
9815,train
9816,validation
9817,train
9818,validation
9819,train
9820,train
9821,validation
9822,test
9823,test
9824,train
9825,train
9826,train
9827,validation
9828,test
9829,train
9830,validation
9831,test
9832,train
9833,train
9834,train
9835,test
9836,validation
9837,train
9838,test
9839,train
9840,train
9841,validation
9842,validation
9843,train
9844,validation
9845,train
9846,validation
9847,train
9848,train
9849,validation
9850,train
9851,train
9852,train
9853,train
9854,train
9855,test
9856,validation
9857,train
9858,train
9859,test
9860,test
9861,train
9862,validation
9863,test
9864,train
9865,train
9866,train
9867,train
9868,validation
9869,train
9870,train
9871,train
9872,validation
9873,validation
9874,test
9875,train
9876,train
9877,test
9878,train
9879,train
9880,test
9881,train
9882,validation
9883,validation
9884,train
9885,train
9886,validation
9887,validation
9888,train
9889,test
9890,train
9891,validation
9892,train
9893,train
9894,train
9895,test
9896,validation
9897,train
9898,test
9899,train
9900,train
9901,train
9902,train
9903,train
9904,train
9905,test
9906,train
9907,train
9908,validation
9909,test
9910,train
9911,train
9912,train
9913,test
9914,train
9915,train
9916,train
9917,train
9918,train
9919,test
9920,train
9921,test
9922,train
9923,test
9924,train
9925,test
9926,validation
9927,train
9928,train
9929,validation
9930,train
9931,train
9932,train
9933,validation
9934,train
9935,test
9936,validation
9937,train
9938,train
9939,train
9940,train
9941,train
9942,train
9943,train
9944,validation
9945,train
9946,validation
9947,train
9948,test
9949,train
9950,validation
9951,validation
9952,validation
9953,train
9954,train
9955,validation
9956,validation
9957,test
9958,train
9959,train
9960,validation
9961,validation
9962,validation
9963,test
9964,train
9965,train
9966,train
9967,train
9968,test
9969,train
9970,validation
9971,test
9972,validation
9973,train
9974,test
9975,validation
9976,train
9977,validation
9978,train
9979,validation
9980,train
9981,train
9982,train
9983,train
9984,test
9985,validation
9986,validation
9987,validation
9988,train
9989,test
9990,test
9991,train
9992,train
9993,validation
9994,train
9995,train
9996,validation
9997,train
9998,train
9999,train
10000,train
10001,test
10002,train
10003,train
10004,train
10005,validation
10006,train
10007,train
10008,train
10009,test
10010,train
10011,train
10012,train
10013,train
10014,validation
10015,train
10016,train
10017,train
10018,validation
10019,validation
10020,validation
10021,test
10022,train
10023,train
10024,test
10025,train
10026,train
10027,train
10028,train
10029,train
10030,train
10031,validation
10032,train
10033,validation
10034,train
10035,train
10036,validation
10037,test
10038,train
10039,train
10040,test
10041,validation
10042,test
10043,validation
10044,test
10045,validation
10046,train
10047,validation
10048,train
10049,validation
10050,test
10051,train
10052,validation
10053,train
10054,train
10055,train
10056,train
10057,train
10058,train
10059,train
10060,validation
10061,validation
10062,test
10063,train
10064,train
10065,train
10066,train
10067,train
10068,train
10069,validation
10070,train
10071,validation
10072,train
10073,validation
10074,test
10075,test
10076,test
10077,validation
10078,validation
10079,train
10080,test
10081,train
10082,train
10083,test
10084,train
10085,validation
10086,test
10087,train
10088,validation
10089,train
10090,validation
10091,train
10092,train
10093,train
10094,train
10095,validation
10096,test
10097,train
10098,train
10099,validation
10100,train
10101,train
10102,train
10103,test
10104,train
10105,test
10106,train
10107,test
10108,test
10109,test
10110,train
10111,train
10112,validation
10113,test
10114,test
10115,test
10116,validation
10117,train
10118,train
10119,train
10120,train
10121,train
10122,train
10123,validation
10124,test
10125,test
10126,test
10127,train
10128,train
10129,test
10130,validation
10131,train
10132,train
10133,train
10134,train
10135,train
10136,train
10137,test
10138,validation
10139,train
10140,train
10141,train
10142,train
10143,train
10144,train
10145,validation
10146,train
10147,train
10148,train
10149,validation
10150,train
10151,test
10152,train
10153,validation
10154,train
10155,test
10156,train
10157,train
10158,train
10159,train
10160,validation
10161,test
10162,train
10163,test
10164,train
10165,train
10166,train
10167,validation
10168,train
10169,train
10170,train
10171,train
10172,train
10173,train
10174,train
10175,train
10176,train
10177,validation
10178,test
10179,train
10180,train
10181,test
10182,train
10183,train
10184,train
10185,validation
10186,validation
10187,train
10188,train
10189,train
10190,train
10191,train
10192,test
10193,train
10194,test
10195,train
10196,validation
10197,test
10198,validation
10199,train
10200,train
10201,train
10202,test
10203,test
10204,train
10205,test
10206,train
10207,test
10208,test
10209,test
10210,validation
10211,test
10212,train
10213,train
10214,train
10215,test
10216,train
10217,validation
10218,train
10219,train
10220,validation
10221,validation
10222,train
10223,test
10224,train
10225,test
10226,train
10227,test
10228,train
10229,train
10230,test
10231,test
10232,train
10233,train
10234,train
10235,validation
10236,train
10237,test
10238,train
10239,test
10240,test
10241,train
10242,test
10243,train
10244,validation
10245,train
10246,train
10247,train
10248,train
10249,train
10250,train
10251,train
10252,validation
10253,train
10254,test
10255,train
10256,test
10257,train
10258,train
10259,train
10260,test
10261,test
10262,validation
10263,train
10264,train
10265,train
10266,test
10267,train
10268,train
10269,validation
10270,train
10271,validation
10272,train
10273,train
10274,train
10275,train
10276,train
10277,train
10278,train
10279,train
10280,test
10281,train
10282,train
10283,train
10284,train
10285,train
10286,train
10287,train
10288,validation
10289,train
10290,train
10291,train
10292,test
10293,train
10294,train
10295,train
10296,test
10297,validation
10298,train
10299,train
10300,train
10301,train
10302,test
10303,train
10304,train
10305,train
10306,validation
10307,train
10308,train
10309,test
10310,train
10311,train
10312,validation
10313,train
10314,train
10315,test
10316,test
10317,train
10318,train
10319,test
10320,test
10321,train
10322,train
10323,train
10324,train
10325,train
10326,test
10327,train
10328,train
10329,validation
10330,validation
10331,test
10332,test
10333,validation
10334,train
10335,train
10336,train
10337,test
10338,test
10339,validation
10340,train
10341,validation
10342,train
10343,train
10344,train
10345,train
10346,train
10347,validation
10348,train
10349,train
10350,validation
10351,validation
10352,train
10353,test
10354,train
10355,train
10356,train
10357,validation
10358,train
10359,train
10360,test
10361,train
10362,train
10363,validation
10364,validation
10365,train
10366,test
10367,train
10368,test
10369,train
10370,train
10371,train
10372,test
10373,test
10374,train
10375,train
10376,validation
10377,train
10378,train
10379,test
10380,train
10381,validation
10382,train
10383,test
10384,validation
10385,validation
10386,train
10387,validation
10388,test
10389,validation
10390,train
10391,train
10392,train
10393,train
10394,validation
10395,train
10396,train
10397,test
10398,test
10399,train
10400,train
10401,train
10402,train
10403,test
10404,validation
10405,train
10406,test
10407,train
10408,test
10409,train
10410,test
10411,validation
10412,test
10413,test
10414,train
10415,train
10416,train
10417,test
10418,test
10419,train
10420,train
10421,validation
10422,validation
10423,validation
10424,train
10425,train
10426,test
10427,validation
10428,train
10429,train
10430,validation
10431,test
10432,validation
10433,validation
10434,validation
10435,train
10436,train
10437,train
10438,train
10439,train
10440,train
10441,test
10442,train
10443,train
10444,train
10445,train
10446,train
10447,train
10448,validation
10449,train
10450,validation
10451,train
10452,train
10453,test
10454,validation
10455,train
10456,train
10457,validation
10458,train
10459,validation
10460,train
10461,validation
10462,train
10463,test
10464,validation
10465,test
10466,train
10467,validation
10468,train
10469,validation
10470,train
10471,train
10472,train
10473,validation
10474,validation
10475,train
10476,train
10477,validation
10478,train
10479,train
10480,train
10481,validation
10482,train
10483,test
10484,validation
10485,validation
10486,train
10487,train
10488,train
10489,validation
10490,train
10491,test
10492,train
10493,train
10494,train
10495,train
10496,train
10497,train
10498,test
10499,train
10500,test
10501,test
10502,validation
10503,train
10504,test
10505,test
10506,test
10507,train
10508,validation
10509,train
10510,train
10511,validation
10512,validation
10513,train
10514,train
10515,test
10516,train
10517,train
10518,train
10519,train
10520,validation
10521,validation
10522,train
10523,train
10524,train
10525,test
10526,validation
10527,train
10528,train
10529,test
10530,train
10531,test
10532,train
10533,train
10534,train
10535,train
10536,test
10537,train
10538,train
10539,train
10540,validation
10541,train
10542,train
10543,test
10544,validation
10545,test
10546,test
10547,test
10548,validation
10549,validation
10550,train
10551,test
10552,train
10553,test
10554,test
10555,validation
10556,validation
10557,train
10558,train
10559,train
10560,train
10561,validation
10562,train
10563,validation
10564,train
10565,train
10566,validation
10567,test
10568,test
10569,validation
10570,train
10571,train
10572,test
10573,test
10574,test
10575,train
10576,validation
10577,train
10578,test
10579,validation
10580,test
10581,validation
10582,validation
10583,train
10584,train
10585,test
10586,validation
10587,test
10588,train
10589,train
10590,train
10591,train
10592,train
10593,train
10594,validation
10595,test
10596,train
10597,test
10598,train
10599,validation
10600,train
10601,test
10602,test
10603,train
10604,test
10605,validation
10606,validation
10607,train
10608,train
10609,validation
10610,validation
10611,validation
10612,validation
10613,train
10614,validation
10615,train
10616,train
10617,train
10618,train
10619,train
10620,test
10621,train
10622,train
10623,train
10624,train
10625,train
10626,train
10627,validation
10628,test
10629,train
10630,validation
10631,validation
10632,validation
10633,test
10634,train
10635,validation
10636,test
10637,validation
10638,test
10639,test
10640,train
10641,train
10642,validation
10643,train
10644,train
10645,validation
10646,validation
10647,train
10648,train
10649,train
10650,train
10651,train
10652,train
10653,train
10654,train
10655,train
10656,train
10657,train
10658,train
10659,test
10660,train
10661,test
10662,train
10663,train
10664,validation
10665,validation
10666,train
10667,train
10668,train
10669,train
10670,train
10671,validation
10672,train
10673,train
10674,validation
10675,train
10676,train
10677,train
10678,train
10679,test
10680,test
10681,test
10682,test
10683,train
10684,train
10685,train
10686,test
10687,test
10688,train
10689,train
10690,validation
10691,train
10692,validation
10693,train
10694,train
10695,train
10696,train
10697,train
10698,train
10699,train
10700,train
10701,train
10702,test
10703,test
10704,train
10705,test
10706,train
10707,train
10708,validation
10709,validation
10710,train
10711,validation
10712,train
10713,validation
10714,validation
10715,train
10716,train
10717,train
10718,validation
10719,test
10720,train
10721,train
10722,validation
10723,train
10724,test
10725,train
10726,validation
10727,validation
10728,train
10729,test
10730,train
10731,validation
10732,train
10733,train
10734,test
10735,train
10736,train
10737,train
10738,train
10739,test
10740,train
10741,train
10742,validation
10743,train
10744,train
10745,train
10746,train
10747,validation
10748,train
10749,test
10750,train
10751,train
10752,validation
10753,validation
10754,train
10755,train
10756,train
10757,train
10758,train
10759,validation
10760,test
10761,train
10762,train
10763,train
10764,test
10765,test
10766,test
10767,train
10768,validation
10769,train
10770,train
10771,train
10772,train
10773,train
10774,train
10775,train
10776,train
10777,train
10778,train
10779,test
10780,test
10781,validation
10782,test
10783,train
10784,train
10785,train
10786,train
10787,train
10788,test
10789,validation
10790,train
10791,test
10792,train
10793,train
10794,train
10795,validation
10796,train
10797,test
10798,train
10799,test
10800,train
10801,validation
10802,train
10803,train
10804,test
10805,validation
10806,test
10807,validation
10808,train
10809,train
10810,train
10811,validation
10812,validation
10813,validation
10814,train
10815,validation
10816,train
10817,test
10818,validation
10819,train
10820,train
10821,train
10822,train
10823,train
10824,train
10825,train
10826,train
10827,train
10828,train
10829,train
10830,test
10831,test
10832,train
10833,train
10834,validation
10835,validation
10836,train
10837,test
10838,train
10839,train
10840,train
10841,train
10842,train
10843,train
10844,validation
10845,train
10846,validation
10847,test
10848,train
10849,train
10850,train
10851,train
10852,train
10853,test
10854,test
10855,train
10856,validation
10857,validation
10858,test
10859,test
10860,train
10861,train
10862,train
10863,test
10864,train
10865,validation
10866,test
10867,train
10868,validation
10869,train
10870,train
10871,train
10872,validation
10873,train
10874,validation
10875,train
10876,test
10877,validation
10878,train
10879,test
10880,train
10881,test
10882,test
10883,test
10884,validation
10885,train
10886,test
10887,train
10888,train
10889,validation
10890,train
10891,test
10892,train
10893,train
10894,test
10895,train
10896,test
10897,train
10898,test
10899,validation
10900,train
10901,train
10902,test
10903,train
10904,test
10905,train
10906,test
10907,train
10908,train
10909,test
10910,test
10911,validation
10912,train
10913,train
10914,validation
10915,validation
10916,train
10917,train
10918,train
10919,train
10920,validation
10921,test
10922,validation
10923,test
10924,train
10925,test
10926,train
10927,test
10928,validation
10929,test
10930,train
10931,validation
10932,train
10933,test
10934,train
10935,test
10936,validation
10937,train
10938,train
10939,test
10940,test
10941,train
10942,test
10943,train
10944,train
10945,train
10946,test
10947,train
10948,test
10949,test
10950,train
10951,validation
10952,train
10953,train
10954,train
10955,validation
10956,train
10957,validation
10958,test
10959,train
10960,train
10961,train
10962,train
10963,test
10964,test
10965,validation
10966,train
10967,train
10968,test
10969,validation
10970,test
10971,validation
10972,validation
10973,train
10974,validation
10975,train
10976,train
10977,train
10978,validation
10979,train
10980,train
10981,train
10982,train
10983,test
10984,validation
10985,train
10986,train
10987,train
10988,test
10989,train
10990,test
10991,train
10992,train
10993,train
10994,train
10995,test
10996,validation
10997,train
10998,test
10999,train
11000,train
11001,validation
11002,validation
11003,train
11004,test
11005,train
11006,validation
11007,validation
11008,test
11009,validation
11010,train
11011,validation
11012,train
11013,validation
11014,test
11015,train
11016,validation
11017,train
11018,test
11019,train
11020,test
11021,train
11022,validation
11023,train
11024,train
11025,test
11026,train
11027,train
11028,train
11029,validation
11030,train
11031,train
11032,train
11033,train
11034,validation
11035,train
11036,train
11037,validation
11038,train
11039,train
11040,train
11041,test
11042,validation
11043,train
11044,validation
11045,train
11046,train
11047,validation
11048,train
11049,test
11050,validation
11051,train
11052,train
11053,train
11054,test
11055,validation
11056,test
11057,validation
11058,train
11059,train
11060,train
11061,test
11062,train
11063,validation
11064,train
11065,train
11066,train
11067,train
11068,train
11069,train
11070,test
11071,train
11072,test
11073,train
11074,test
11075,train
11076,train
11077,test
11078,test
11079,train
11080,train
11081,test
11082,train
11083,validation
11084,train
11085,train
11086,train
11087,validation
11088,test
11089,validation
11090,train
11091,test
11092,validation
11093,test
11094,validation
11095,train
11096,validation
11097,train
11098,train
11099,train
11100,validation
11101,train
11102,test
11103,test
11104,train
11105,train
11106,train
11107,train
11108,train
11109,train
11110,validation
11111,train
11112,validation
11113,validation
11114,train
11115,train
11116,train
11117,train
11118,train
11119,validation
11120,test
11121,train
11122,train
11123,test
11124,validation
11125,train
11126,train
11127,train
11128,train
11129,test
11130,train
11131,train
11132,train
11133,train
11134,test
11135,test
11136,validation
11137,train
11138,train
11139,train
11140,train
11141,train
11142,train
11143,train
11144,train
11145,train
11146,train
11147,test
11148,validation
11149,train
11150,validation
11151,test
11152,train
11153,train
11154,train
11155,train
11156,train
11157,train
11158,train
11159,train
11160,test
11161,validation
11162,train
11163,train
11164,test
11165,train
11166,test
11167,train
11168,test
11169,train
11170,train
11171,test
11172,train
11173,train
11174,validation
11175,train
11176,train
11177,train
11178,train
11179,train
11180,train
11181,validation
11182,train
11183,validation
11184,test
11185,train
11186,train
11187,validation
11188,validation
11189,train
11190,train
11191,validation
11192,validation
11193,train
11194,test
11195,train
11196,train
11197,train
11198,train
11199,train
11200,train
11201,train
11202,test
11203,validation
11204,train
11205,train
11206,train
11207,validation
11208,validation
11209,train
11210,train
11211,train
11212,train
11213,train
11214,train
11215,test
11216,train
11217,train
11218,train
11219,train
11220,train
11221,train
11222,train
11223,test
11224,train
11225,validation
11226,train
11227,train
11228,train
11229,train
11230,validation
11231,train
11232,train
11233,train
11234,validation
11235,test
11236,train
11237,train
11238,validation
11239,train
11240,test
11241,train
11242,train
11243,train
11244,test
11245,train
11246,train
11247,train
11248,train
11249,train
11250,train
11251,train
11252,validation
11253,train
11254,train
11255,validation
11256,test
11257,train
11258,train
11259,validation
11260,train
11261,train
11262,train
11263,validation
11264,train
11265,validation
11266,test
11267,train
11268,train
11269,train
11270,test
11271,train
11272,test
11273,train
11274,train
11275,test
11276,validation
11277,train
11278,train
11279,train
11280,train
11281,train
11282,train
11283,train
11284,train
11285,validation
11286,train
11287,validation
11288,train
11289,train
11290,test
11291,train
11292,train
11293,validation
11294,train
11295,test
11296,validation
11297,validation
11298,train
11299,validation
11300,validation
11301,train
11302,train
11303,validation
11304,train
11305,train
11306,train
11307,test
11308,train
11309,train
11310,test
11311,test
11312,test
11313,train
11314,train
11315,train
11316,train
11317,train
11318,train
11319,train
11320,test
11321,train
11322,test
11323,validation
11324,test
11325,train
11326,test
11327,train
11328,train
11329,train
11330,train
11331,train
11332,validation
11333,train
11334,train
11335,test
11336,test
11337,train
11338,train
11339,validation
11340,train
11341,validation
11342,train
11343,validation
11344,test
11345,validation
11346,test
11347,train
11348,validation
11349,train
11350,train
11351,validation
11352,train
11353,train
11354,train
11355,train
11356,test
11357,test
11358,train
11359,train
11360,train
11361,test
11362,test
11363,test
11364,train
11365,train
11366,validation
11367,train
11368,train
11369,test
11370,train
11371,train
11372,train
11373,train
11374,train
11375,validation
11376,test
11377,test
11378,test
11379,test
11380,train
11381,train
11382,validation
11383,train
11384,train
11385,train
11386,train
11387,test
11388,train
11389,validation
11390,train
11391,validation
11392,test
11393,test
11394,train
11395,validation
11396,validation
11397,train
11398,train
11399,train
11400,test
11401,test
11402,train
11403,train
11404,test
11405,validation
11406,validation
11407,test
11408,test
11409,validation
11410,train
11411,train
11412,train
11413,train
11414,train
11415,train
11416,train
11417,test
11418,train
11419,test
11420,validation
11421,train
11422,train
11423,train
11424,test
11425,train
11426,validation
11427,test
11428,train
11429,validation
11430,train
11431,train
11432,test
11433,train
11434,validation
11435,train
11436,test
11437,train
11438,test
11439,validation
11440,train
11441,train
11442,train
11443,train
11444,train
11445,train
11446,test
11447,train
11448,train
11449,train
11450,train
11451,train
11452,validation
11453,train
11454,test
11455,train
11456,train
11457,train
11458,train
11459,train
11460,train
11461,train
11462,test
11463,validation
11464,test
11465,train
11466,validation
11467,validation
11468,train
11469,validation
11470,test
11471,validation
11472,validation
11473,train
11474,train
11475,train
11476,train
11477,test
11478,test
11479,train
11480,test
11481,test
11482,test
11483,train
11484,train
11485,train
11486,train
11487,train
11488,validation
11489,validation
11490,validation
11491,train
11492,validation
11493,validation
11494,test
11495,train
11496,test
11497,test
11498,train
11499,test
11500,train
11501,validation
11502,train
11503,train
11504,train
11505,train
11506,test
11507,train
11508,test
11509,train
11510,test
11511,train
11512,train
11513,test
11514,train
11515,test
11516,train
11517,test
11518,train
11519,train
11520,validation
11521,train
11522,test
11523,train
11524,validation
11525,test
11526,test
11527,test
11528,test
11529,train
11530,train
11531,validation
11532,train
11533,validation
11534,train
11535,train
11536,train
11537,validation
11538,train
11539,train
11540,train
11541,train
11542,train
11543,validation
11544,validation
11545,train
11546,test
11547,train
11548,train
11549,test
11550,train
11551,train
11552,train
11553,train
11554,validation
11555,train
11556,train
11557,train
11558,validation
11559,train
11560,validation
11561,validation
11562,train
11563,train
11564,test
11565,train
11566,train
11567,validation
11568,validation
11569,train
11570,train
11571,train
11572,test
11573,train
11574,validation
11575,train
11576,test
11577,train
11578,test
11579,validation
11580,train
11581,validation
11582,train
11583,train
11584,test
11585,train
11586,train
11587,train
11588,train
11589,test
11590,train
11591,train
11592,train
11593,train
11594,validation
11595,train
11596,test
11597,train
11598,validation
11599,train
11600,train
11601,train
11602,train
11603,validation
11604,train
11605,validation
11606,test
11607,train
11608,train
11609,test
11610,train
11611,train
11612,train
11613,train
11614,validation
11615,train
11616,test
11617,train
11618,test
11619,validation
11620,validation
11621,test
11622,train
11623,test
11624,validation
11625,train
11626,test
11627,train
11628,train
11629,test
11630,train
11631,train
11632,train
11633,train
11634,train
11635,train
11636,test
11637,train
11638,train
11639,train
11640,train
11641,validation
11642,train
11643,train
11644,train
11645,train
11646,train
11647,validation
11648,test
11649,validation
11650,validation
11651,train
11652,validation
11653,test
11654,test
11655,train
11656,validation
11657,test
11658,validation
11659,train
11660,test
11661,train
11662,test
11663,validation
11664,train
11665,train
11666,test
11667,train
11668,train
11669,validation
11670,train
11671,train
11672,train
11673,train
11674,train
11675,train
11676,train
11677,train
11678,train
11679,test
11680,train
11681,validation
11682,validation
11683,test
11684,validation
11685,test
11686,train
11687,train
11688,train
11689,test
11690,train
11691,validation
11692,validation
11693,train
11694,train
11695,validation
11696,test
11697,train
11698,train
11699,test
11700,test
11701,validation
11702,validation
11703,train
11704,test
11705,train
11706,train
11707,validation
11708,train
11709,train
11710,validation
11711,test
11712,train
11713,validation
11714,train
11715,train
11716,train
11717,train
11718,train
11719,train
11720,train
11721,train
11722,train
11723,train
11724,train
11725,validation
11726,validation
11727,train
11728,test
11729,validation
11730,train
11731,train
11732,train
11733,train
11734,validation
11735,train
11736,train
11737,train
11738,validation
11739,train
11740,train
11741,test
11742,train
11743,validation
11744,validation
11745,train
11746,train
11747,train
11748,train
11749,validation
11750,validation
11751,train
11752,train
11753,validation
11754,train
11755,train
11756,train
11757,train
11758,train
11759,train
11760,validation
11761,train
11762,train
11763,validation
11764,train
11765,validation
11766,train
11767,validation
11768,train
11769,test
11770,validation
11771,train
11772,test
11773,test
11774,validation
11775,validation
11776,train
11777,validation
11778,validation
11779,validation
11780,train
11781,validation
11782,validation
11783,train
11784,train
11785,validation
11786,train
11787,validation
11788,train
11789,train
11790,train
11791,train
11792,test
11793,train
11794,train
11795,test
11796,train
11797,train
11798,test
11799,validation
11800,train
11801,train
11802,validation
11803,validation
11804,train
11805,test
11806,test
11807,test
11808,train
11809,train
11810,train
11811,train
11812,train
11813,train
11814,train
11815,validation
11816,validation
11817,test
11818,train
11819,train
11820,train
11821,test
11822,test
11823,train
11824,validation
11825,train
11826,validation
11827,train
11828,train
11829,train
11830,train
11831,validation
11832,test
11833,train
11834,validation
11835,train
11836,validation
11837,validation
11838,train
11839,train
11840,validation
11841,train
11842,train
11843,train
11844,test
11845,validation
11846,train
11847,train
11848,train
11849,validation
11850,validation
11851,test
11852,train
11853,train
11854,train
11855,train
11856,train
11857,validation
11858,train
11859,train
11860,test
11861,test
11862,train
11863,train
11864,train
11865,test
11866,test
11867,train
11868,train
11869,validation
11870,train
11871,train
11872,test
11873,validation
11874,train
11875,train
11876,test
11877,train
11878,train
11879,train
11880,test
11881,train
11882,test
11883,train
11884,train
11885,validation
11886,train
11887,validation
11888,train
11889,train
11890,validation
11891,test
11892,validation
11893,test
11894,train
11895,test
11896,test
11897,validation
11898,validation
11899,train
11900,train
11901,train
11902,validation
11903,test
11904,train
11905,train
11906,train
11907,train
11908,train
11909,validation
11910,train
11911,test
11912,train
11913,train
11914,validation
11915,validation
11916,validation
11917,train
11918,test
11919,train
11920,test
11921,test
11922,test
11923,train
11924,train
11925,test
11926,train
11927,validation
11928,train
11929,train
11930,train
11931,validation
11932,train
11933,train
11934,train
11935,train
11936,train
11937,train
11938,train
11939,train
11940,train
11941,test
11942,validation
11943,test
11944,train
11945,test
11946,train
11947,test
11948,train
11949,train
11950,validation
11951,test
11952,train
11953,train
11954,train
11955,train
11956,test
11957,train
11958,train
11959,train
11960,validation
11961,train
11962,validation
11963,train
11964,train
11965,train
11966,train
11967,train
11968,train
11969,train
11970,train
11971,validation
11972,train
11973,test
11974,train
11975,train
11976,test
11977,test
11978,validation
11979,test
11980,test
11981,train
11982,train
11983,train
11984,validation
11985,train
11986,validation
11987,train
11988,train
11989,train
11990,train
11991,train
11992,train
11993,test
11994,train
11995,test
11996,train
11997,test
11998,train
11999,train
12000,train
12001,validation
12002,train
12003,train
12004,train
12005,train
12006,train
12007,train
12008,test
12009,validation
12010,train
12011,train
12012,train
12013,train
12014,train
12015,validation
12016,test
12017,test
12018,train
12019,train
12020,train
12021,validation
12022,test
12023,train
12024,validation
12025,test
12026,validation
12027,test
12028,train
12029,validation
12030,train
12031,test
12032,train
12033,test
12034,train
12035,train
12036,train
12037,train
12038,train
12039,test
12040,train
12041,train
12042,train
12043,train
12044,test
12045,train
12046,validation
12047,test
12048,train
12049,test
12050,train
12051,test
12052,train
12053,train
12054,validation
12055,train
12056,train
12057,train
12058,train
12059,train
12060,train
12061,test
12062,validation
12063,train
12064,validation
12065,train
12066,test
12067,train
12068,train
12069,train
12070,test
12071,test
12072,validation
12073,train
12074,train
12075,validation
12076,train
12077,train
12078,train
12079,train
12080,train
12081,validation
12082,train
12083,train
12084,train
12085,test
12086,validation
12087,train
12088,test
12089,test
12090,validation
12091,test
12092,train
12093,train
12094,train
12095,train
12096,train
12097,test
12098,validation
12099,train
12100,train
12101,train
12102,test
12103,test
12104,train
12105,train
12106,train
12107,test
12108,validation
12109,train
12110,test
12111,test
12112,validation
12113,test
12114,validation
12115,train
12116,test
12117,train
12118,train
12119,validation
12120,train
12121,validation
12122,train
12123,train
12124,train
12125,train
12126,test
12127,validation
12128,train
12129,train
12130,train
12131,train
12132,train
12133,train
12134,train
12135,train
12136,test
12137,train
12138,train
12139,train
12140,test
12141,train
12142,train
12143,train
12144,train
12145,train
12146,train
12147,train
12148,validation
12149,train
12150,train
12151,train
12152,train
12153,train
12154,test
12155,train
12156,test
12157,test
12158,train
12159,train
12160,train
12161,train
12162,train
12163,train
12164,validation
12165,train
12166,train
12167,train
12168,train
12169,train
12170,train
12171,train
12172,validation
12173,train
12174,test
12175,train
12176,validation
12177,test
12178,validation
12179,validation
12180,test
12181,train
12182,test
12183,validation
12184,test
12185,train
12186,test
12187,validation
12188,test
12189,test
12190,test
12191,train
12192,test
12193,train
12194,test
12195,test
12196,test
12197,train
12198,train
12199,train
12200,train
12201,test
12202,train
12203,train
12204,train
12205,test
12206,test
12207,train
12208,train
12209,test
12210,test
12211,train
12212,train
12213,validation
12214,train
12215,validation
12216,test
12217,train
12218,train
12219,test
12220,train
12221,train
12222,test
12223,train
12224,validation
12225,train
12226,test
12227,train
12228,train
12229,validation
12230,test
12231,validation
12232,train
12233,train
12234,train
12235,train
12236,validation
12237,train
12238,validation
12239,validation
12240,train
12241,train
12242,validation
12243,train
12244,train
12245,validation
12246,test
12247,train
12248,train
12249,train
12250,train
12251,train
12252,validation
12253,test
12254,train
12255,train
12256,train
12257,train
12258,train
12259,train
12260,train
12261,validation
12262,test
12263,train
12264,train
12265,train
12266,train
12267,test
12268,test
12269,train
12270,test
12271,train
12272,train
12273,validation
12274,train
12275,test
12276,train
12277,train
12278,validation
12279,validation
12280,train
12281,train
12282,train
12283,test
12284,train
12285,train
12286,test
12287,train
12288,train
12289,train
12290,train
12291,train
12292,test
12293,train
12294,validation
12295,test
12296,validation
12297,train
12298,test
12299,train
12300,train
12301,validation
12302,validation
12303,test
12304,train
12305,train
12306,train
12307,train
12308,validation
12309,train
12310,train
12311,train
12312,test
12313,train
12314,train
12315,train
12316,train
12317,validation
12318,train
12319,test
12320,train
12321,train
12322,test
12323,validation
12324,test
12325,train
12326,test
12327,train
12328,validation
12329,validation
12330,train
12331,train
12332,train
12333,train
12334,validation
12335,validation
12336,train
12337,train
12338,train
12339,train
12340,train
12341,validation
12342,train
12343,validation
12344,train
12345,train
12346,train
12347,validation
12348,train
12349,test
12350,train
12351,test
12352,validation
12353,validation
12354,train
12355,validation
12356,test
12357,train
12358,train
12359,test
12360,train
12361,train
12362,train
12363,train
12364,train
12365,test
12366,validation
12367,test
12368,validation
12369,train
12370,train
12371,train
12372,train
12373,train
12374,train
12375,validation
12376,validation
12377,train
12378,train
12379,train
12380,test
12381,test
12382,validation
12383,train
12384,validation
12385,train
12386,test
12387,train
12388,test
12389,test
12390,validation
12391,test
12392,test
12393,train
12394,train
12395,train
12396,validation
12397,validation
12398,train
12399,train
12400,train
12401,train
12402,train
12403,train
12404,validation
12405,train
12406,train
12407,train
12408,train
12409,train
12410,train
12411,train
12412,train
12413,train
12414,validation
12415,train
12416,train
12417,validation
12418,train
12419,test
12420,train
12421,train
12422,train
12423,train
12424,test
12425,train
12426,train
12427,train
12428,validation
12429,train
12430,train
12431,validation
12432,validation
12433,validation
12434,train
12435,validation
12436,train
12437,train
12438,validation
12439,train
12440,train
12441,validation
12442,train
12443,test
12444,test
12445,train
12446,train
12447,train
12448,test
12449,train
12450,train
12451,train
12452,test
12453,validation
12454,train
12455,validation
12456,test
12457,train
12458,validation
12459,train
12460,validation
12461,test
12462,test
12463,train
12464,validation
12465,train
12466,train
12467,train
12468,train
12469,validation
12470,test
12471,train
12472,test
12473,train
12474,train
12475,test
12476,test
12477,test
12478,test
12479,train
12480,train
12481,test
12482,train
12483,train
12484,validation
12485,train
12486,train
12487,train
12488,train
12489,train
12490,train
12491,train
12492,validation
12493,validation
12494,test
12495,train
12496,test
12497,train
12498,test
12499,test
12500,train
12501,train
12502,test
12503,train
12504,test
12505,train
12506,train
12507,validation
12508,train
12509,train
12510,train
12511,test
12512,train
12513,train
12514,train
12515,train
12516,train
12517,train
12518,train
12519,train
12520,train
12521,train
12522,train
12523,train
12524,validation
12525,test
12526,train
12527,train
12528,train
12529,train
12530,train
12531,test
12532,validation
12533,train
12534,validation
12535,train
12536,validation
12537,train
12538,validation
12539,train
12540,train
12541,validation
12542,test
12543,validation
12544,train
12545,validation
12546,test
12547,train
12548,train
12549,validation
12550,test
12551,train
12552,test
12553,train
12554,train
12555,validation
12556,train
12557,train
12558,train
12559,train
12560,train
12561,test
12562,train
12563,train
12564,validation
12565,train
12566,train
12567,validation
12568,train
12569,train
12570,test
12571,train
12572,test
12573,train
12574,train
12575,test
12576,train
12577,train
12578,test
12579,test
12580,validation
12581,train
12582,test
12583,train
12584,test
12585,train
12586,train
12587,train
12588,validation
12589,train
12590,train
12591,train
12592,train
12593,train
12594,train
12595,train
12596,validation
12597,train
12598,train
12599,train
12600,train
12601,test
12602,train
12603,validation
12604,train
12605,train
12606,validation
12607,train
12608,train
12609,train
12610,test
12611,train
12612,train
12613,test
12614,test
12615,train
12616,train
12617,validation
12618,train
12619,train
12620,test
12621,test
12622,test
12623,train
12624,train
12625,train
12626,train
12627,test
12628,train
12629,test
12630,train
12631,validation
12632,train
12633,train
12634,train
12635,train
12636,test
12637,train
12638,train
12639,train
12640,test
12641,train
12642,validation
12643,validation
12644,validation
12645,validation
12646,train
12647,validation
12648,train
12649,train
12650,train
12651,train
12652,train
12653,validation
12654,validation
12655,validation
12656,validation
12657,train
12658,train
12659,validation
12660,validation
12661,train
12662,test
12663,train
12664,train
12665,train
12666,train
12667,validation
12668,validation
12669,train
12670,validation
12671,test
12672,test
12673,train
12674,train
12675,test
12676,train
12677,train
12678,train
12679,train
12680,train
12681,train
12682,validation
12683,validation
12684,train
12685,train
12686,validation
12687,validation
12688,test
12689,train
12690,train
12691,train
12692,train
12693,train
12694,train
12695,train
12696,train
12697,validation
12698,validation
12699,validation
12700,validation
12701,train
12702,test
12703,train
12704,train
12705,train
12706,train
12707,train
12708,test
12709,validation
12710,train
12711,train
12712,train
12713,test
12714,test
12715,test
12716,train
12717,validation
12718,train
12719,train
12720,test
12721,test
12722,train
12723,train
12724,train
12725,train
12726,train
12727,train
12728,validation
12729,train
12730,test
12731,validation
12732,train
12733,test
12734,train
12735,train
12736,train
12737,train
12738,validation
12739,test
12740,train
12741,train
12742,train
12743,train
12744,train
12745,train
12746,train
12747,test
12748,train
12749,train
12750,train
12751,test
12752,test
12753,train
12754,train
12755,train
12756,train
12757,test
12758,train
12759,train
12760,train
12761,test
12762,train
12763,validation
12764,train
12765,train
12766,train
12767,train
12768,train
12769,train
12770,train
12771,validation
12772,train
12773,train
12774,test
12775,train
12776,train
12777,test
12778,train
12779,train
12780,test
12781,train
12782,train
12783,test
12784,train
12785,train
12786,train
12787,validation
12788,test
12789,test
12790,train
12791,train
12792,train
12793,train
12794,test
12795,validation
12796,train
12797,train
12798,train
12799,train
12800,train
12801,validation
12802,validation
12803,train
12804,train
12805,train
12806,train
12807,train
12808,test
12809,validation
12810,test
12811,test
12812,train
12813,validation
12814,train
12815,test
12816,train
12817,validation
12818,test
12819,train
12820,validation
12821,train
12822,train
12823,train
12824,validation
12825,validation
12826,validation
12827,test
12828,train
12829,train
12830,train
12831,train
12832,train
12833,test
12834,validation
12835,train
12836,validation
12837,train
12838,test
12839,validation
12840,validation
12841,train
12842,test
12843,test
12844,validation
12845,train
12846,train
12847,train
12848,train
12849,train
12850,validation
12851,train
12852,test
12853,test
12854,validation
12855,test
12856,train
12857,validation
12858,train
12859,train
12860,train
12861,test
12862,train
12863,train
12864,test
12865,validation
12866,test
12867,train
12868,train
12869,train
12870,test
12871,validation
12872,train
12873,train
12874,train
12875,train
12876,validation
12877,test
12878,test
12879,validation
12880,test
12881,train
12882,train
12883,test
12884,test
12885,test
12886,validation
12887,train
12888,validation
12889,test
12890,test
12891,train
12892,train
12893,validation
12894,test
12895,train
12896,train
12897,validation
12898,train
12899,validation
12900,train
12901,train
12902,train
12903,train
12904,train
12905,test
12906,train
12907,test
12908,train
12909,validation
12910,train
12911,train
12912,validation
12913,train
12914,validation
12915,train
12916,test
12917,train
12918,test
12919,validation
12920,train
12921,train
12922,validation
12923,test
12924,validation
12925,train
12926,train
12927,validation
12928,train
12929,test
12930,train
12931,validation
12932,train
12933,train
12934,train
12935,train
12936,test
12937,validation
12938,train
12939,validation
12940,train
12941,train
12942,train
12943,validation
12944,train
12945,test
12946,train
12947,test
12948,train
12949,validation
12950,test
12951,validation
12952,train
12953,test
12954,train
12955,train
12956,test
12957,train
12958,train
12959,validation
12960,validation
12961,validation
12962,test
12963,test
12964,train
12965,test
12966,validation
12967,train
12968,train
12969,train
12970,train
12971,train
12972,train
12973,validation
12974,validation
12975,train
12976,train
12977,train
12978,validation
12979,test
12980,train
12981,validation
12982,train
12983,train
12984,validation
12985,validation
12986,validation
12987,train
12988,train
12989,train
12990,train
12991,train
12992,test
12993,train
12994,train
12995,train
12996,train
12997,validation
12998,train
12999,validation
13000,train
13001,validation
13002,train
13003,validation
13004,train
13005,test
13006,test
13007,train
13008,train
13009,test
13010,train
13011,train
13012,train
13013,train
13014,test
13015,test
13016,train
13017,train
13018,train
13019,train
13020,train
13021,test
13022,test
13023,validation
13024,train
13025,train
13026,validation
13027,train
13028,validation
13029,test
13030,train
13031,validation
13032,validation
13033,train
13034,train
13035,train
13036,train
13037,train
13038,train
13039,test
13040,train
13041,train
13042,train
13043,train
13044,validation
13045,validation
13046,test
13047,train
13048,train
13049,test
13050,train
13051,test
13052,train
13053,train
13054,test
13055,train
13056,validation
13057,validation
13058,train
13059,train
13060,train
13061,train
13062,test
13063,train
13064,test
13065,train
13066,train
13067,validation
13068,train
13069,validation
13070,validation
13071,test
13072,train
13073,train
13074,train
13075,test
13076,train
13077,train
13078,test
13079,train
13080,train
13081,train
13082,train
13083,train
13084,validation
13085,train
13086,train
13087,train
13088,train
13089,validation
13090,validation
13091,validation
13092,validation
13093,test
13094,train
13095,train
13096,train
13097,train
13098,train
13099,train
13100,train
13101,train
13102,train
13103,train
13104,train
13105,test
13106,train
13107,test
13108,test
13109,train
13110,train
13111,test
13112,validation
13113,train
13114,train
13115,train
13116,train
13117,test
13118,train
13119,test
13120,validation
13121,train
13122,train
13123,train
13124,train
13125,validation
13126,validation
13127,test
13128,test
13129,train
13130,test
13131,test
13132,train
13133,train
13134,train
13135,train
13136,train
13137,test
13138,validation
13139,validation
13140,test
13141,train
13142,test
13143,test
13144,validation
13145,test
13146,test
13147,train
13148,train
13149,validation
13150,train
13151,train
13152,train
13153,train
13154,validation
13155,train
13156,train
13157,train
13158,train
13159,train
13160,train
13161,train
13162,train
13163,train
13164,train
13165,train
13166,test
13167,test
13168,validation
13169,train
13170,train
13171,train
13172,train
13173,validation
13174,validation
13175,train
13176,train
13177,validation
13178,test
13179,validation
13180,validation
13181,test
13182,train
13183,validation
13184,test
13185,train
13186,test
13187,train
13188,train
13189,test
13190,validation
13191,validation
13192,train
13193,train
13194,train
13195,validation
13196,train
13197,test
13198,validation
13199,test
13200,train
13201,train
13202,validation
13203,train
13204,train
13205,train
13206,test
13207,test
13208,validation
13209,validation
13210,train
13211,train
13212,validation
13213,test
13214,train
13215,test
13216,train
13217,train
13218,validation
13219,train
13220,validation
13221,train
13222,train
13223,train
13224,validation
13225,test
13226,train
13227,train
13228,validation
13229,train
13230,train
13231,test
13232,train
13233,validation
13234,train
13235,train
13236,train
13237,train
13238,test
13239,train
13240,test
13241,train
13242,train
13243,train
13244,train
13245,train
13246,train
13247,validation
13248,train
13249,validation
13250,train
13251,train
13252,train
13253,train
13254,test
13255,train
13256,test
13257,test
13258,train
13259,test
13260,test
13261,train
13262,train
13263,train
13264,train
13265,train
13266,train
13267,validation
13268,train
13269,train
13270,train
13271,train
13272,test
13273,train
13274,validation
13275,validation
13276,train
13277,test
13278,train
13279,train
13280,train
13281,train
13282,validation
13283,train
13284,test
13285,validation
13286,train
13287,train
13288,validation
13289,train
13290,train
13291,test
13292,validation
13293,train
13294,validation
13295,train
13296,train
13297,test
13298,validation
13299,train
13300,train
13301,validation
13302,train
13303,train
13304,train
13305,test
13306,train
13307,train
13308,test
13309,train
13310,train
13311,train
13312,train
13313,test
13314,train
13315,validation
13316,train
13317,train
13318,validation
13319,test
13320,train
13321,train
13322,test
13323,test
13324,train
13325,train
13326,train
13327,test
13328,train
13329,validation
13330,train
13331,test
13332,train
13333,validation
13334,train
13335,validation
13336,train
13337,train
13338,train
13339,train
13340,train
13341,train
13342,test
13343,train
13344,validation
13345,train
13346,train
13347,test
13348,train
13349,train
13350,train
13351,test
13352,test
13353,train
13354,validation
13355,test
13356,train
13357,validation
13358,train
13359,validation
13360,train
13361,train
13362,train
13363,test
13364,train
13365,test
13366,validation
13367,train
13368,train
13369,train
13370,train
13371,test
13372,train
13373,test
13374,test
13375,validation
13376,train
13377,test
13378,train
13379,train
13380,validation
13381,train
13382,train
13383,train
13384,validation
13385,train
13386,train
13387,train
13388,train
13389,test
13390,train
13391,validation
13392,validation
13393,train
13394,train
13395,train
13396,train
13397,validation
13398,train
13399,train
13400,train
13401,train
13402,train
13403,train
13404,test
13405,train
13406,train
13407,train
13408,train
13409,train
13410,train
13411,train
13412,train
13413,validation
13414,train
13415,test
13416,validation
13417,test
13418,train
13419,train
13420,train
13421,train
13422,train
13423,train
13424,train
13425,test
13426,train
13427,validation
13428,train
13429,train
13430,train
13431,validation
13432,train
13433,test
13434,train
13435,test
13436,train
13437,train
13438,test
13439,train
13440,test
13441,train
13442,test
13443,train
13444,test
13445,train
13446,test
13447,train
13448,validation
13449,test
13450,train
13451,test
13452,validation
13453,train
13454,validation
13455,test
13456,train
13457,train
13458,train
13459,train
13460,train
13461,test
13462,test
13463,train
13464,test
13465,train
13466,train
13467,train
13468,validation
13469,train
13470,train
13471,train
13472,train
13473,validation
13474,validation
13475,train
13476,test
13477,train
13478,validation
13479,test
13480,test
13481,validation
13482,train
13483,test
13484,train
13485,validation
13486,validation
13487,train
13488,train
13489,test
13490,train
13491,validation
13492,train
13493,train
13494,test
13495,validation
13496,train
13497,train
13498,test
13499,train
13500,test
13501,train
13502,train
13503,train
13504,train
13505,train
13506,train
13507,train
13508,train
13509,train
13510,test
13511,train
13512,validation
13513,train
13514,train
13515,test
13516,validation
13517,test
13518,test
13519,train
13520,train
13521,validation
13522,train
13523,test
13524,train
13525,validation
13526,train
13527,train
13528,train
13529,train
13530,train
13531,validation
13532,train
13533,train
13534,test
13535,train
13536,train
13537,validation
13538,train
13539,train
13540,train
13541,train
13542,validation
13543,validation
13544,train
13545,train
13546,train
13547,train
13548,train
13549,test
13550,train
13551,test
13552,train
13553,validation
13554,validation
13555,train
13556,train
13557,train
13558,validation
13559,test
13560,validation
13561,train
13562,train
13563,validation
13564,train
13565,test
13566,validation
13567,train
13568,train
13569,test
13570,train
13571,test
13572,train
13573,train
13574,train
13575,validation
13576,test
13577,test
13578,train
13579,test
13580,validation
13581,train
13582,test
13583,test
13584,train
13585,train
13586,validation
13587,train
13588,validation
13589,train
13590,train
13591,train
13592,train
13593,train
13594,train
13595,train
13596,test
13597,train
13598,validation
13599,train
13600,train
13601,validation
13602,train
13603,validation
13604,validation
13605,train
13606,train
13607,train
13608,train
13609,validation
13610,train
13611,test
13612,train
13613,train
13614,train
13615,train
13616,train
13617,test
13618,train
13619,test
13620,train
13621,test
13622,train
13623,train
13624,train
13625,train
13626,train
13627,train
13628,train
13629,validation
13630,train
13631,validation
13632,train
13633,train
13634,train
13635,validation
13636,validation
13637,validation
13638,test
13639,train
13640,test
13641,train
13642,train
13643,train
13644,train
13645,train
13646,train
13647,train
13648,train
13649,train
13650,train
13651,validation
13652,validation
13653,train
13654,train
13655,validation
13656,train
13657,validation
13658,train
13659,train
13660,train
13661,train
13662,validation
13663,train
13664,train
13665,validation
13666,test
13667,train
13668,train
13669,train
13670,train
13671,train
13672,train
13673,train
13674,validation
13675,train
13676,test
13677,validation
13678,train
13679,train
13680,train
13681,train
13682,train
13683,train
13684,train
13685,validation
13686,train
13687,validation
13688,test
13689,train
13690,validation
13691,test
13692,train
13693,train
13694,validation
13695,train
13696,train
13697,validation
13698,train
13699,train
13700,train
13701,test
13702,test
13703,test
13704,train
13705,test
13706,train
13707,validation
13708,test
13709,train
13710,validation
13711,validation
13712,validation
13713,train
13714,train
13715,train
13716,test
13717,validation
13718,validation
13719,train
13720,validation
13721,train
13722,train
13723,train
13724,train
13725,train
13726,test
13727,test
13728,train
13729,validation
13730,train
13731,train
13732,train
13733,validation
13734,train
13735,train
13736,train
13737,test
13738,test
13739,train
13740,train
13741,train
13742,train
13743,train
13744,test
13745,train
13746,validation
13747,train
13748,train
13749,validation
13750,validation
13751,validation
13752,validation
13753,validation
13754,validation
13755,train
13756,train
13757,train
13758,train
13759,train
13760,test
13761,train
13762,train
13763,train
13764,train
13765,train
13766,train
13767,train
13768,validation
13769,train
13770,test
13771,test
13772,train
13773,train
13774,train
13775,train
13776,train
13777,test
13778,train
13779,train
13780,train
13781,train
13782,train
13783,train
13784,test
13785,test
13786,test
13787,test
13788,train
13789,validation
13790,validation
13791,train
13792,train
13793,train
13794,train
13795,train
13796,train
13797,test
13798,validation
13799,test
13800,test
13801,train
13802,validation
13803,train
13804,train
13805,train
13806,test
13807,train
13808,train
13809,validation
13810,train
13811,test
13812,validation
13813,train
13814,train
13815,train
13816,train
13817,train
13818,validation
13819,train
13820,test
13821,train
13822,train
13823,test
13824,train
13825,test
13826,train
13827,train
13828,train
13829,train
13830,validation
13831,test
13832,train
13833,train
13834,train
13835,train
13836,train
13837,test
13838,train
13839,test
13840,validation
13841,train
13842,train
13843,train
13844,train
13845,train
13846,validation
13847,train
13848,train
13849,train
13850,validation
13851,test
13852,validation
13853,test
13854,test
13855,train
13856,test
13857,test
13858,train
13859,test
13860,train
13861,validation
13862,validation
13863,train
13864,test
13865,test
13866,validation
13867,train
13868,train
13869,test
13870,validation
13871,train
13872,train
13873,train
13874,train
13875,train
13876,validation
13877,train
13878,train
13879,train
13880,train
13881,validation
13882,test
13883,validation
13884,train
13885,train
13886,validation
13887,train
13888,train
13889,validation
13890,train
13891,train
13892,train
13893,validation
13894,test
13895,train
13896,test
13897,train
13898,test
13899,validation
13900,train
13901,test
13902,train
13903,train
13904,train
13905,train
13906,test
13907,test
13908,test
13909,validation
13910,train
13911,train
13912,train
13913,test
13914,train
13915,train
13916,validation
13917,test
13918,validation
13919,train
13920,train
13921,train
13922,test
13923,train
13924,test
13925,test
13926,train
13927,train
13928,train
13929,train
13930,validation
13931,train
13932,test
13933,validation
13934,validation
13935,train
13936,test
13937,test
13938,train
13939,validation
13940,test
13941,train
13942,train
13943,train
13944,validation
13945,train
13946,train
13947,train
13948,train
13949,validation
13950,train
13951,train
13952,train
13953,train
13954,validation
13955,validation
13956,train
13957,validation
13958,train
13959,train
13960,train
13961,train
13962,validation
13963,test
13964,train
13965,test
13966,test
13967,train
13968,train
13969,test
13970,train
13971,train
13972,train
13973,train
13974,train
13975,test
13976,train
13977,validation
13978,train
13979,test
13980,test
13981,validation
13982,test
13983,validation
13984,validation
13985,train
13986,test
13987,train
13988,train
13989,train
13990,validation
13991,train
13992,train
13993,train
13994,validation
13995,train
13996,test
13997,test
13998,validation
13999,validation
14000,train
14001,validation
14002,train
14003,train
14004,train
14005,train
14006,validation
14007,train
14008,train
14009,train
14010,train
14011,train
14012,train
14013,train
14014,train
14015,train
14016,train
14017,train
14018,train
14019,train
14020,test
14021,train
14022,test
14023,validation
14024,train
14025,validation
14026,train
14027,validation
14028,train
14029,validation
14030,train
14031,train
14032,validation
14033,train
14034,train
14035,test
14036,validation
14037,train
14038,validation
14039,train
14040,train
14041,train
14042,validation
14043,train
14044,train
14045,train
14046,test
14047,validation
14048,test
14049,train
14050,test
14051,train
14052,train
14053,train
14054,train
14055,train
14056,train
14057,test
14058,validation
14059,train
14060,test
14061,train
14062,train
14063,train
14064,train
14065,train
14066,train
14067,train
14068,test
14069,train
14070,validation
14071,test
14072,train
14073,train
14074,train
14075,train
14076,train
14077,train
14078,test
14079,train
14080,validation
14081,train
14082,train
14083,train
14084,train
14085,test
14086,train
14087,train
14088,test
14089,validation
14090,train
14091,validation
14092,train
14093,train
14094,train
14095,train
14096,train
14097,test
14098,train
14099,validation
14100,train
14101,train
14102,validation
14103,validation
14104,test
14105,train
14106,validation
14107,train
14108,train
14109,train
14110,validation
14111,validation
14112,train
14113,train
14114,train
14115,test
14116,train
14117,train
14118,test
14119,test
14120,train
14121,train
14122,train
14123,test
14124,validation
14125,train
14126,train
14127,test
14128,train
14129,test
14130,train
14131,train
14132,test
14133,test
14134,validation
14135,validation
14136,train
14137,train
14138,train
14139,validation
14140,test
14141,test
14142,train
14143,test
14144,test
14145,validation
14146,test
14147,train
14148,train
14149,validation
14150,validation
14151,train
14152,validation
14153,train
14154,train
14155,test
14156,train
14157,train
14158,train
14159,train
14160,train
14161,train
14162,test
14163,test
14164,train
14165,train
14166,test
14167,train
14168,train
14169,test
14170,train
14171,train
14172,test
14173,train
14174,train
14175,train
14176,train
14177,train
14178,test
14179,validation
14180,test
14181,train
14182,train
14183,train
14184,test
14185,validation
14186,test
14187,test
14188,train
14189,train
14190,train
14191,validation
14192,train
14193,train
14194,train
14195,train
14196,train
14197,train
14198,train
14199,test
14200,train
14201,train
14202,validation
14203,validation
14204,validation
14205,validation
14206,test
14207,test
14208,test
14209,validation
14210,validation
14211,validation
14212,validation
14213,train
14214,train
14215,train
14216,train
14217,test
14218,train
14219,validation
14220,validation
14221,train
14222,test
14223,train
14224,train
14225,train
14226,test
14227,test
14228,train
14229,train
14230,train
14231,train
14232,validation
14233,train
14234,validation
14235,test
14236,train
14237,validation
14238,validation
14239,train
14240,test
14241,train
14242,train
14243,train
14244,train
14245,validation
14246,test
14247,train
14248,train
14249,validation
14250,test
14251,validation
14252,train
14253,train
14254,train
14255,validation
14256,train
14257,train
14258,validation
14259,test
14260,train
14261,validation
14262,train
14263,train
14264,validation
14265,train
14266,validation
14267,train
14268,test
14269,train
14270,train
14271,validation
14272,train
14273,train
14274,train
14275,train
14276,train
14277,train
14278,train
14279,test
14280,train
14281,validation
14282,train
14283,train
14284,validation
14285,validation
14286,train
14287,train
14288,validation
14289,validation
14290,train
14291,test
14292,train
14293,train
14294,test
14295,test
14296,train
14297,train
14298,train
14299,train
14300,train
14301,test
14302,train
14303,train
14304,train
14305,test
14306,train
14307,train
14308,test
14309,validation
14310,train
14311,train
14312,validation
14313,train
14314,validation
14315,validation
14316,train
14317,train
14318,train
14319,train
14320,train
14321,train
14322,train
14323,train
14324,train
14325,train
14326,train
14327,train
14328,validation
14329,train
14330,test
14331,train
14332,train
14333,train
14334,train
14335,train
14336,test
14337,train
14338,test
14339,validation
14340,train
14341,train
14342,validation
14343,validation
14344,validation
14345,train
14346,train
14347,validation
14348,test
14349,train
14350,train
14351,train
14352,train
14353,validation
14354,test
14355,train
14356,train
14357,train
14358,test
14359,train
14360,train
14361,test
14362,train
14363,train
14364,validation
14365,train
14366,train
14367,train
14368,validation
14369,test
14370,train
14371,test
14372,validation
14373,train
14374,train
14375,train
14376,validation
14377,train
14378,validation
14379,test
14380,test
14381,validation
14382,test
14383,train
14384,train
14385,train
14386,validation
14387,train
14388,validation
14389,validation
14390,validation
14391,validation
14392,train
14393,test
14394,test
14395,train
14396,test
14397,train
14398,test
14399,test
14400,train
14401,train
14402,train
14403,train
14404,train
14405,train
14406,train
14407,train
14408,train
14409,train
14410,train
14411,train
14412,train
14413,train
14414,train
14415,train
14416,test
14417,validation
14418,train
14419,validation
14420,train
14421,train
14422,train
14423,train
14424,train
14425,train
14426,train
14427,train
14428,test
14429,train
14430,test
14431,train
14432,train
14433,validation
14434,train
14435,train
14436,validation
14437,train
14438,test
14439,test
14440,train
14441,test
14442,test
14443,validation
14444,train
14445,train
14446,validation
14447,train
14448,train
14449,validation
14450,test
14451,validation
14452,test
14453,train
14454,train
14455,test
14456,train
14457,validation
14458,test
14459,test
14460,test
14461,train
14462,validation
14463,train
14464,train
14465,train
14466,test
14467,test
14468,train
14469,test
14470,train
14471,train
14472,test
14473,train
14474,train
14475,train
14476,test
14477,test
14478,test
14479,train
14480,train
14481,train
14482,train
14483,test
14484,train
14485,test
14486,train
14487,train
14488,train
14489,train
14490,train
14491,train
14492,train
14493,train
14494,test
14495,train
14496,test
14497,train
14498,train
14499,train
14500,test
14501,train
14502,validation
14503,train
14504,train
14505,train
14506,train
14507,validation
14508,train
14509,test
14510,train
14511,train
14512,train
14513,train
14514,train
14515,train
14516,train
14517,validation
14518,train
14519,train
14520,train
14521,validation
14522,train
14523,train
14524,test
14525,validation
14526,train
14527,train
14528,train
14529,train
14530,train
14531,train
14532,train
14533,train
14534,validation
14535,train
14536,validation
14537,train
14538,train
14539,train
14540,train
14541,test
14542,train
14543,train
14544,validation
14545,validation
14546,train
14547,train
14548,train
14549,train
14550,train
14551,train
14552,train
14553,train
14554,train
14555,test
14556,train
14557,train
14558,train
14559,train
14560,validation
14561,validation
14562,train
14563,test
14564,test
14565,train
14566,train
14567,validation
14568,validation
14569,train
14570,train
14571,train
14572,train
14573,train
14574,train
14575,test
14576,test
14577,validation
14578,validation
14579,test
14580,train
14581,test
14582,train
14583,train
14584,validation
14585,test
14586,train
14587,validation
14588,test
14589,test
14590,train
14591,test
14592,train
14593,test
14594,train
14595,test
14596,validation
14597,test
14598,train
14599,train
14600,train
14601,test
14602,test
14603,train
14604,train
14605,train
14606,test
14607,train
14608,train
14609,train
14610,validation
14611,test
14612,train
14613,train
14614,validation
14615,validation
14616,test
14617,validation
14618,train
14619,train
14620,train
14621,train
14622,train
14623,train
14624,validation
14625,test
14626,train
14627,validation
14628,train
14629,test
14630,train
14631,validation
14632,train
14633,train
14634,train
14635,train
14636,test
14637,validation
14638,train
14639,train
14640,test
14641,train
14642,validation
14643,train
14644,test
14645,validation
14646,train
14647,train
14648,validation
14649,train
14650,train
14651,train
14652,validation
14653,test
14654,train
14655,test
14656,test
14657,train
14658,train
14659,train
14660,test
14661,train
14662,train
14663,test
14664,train
14665,test
14666,train
14667,validation
14668,train
14669,train
14670,validation
14671,train
14672,validation
14673,train
14674,validation
14675,train
14676,train
14677,train
14678,validation
14679,train
14680,train
14681,train
14682,validation
14683,train
14684,train
14685,validation
14686,validation
14687,train
14688,test
14689,train
14690,train
14691,validation
14692,train
14693,test
14694,test
14695,validation
14696,validation
14697,train
14698,train
14699,train
14700,validation
14701,test
14702,train
14703,train
14704,test
14705,train
14706,train
14707,test
14708,test
14709,validation
14710,train
14711,train
14712,train
14713,test
14714,train
14715,train
14716,train
14717,train
14718,test
14719,train
14720,train
14721,train
14722,validation
14723,test
14724,validation
14725,validation
14726,train
14727,test
14728,train
14729,test
14730,train
14731,test
14732,validation
14733,train
14734,test
14735,train
14736,test
14737,validation
14738,train
14739,train
14740,test
14741,train
14742,train
14743,train
14744,test
14745,validation
14746,train
14747,train
14748,train
14749,train
14750,train
14751,train
14752,train
14753,validation
14754,train
14755,train
14756,train
14757,validation
14758,validation
14759,train
14760,validation
14761,train
14762,train
14763,train
14764,train
14765,train
14766,validation
14767,train
14768,train
14769,test
14770,test
14771,train
14772,validation
14773,test
14774,train
14775,train
14776,validation
14777,train
14778,train
14779,test
14780,validation
14781,test
14782,train
14783,validation
14784,train
14785,train
14786,train
14787,train
14788,train
14789,train
14790,test
14791,train
14792,train
14793,train
14794,train
14795,train
14796,train
14797,train
14798,train
14799,train
14800,train
14801,validation
14802,test
14803,validation
14804,train
14805,train
14806,validation
14807,test
14808,train
14809,test
14810,train
14811,test
14812,test
14813,train
14814,validation
14815,validation
14816,train
14817,validation
14818,train
14819,train
14820,validation
14821,train
14822,train
14823,train
14824,train
14825,train
14826,train
14827,train
14828,train
14829,validation
14830,validation
14831,test
14832,validation
14833,test
14834,train
14835,train
14836,test
14837,test
14838,train
14839,test
14840,train
14841,train
14842,train
14843,train
14844,validation
14845,test
14846,train
14847,train
14848,train
14849,train
14850,train
14851,train
14852,validation
14853,train
14854,train
14855,validation
14856,train
14857,train
14858,train
14859,train
14860,validation
14861,train
14862,validation
14863,validation
14864,train
14865,train
14866,test
14867,validation
14868,train
14869,train
14870,test
14871,train
14872,train
14873,train
14874,train
14875,test
14876,validation
14877,train
14878,train
14879,test
14880,train
14881,train
14882,train
14883,train
14884,validation
14885,validation
14886,train
14887,train
14888,train
14889,test
14890,train
14891,train
14892,validation
14893,train
14894,train
14895,test
14896,test
14897,train
14898,test
14899,train
14900,validation
14901,validation
14902,test
14903,train
14904,train
14905,validation
14906,train
14907,train
14908,train
14909,test
14910,test
14911,test
14912,train
14913,train
14914,test
14915,validation
14916,validation
14917,test
14918,train
14919,train
14920,test
14921,train
14922,validation
14923,test
14924,train
14925,train
14926,train
14927,train
14928,train
14929,train
14930,validation
14931,test
14932,test
14933,validation
14934,test
14935,train
14936,test
14937,train
14938,validation
14939,train
14940,validation
14941,train
14942,train
14943,train
14944,train
14945,train
14946,validation
14947,validation
14948,validation
14949,train
14950,validation
14951,train
14952,test
14953,test
14954,train
14955,train
14956,train
14957,validation
14958,validation
14959,train
14960,test
14961,train
14962,validation
14963,validation
14964,validation
14965,train
14966,train
14967,train
14968,train
14969,validation
14970,train
14971,train
14972,train
14973,test
14974,train
14975,train
14976,train
14977,train
14978,validation
14979,train
14980,test
14981,train
14982,validation
14983,validation
14984,train
14985,train
14986,validation
14987,train
14988,train
14989,train
14990,train
14991,test
14992,test
14993,train
14994,train
14995,train
14996,train
14997,test
14998,test
14999,train
15000,train
15001,validation
15002,train
15003,train
15004,train
15005,train
15006,train
15007,train
15008,train
15009,train
15010,train
15011,validation
15012,train
15013,train
15014,train
15015,train
15016,validation
15017,test
15018,test
15019,test
15020,train
15021,train
15022,train
15023,train
15024,test
15025,train
15026,test
15027,train
15028,train
15029,test
15030,train
15031,validation
15032,train
15033,validation
15034,train
15035,train
15036,validation
15037,test
15038,train
15039,test
15040,test
15041,train
15042,train
15043,train
15044,test
15045,train
15046,train
15047,train
15048,test
15049,train
15050,train
15051,train
15052,validation
15053,validation
15054,test
15055,test
15056,train
15057,train
15058,train
15059,train
15060,train
15061,train
15062,train
15063,train
15064,train
15065,train
15066,train
15067,validation
15068,test
15069,train
15070,test
15071,train
15072,validation
15073,train
15074,test
15075,test
15076,validation
15077,train
15078,train
15079,train
15080,validation
15081,test
15082,train
15083,train
15084,train
15085,train
15086,validation
15087,validation
15088,train
15089,validation
15090,validation
15091,test
15092,train
15093,validation
15094,validation
15095,train
15096,train
15097,train
15098,train
15099,test
15100,validation
15101,train
15102,train
15103,train
15104,test
15105,train
15106,validation
15107,test
15108,train
15109,test
15110,train
15111,train
15112,train
15113,train
15114,validation
15115,train
15116,train
15117,train
15118,train
15119,test
15120,train
15121,train
15122,train
15123,validation
15124,train
15125,train
15126,train
15127,train
15128,train
15129,train
15130,train
15131,train
15132,train
15133,train
15134,train
15135,train
15136,test
15137,validation
15138,validation
15139,train
15140,train
15141,test
15142,train
15143,train
15144,train
15145,test
15146,validation
15147,test
15148,test
15149,train
15150,validation
15151,train
15152,validation
15153,train
15154,test
15155,train
15156,validation
15157,validation
15158,train
15159,train
15160,validation
15161,train
15162,train
15163,validation
15164,train
15165,train
15166,test
15167,train
15168,train
15169,train
15170,train
15171,validation
15172,validation
15173,train
15174,validation
15175,train
15176,validation
15177,train
15178,validation
15179,validation
15180,train
15181,train
15182,train
15183,train
15184,train
15185,train
15186,validation
15187,train
15188,test
15189,test
15190,validation
15191,test
15192,validation
15193,validation
15194,train
15195,train
15196,train
15197,test
15198,train
15199,test
15200,train
15201,test
15202,validation
15203,test
15204,test
15205,test
15206,train
15207,test
15208,train
15209,train
15210,train
15211,train
15212,train
15213,train
15214,validation
15215,validation
15216,validation
15217,validation
15218,train
15219,train
15220,train
15221,train
15222,train
15223,train
15224,test
15225,validation
15226,train
15227,train
15228,validation
15229,train
15230,train
15231,train
15232,test
15233,train
15234,train
15235,train
15236,test
15237,validation
15238,test
15239,validation
15240,train
15241,train
15242,train
15243,train
15244,train
15245,validation
15246,train
15247,test
15248,train
15249,train
15250,train
15251,train
15252,test
15253,train
15254,validation
15255,train
15256,train
15257,train
15258,test
15259,test
15260,train
15261,test
15262,test
15263,test
15264,validation
15265,train
15266,test
15267,train
15268,train
15269,test
15270,validation
15271,train
15272,train
15273,test
15274,train
15275,train
15276,train
15277,validation
15278,validation
15279,train
15280,train
15281,validation
15282,validation
15283,train
15284,train
15285,train
15286,train
15287,validation
15288,train
15289,validation
15290,train
15291,test
15292,train
15293,test
15294,train
15295,test
15296,test
15297,train
15298,train
15299,train
15300,train
15301,validation
15302,train
15303,train
15304,train
15305,train
15306,train
15307,validation
15308,train
15309,train
15310,validation
15311,test
15312,train
15313,train
15314,validation
15315,train
15316,train
15317,train
15318,train
15319,train
15320,validation
15321,test
15322,test
15323,train
15324,test
15325,test
15326,train
15327,validation
15328,train
15329,test
15330,train
15331,test
15332,validation
15333,validation
15334,train
15335,test
15336,train
15337,test
15338,validation
15339,test
15340,train
15341,validation
15342,train
15343,train
15344,validation
15345,test
15346,validation
15347,test
15348,train
15349,train
15350,train
15351,validation
15352,train
15353,test
15354,train
15355,test
15356,test
15357,train
15358,train
15359,train
15360,train
15361,test
15362,train
15363,train
15364,train
15365,validation
15366,train
15367,test
15368,train
15369,train
15370,train
15371,test
15372,validation
15373,train
15374,train
15375,train
15376,validation
15377,train
15378,test
15379,train
15380,train
15381,train
15382,validation
15383,train
15384,validation
15385,train
15386,train
15387,train
15388,train
15389,test
15390,train
15391,test
15392,test
15393,train
15394,train
15395,validation
15396,train
15397,train
15398,train
15399,train
15400,test
15401,test
15402,train
15403,train
15404,test
15405,train
15406,train
15407,train
15408,train
15409,train
15410,train
15411,train
15412,train
15413,train
15414,train
15415,validation
15416,test
15417,test
15418,validation
15419,validation
15420,train
15421,validation
15422,test
15423,train
15424,validation
15425,train
15426,train
15427,validation
15428,test
15429,train
15430,train
15431,train
15432,validation
15433,test
15434,train
15435,train
15436,train
15437,validation
15438,validation
15439,test
15440,train
15441,validation
15442,train
15443,test
15444,validation
15445,validation
15446,train
15447,test
15448,validation
15449,validation
15450,train
15451,train
15452,train
15453,train
15454,train
15455,test
15456,validation
15457,train
15458,train
15459,test
15460,train
15461,validation
15462,train
15463,train
15464,train
15465,train
15466,test
15467,validation
15468,train
15469,train
15470,train
15471,train
15472,train
15473,train
15474,test
15475,train
15476,test
15477,test
15478,train
15479,train
15480,test
15481,train
15482,train
15483,test
15484,train
15485,train
15486,validation
15487,test
15488,train
15489,train
15490,train
15491,test
15492,validation
15493,train
15494,validation
15495,validation
15496,train
15497,test
15498,test
15499,test
15500,train
15501,train
15502,test
15503,train
15504,test
15505,train
15506,train
15507,validation
15508,train
15509,train
15510,train
15511,train
15512,validation
15513,train
15514,validation
15515,test
15516,test
15517,train
15518,validation
15519,train
15520,test
15521,train
15522,validation
15523,validation
15524,validation
15525,train
15526,train
15527,train
15528,validation
15529,train
15530,train
15531,validation
15532,train
15533,train
15534,train
15535,train
15536,train
15537,test
15538,train
15539,validation
15540,train
15541,train
15542,validation
15543,test
15544,test
15545,train
15546,train
15547,train
15548,validation
15549,train
15550,train
15551,train
15552,validation
15553,train
15554,train
15555,test
15556,train
15557,train
15558,train
15559,train
15560,test
15561,validation
15562,train
15563,train
15564,train
15565,train
15566,validation
15567,train
15568,validation
15569,test
15570,validation
15571,train
15572,train
15573,test
15574,train
15575,train
15576,test
15577,train
15578,train
15579,validation
15580,test
15581,train
15582,train
15583,test
15584,train
15585,train
15586,train
15587,train
15588,test
15589,validation
15590,train
15591,train
15592,test
15593,test
15594,train
15595,train
15596,train
15597,train
15598,train
15599,train
15600,train
15601,test
15602,train
15603,train
15604,train
15605,train
15606,train
15607,validation
15608,train
15609,test
15610,train
15611,train
15612,train
15613,test
15614,train
15615,train
15616,test
15617,validation
15618,train
15619,train
15620,test
15621,test
15622,validation
15623,train
15624,train
15625,train
15626,train
15627,train
15628,train
15629,validation
15630,train
15631,validation
15632,train
15633,train
15634,train
15635,train
15636,validation
15637,train
15638,train
15639,train
15640,train
15641,train
15642,train
15643,train
15644,validation
15645,validation
15646,train
15647,validation
15648,train
15649,train
15650,test
15651,validation
15652,train
15653,train
15654,train
15655,train
15656,train
15657,train
15658,train
15659,train
15660,test
15661,train
15662,train
15663,test
15664,test
15665,test
15666,train
15667,validation
15668,validation
15669,test
15670,train
15671,validation
15672,train
15673,train
15674,test
15675,validation
15676,train
15677,test
15678,validation
15679,validation
15680,validation
15681,validation
15682,validation
15683,train
15684,test
15685,train
15686,train
15687,train
15688,train
15689,train
15690,train
15691,validation
15692,train
15693,train
15694,test
15695,train
15696,train
15697,train
15698,test
15699,train
15700,train
15701,train
15702,test
15703,test
15704,train
15705,train
15706,test
15707,train
15708,train
15709,train
15710,validation
15711,validation
15712,train
15713,train
15714,validation
15715,train
15716,train
15717,train
15718,test
15719,test
15720,train
15721,train
15722,test
15723,validation
15724,train
15725,train
15726,train
15727,train
15728,train
15729,test
15730,train
15731,validation
15732,test
15733,train
15734,validation
15735,train
15736,train
15737,train
15738,train
15739,train
15740,train
15741,train
15742,validation
15743,test
15744,train
15745,test
15746,validation
15747,test
15748,train
15749,train
15750,train
15751,validation
15752,train
15753,train
15754,validation
15755,train
15756,train
15757,validation
15758,train
15759,train
15760,validation
15761,train
15762,train
15763,test
15764,train
15765,test
15766,train
15767,train
15768,test
15769,test
15770,train
15771,train
15772,train
15773,train
15774,train
15775,validation
15776,validation
15777,train
15778,validation
15779,train
15780,train
15781,train
15782,train
15783,test
15784,test
15785,test
15786,train
15787,train
15788,train
15789,train
15790,train
15791,test
15792,test
15793,train
15794,test
15795,train
15796,train
15797,test
15798,train
15799,train
15800,train
15801,validation
15802,train
15803,validation
15804,train
15805,train
15806,test
15807,train
15808,train
15809,validation
15810,validation
15811,test
15812,validation
15813,train
15814,train
15815,test
15816,test
15817,validation
15818,validation
15819,train
15820,validation
15821,test
15822,train
15823,validation
15824,validation
15825,test
15826,train
15827,train
15828,validation
15829,train
15830,train
15831,train
15832,train
15833,test
15834,train
15835,train
15836,validation
15837,test
15838,train
15839,validation
15840,test
15841,train
15842,train
15843,train
15844,train
15845,test
15846,train
15847,train
15848,validation
15849,train
15850,test
15851,train
15852,train
15853,train
15854,test
15855,test
15856,validation
15857,train
15858,train
15859,validation
15860,train
15861,test
15862,test
15863,train
15864,validation
15865,test
15866,validation
15867,train
15868,test
15869,train
15870,train
15871,validation
15872,train
15873,train
15874,train
15875,train
15876,validation
15877,validation
15878,train
15879,validation
15880,train
15881,train
15882,train
15883,train
15884,train
15885,validation
15886,train
15887,train
15888,test
15889,validation
15890,train
15891,train
15892,train
15893,train
15894,train
15895,train
15896,train
15897,train
15898,train
15899,train
15900,validation
15901,train
15902,test
15903,train
15904,train
15905,validation
15906,train
15907,validation
15908,validation
15909,train
15910,train
15911,train
15912,train
15913,test
15914,test
15915,train
15916,train
15917,train
15918,test
15919,train
15920,test
15921,train
15922,validation
15923,test
15924,validation
15925,test
15926,train
15927,train
15928,train
15929,test
15930,train
15931,train
15932,test
15933,validation
15934,train
15935,train
15936,test
15937,train
15938,test
15939,train
15940,test
15941,train
15942,validation
15943,train
15944,validation
15945,train
15946,validation
15947,test
15948,train
15949,train
15950,train
15951,test
15952,train
15953,test
15954,train
15955,train
15956,validation
15957,validation
15958,test
15959,test
15960,validation
15961,train
15962,train
15963,train
15964,validation
15965,test
15966,train
15967,train
15968,validation
15969,test
15970,train
15971,train
15972,validation
15973,validation
15974,test
15975,test
15976,validation
15977,test
15978,train
15979,train
15980,train
15981,train
15982,train
15983,train
15984,test
15985,test
15986,validation
15987,train
15988,validation
15989,validation
15990,train
15991,validation
15992,train
15993,train
15994,test
15995,train
15996,train
15997,train
15998,validation
15999,train
16000,train
16001,test
16002,validation
16003,train
16004,train
16005,train
16006,validation
16007,test
16008,train
16009,validation
16010,validation
16011,train
16012,validation
16013,train
16014,train
16015,validation
16016,train
16017,train
16018,train
16019,train
16020,test
16021,train
16022,train
16023,validation
16024,train
16025,train
16026,test
16027,train
16028,train
16029,test
16030,test
16031,train
16032,train
16033,train
16034,train
16035,train
16036,train
16037,train
16038,train
16039,validation
16040,test
16041,validation
16042,validation
16043,train
16044,train
16045,train
16046,test
16047,train
16048,test
16049,train
16050,train
16051,test
16052,train
16053,train
16054,train
16055,train
16056,train
16057,train
16058,train
16059,train
16060,train
16061,train
16062,train
16063,test
16064,train
16065,train
16066,train
16067,train
16068,train
16069,test
16070,train
16071,test
16072,train
16073,test
16074,test
16075,train
16076,train
16077,train
16078,validation
16079,train
16080,train
16081,validation
16082,validation
16083,test
16084,train
16085,test
16086,train
16087,test
16088,train
16089,train
16090,train
16091,train
16092,validation
16093,validation
16094,train
16095,test
16096,validation
16097,test
16098,train
16099,train
16100,train
16101,validation
16102,train
16103,validation
16104,validation
16105,test
16106,train
16107,train
16108,validation
16109,train
16110,validation
16111,train
16112,test
16113,test
16114,validation
16115,test
16116,train
16117,validation
16118,validation
16119,train
16120,train
16121,train
16122,test
16123,test
16124,train
16125,train
16126,train
16127,train
16128,validation
16129,validation
16130,test
16131,train
16132,train
16133,train
16134,test
16135,train
16136,train
16137,train
16138,test
16139,test
16140,train
16141,train
16142,train
16143,train
16144,train
16145,train
16146,train
16147,validation
16148,test
16149,train
16150,train
16151,train
16152,train
16153,train
16154,validation
16155,train
16156,train
16157,test
16158,train
16159,train
16160,validation
16161,validation
16162,train
16163,train
16164,train
16165,validation
16166,validation
16167,train
16168,train
16169,train
16170,validation
16171,train
16172,train
16173,train
16174,train
16175,train
16176,train
16177,validation
16178,test
16179,train
16180,train
16181,train
16182,train
16183,validation
16184,test
16185,train
16186,train
16187,train
16188,train
16189,validation
16190,train
16191,test
16192,train
16193,train
16194,train
16195,train
16196,train
16197,validation
16198,train
16199,validation
16200,test
16201,validation
16202,train
16203,validation
16204,test
16205,validation
16206,validation
16207,train
16208,test
16209,train
16210,train
16211,train
16212,train
16213,test
16214,train
16215,train
16216,test
16217,test
16218,validation
16219,validation
16220,train
16221,test
16222,test
16223,test
16224,validation
16225,validation
16226,validation
16227,train
16228,test
16229,train
16230,test
16231,test
16232,test
16233,train
16234,test
16235,validation
16236,test
16237,train
16238,train
16239,train
16240,test
16241,validation
16242,train
16243,test
16244,train
16245,train
16246,train
16247,test
16248,validation
16249,train
16250,train
16251,test
16252,train
16253,test
16254,train
16255,train
16256,train
16257,train
16258,train
16259,train
16260,train
16261,validation
16262,train
16263,train
16264,test
16265,train
16266,train
16267,train
16268,test
16269,test
16270,test
16271,validation
16272,validation
16273,train
16274,train
16275,train
16276,train
16277,train
16278,train
16279,train
16280,validation
16281,train
16282,validation
16283,train
16284,test
16285,train
16286,train
16287,train
16288,train
16289,test
16290,train
16291,train
16292,test
16293,train
16294,train
16295,validation
16296,train
16297,test
16298,train
16299,test
16300,test
16301,validation
16302,train
16303,validation
16304,train
16305,train
16306,test
16307,validation
16308,train
16309,test
16310,train
16311,train
16312,train
16313,train
16314,train
16315,validation
16316,train
16317,train
16318,test
16319,train
16320,train
16321,validation
16322,train
16323,validation
16324,train
16325,test
16326,train
16327,test
16328,test
16329,train
16330,train
16331,train
16332,test
16333,train
16334,train
16335,train
16336,test
16337,validation
16338,train
16339,validation
16340,train
16341,train
16342,train
16343,test
16344,validation
16345,validation
16346,test
16347,train
16348,train
16349,train
16350,train
16351,validation
16352,train
16353,train
16354,validation
16355,train
16356,train
16357,test
16358,train
16359,test
16360,validation
16361,validation
16362,train
16363,train
16364,train
16365,test
16366,test
16367,train
16368,validation
16369,train
16370,train
16371,train
16372,validation
16373,train
16374,train
16375,validation
16376,train
16377,train
16378,test
16379,train
16380,test
16381,test
16382,train
16383,train
16384,train
16385,train
16386,train
16387,train
16388,test
16389,train
16390,train
16391,train
16392,train
16393,train
16394,train
16395,train
16396,test
16397,train
16398,train
16399,test
16400,test
16401,test
16402,validation
16403,validation
16404,train
16405,train
16406,validation
16407,train
16408,train
16409,train
16410,train
16411,train
16412,train
16413,train
16414,train
16415,train
16416,train
16417,train
16418,train
16419,validation
16420,validation
16421,train
16422,test
16423,train
16424,train
16425,test
16426,train
16427,test
16428,train
16429,validation
16430,train
16431,train
16432,validation
16433,validation
16434,test
16435,test
16436,train
16437,train
16438,train
16439,validation
16440,train
16441,test
16442,train
16443,train
16444,validation
16445,validation
16446,train
16447,train
16448,test
16449,validation
16450,train
16451,train
16452,validation
16453,test
16454,train
16455,train
16456,test
16457,train
16458,test
16459,test
16460,test
16461,train
16462,train
16463,train
16464,validation
16465,train
16466,train
16467,train
16468,train
16469,train
16470,validation
16471,train
16472,train
16473,train
16474,train
16475,test
16476,train
16477,validation
16478,train
16479,test
16480,validation
16481,test
16482,train
16483,validation
16484,test
16485,train
16486,train
16487,train
16488,train
16489,train
16490,test
16491,train
16492,train
16493,test
16494,train
16495,train
16496,test
16497,validation
16498,test
16499,test
16500,train
16501,test
16502,train
16503,train
16504,test
16505,test
16506,train
16507,train
16508,train
16509,test
16510,train
16511,test
16512,train
16513,test
16514,train
16515,test
16516,validation
16517,train
16518,train
16519,train
16520,validation
16521,train
16522,train
16523,test
16524,train
16525,test
16526,test
16527,train
16528,test
16529,validation
16530,test
16531,train
16532,train
16533,validation
16534,train
16535,validation
16536,train
16537,train
16538,test
16539,validation
16540,train
16541,validation
16542,train
16543,test
16544,train
16545,validation
16546,test
16547,validation
16548,train
16549,train
16550,test
16551,train
16552,train
16553,validation
16554,test
16555,test
16556,train
16557,test
16558,validation
16559,test
16560,test
16561,train
16562,test
16563,validation
16564,train
16565,train
16566,train
16567,validation
16568,train
16569,train
16570,validation
16571,train
16572,train
16573,train
16574,train
16575,train
16576,validation
16577,train
16578,train
16579,train
16580,train
16581,train
16582,train
16583,train
16584,train
16585,train
16586,validation
16587,validation
16588,validation
16589,test
16590,test
16591,train
16592,train
16593,test
16594,train
16595,train
16596,validation
16597,test
16598,validation
16599,train
16600,train
16601,test
16602,train
16603,train
16604,train
16605,test
16606,train
16607,train
16608,train
16609,test
16610,train
16611,validation
16612,train
16613,train
16614,test
16615,train
16616,test
16617,train
16618,train
16619,test
16620,test
16621,test
16622,train
16623,test
16624,train
16625,validation
16626,train
16627,validation
16628,validation
16629,train
16630,test
16631,test
16632,train
16633,test
16634,train
16635,train
16636,train
16637,train
16638,train
16639,test
16640,train
16641,validation
16642,train
16643,train
16644,train
16645,train
16646,train
16647,validation
16648,test
16649,train
16650,validation
16651,train
16652,train
16653,train
16654,train
16655,train
16656,validation
16657,train
16658,train
16659,train
16660,train
16661,test
16662,validation
16663,test
16664,train
16665,validation
16666,test
16667,test
16668,train
16669,test
16670,train
16671,validation
16672,validation
16673,train
16674,test
16675,train
16676,validation
16677,test
16678,validation
16679,test
16680,train
16681,train
16682,test
16683,train
16684,validation
16685,test
16686,train
16687,train
16688,validation
16689,train
16690,validation
16691,validation
16692,train
16693,train
16694,train
16695,train
16696,train
16697,train
16698,test
16699,test
16700,test
16701,validation
16702,validation
16703,test
16704,test
16705,test
16706,test
16707,train
16708,test
16709,train
16710,validation
16711,train
16712,train
16713,train
16714,train
16715,test
16716,train
16717,validation
16718,validation
16719,test
16720,test
16721,validation
16722,train
16723,validation
16724,test
16725,train
16726,train
16727,validation
16728,train
16729,train
16730,validation
16731,train
16732,train
16733,test
16734,validation
16735,test
16736,validation
16737,train
16738,test
16739,test
16740,validation
16741,train
16742,validation
16743,validation
16744,train
16745,train
16746,train
16747,train
16748,train
16749,train
16750,test
16751,validation
16752,train
16753,validation
16754,validation
16755,train
16756,validation
16757,train
16758,validation
16759,train
16760,test
16761,train
16762,test
16763,train
16764,train
16765,validation
16766,train
16767,train
16768,train
16769,train
16770,train
16771,validation
16772,train
16773,train
16774,test
16775,train
16776,train
16777,test
16778,train
16779,test
16780,test
16781,train
16782,test
16783,test
16784,validation
16785,train
16786,test
16787,validation
16788,train
16789,validation
16790,train
16791,train
16792,train
16793,train
16794,train
16795,train
16796,train
16797,test
16798,train
16799,test
16800,validation
16801,validation
16802,train
16803,train
16804,validation
16805,test
16806,train
16807,test
16808,test
16809,train
16810,train
16811,train
16812,train
16813,train
16814,train
16815,train
16816,validation
16817,validation
16818,train
16819,validation
16820,train
16821,train
16822,validation
16823,train
16824,test
16825,train
16826,test
16827,train
16828,train
16829,train
16830,validation
16831,test
16832,train
16833,train
16834,test
16835,validation
16836,validation
16837,train
16838,test
16839,train
16840,train
16841,train
16842,test
16843,test
16844,validation
16845,train
16846,train
16847,train
16848,train
16849,train
16850,train
16851,train
16852,train
16853,train
16854,train
16855,train
16856,train
16857,train
16858,train
16859,validation
16860,train
16861,train
16862,train
16863,test
16864,validation
16865,train
16866,test
16867,test
16868,train
16869,train
16870,test
16871,validation
16872,train
16873,test
16874,train
16875,train
16876,train
16877,train
16878,validation
16879,validation
16880,train
16881,validation
16882,validation
16883,validation
16884,train
16885,train
16886,train
16887,train
16888,train
16889,train
16890,train
16891,train
16892,train
16893,train
16894,train
16895,validation
16896,train
16897,train
16898,validation
16899,train
16900,train
16901,train
16902,train
16903,test
16904,test
16905,validation
16906,train
16907,train
16908,train
16909,test
16910,test
16911,test
16912,validation
16913,validation
16914,train
16915,test
16916,test
16917,train
16918,test
16919,train
16920,train
16921,train
16922,validation
16923,train
16924,train
16925,test
16926,train
16927,train
16928,train
16929,test
16930,train
16931,train
16932,train
16933,train
16934,train
16935,train
16936,train
16937,train
16938,validation
16939,train
16940,train
16941,validation
16942,validation
16943,train
16944,train
16945,validation
16946,validation
16947,train
16948,train
16949,train
16950,train
16951,test
16952,validation
16953,test
16954,train
16955,train
16956,train
16957,train
16958,validation
16959,train
16960,test
16961,validation
16962,test
16963,train
16964,test
16965,test
16966,validation
16967,train
16968,train
16969,train
16970,validation
16971,validation
16972,train
16973,test
16974,train
16975,train
16976,validation
16977,test
16978,train
16979,train
16980,test
16981,train
16982,train
16983,test
16984,train
16985,validation
16986,validation
16987,train
16988,train
16989,test
16990,train
16991,train
16992,train
16993,train
16994,train
16995,validation
16996,train
16997,train
16998,train
16999,test
17000,test
17001,test
17002,test
17003,train
17004,validation
17005,test
17006,train
17007,train
17008,train
17009,train
17010,train
17011,train
17012,test
17013,train
17014,train
17015,validation
17016,validation
17017,validation
17018,train
17019,train
17020,validation
17021,train
17022,test
17023,train
17024,train
17025,validation
17026,train
17027,train
17028,test
17029,validation
17030,validation
17031,validation
17032,train
17033,train
17034,train
17035,train
17036,validation
17037,train
17038,train
17039,test
17040,test
17041,validation
17042,train
17043,train
17044,validation
17045,train
17046,train
17047,validation
17048,train
17049,train
17050,train
17051,validation
17052,train
17053,train
17054,train
17055,train
17056,validation
17057,train
17058,train
17059,train
17060,train
17061,validation
17062,test
17063,test
17064,validation
17065,train
17066,train
17067,train
17068,train
17069,validation
17070,validation
17071,train
17072,train
17073,train
17074,train
17075,train
17076,validation
17077,train
17078,train
17079,train
17080,test
17081,test
17082,test
17083,test
17084,validation
17085,train
17086,train
17087,train
17088,train
17089,train
17090,train
17091,train
17092,train
17093,train
17094,train
17095,test
17096,test
17097,train
17098,test
17099,validation
17100,test
17101,train
17102,validation
17103,train
17104,validation
17105,train
17106,train
17107,train
17108,train
17109,train
17110,train
17111,train
17112,validation
17113,validation
17114,train
17115,train
17116,validation
17117,train
17118,train
17119,train
17120,validation
17121,train
17122,train
17123,train
17124,train
17125,validation
17126,train
17127,train
17128,train
17129,test
17130,train
17131,train
17132,train
17133,validation
17134,validation
17135,train
17136,validation
17137,train
17138,validation
17139,train
17140,train
17141,train
17142,train
17143,train
17144,train
17145,train
17146,train
17147,train
17148,test
17149,train
17150,train
17151,validation
17152,validation
17153,test
17154,train
17155,train
17156,train
17157,train
17158,validation
17159,train
17160,train
17161,train
17162,train
17163,test
17164,test
17165,train
17166,validation
17167,test
17168,validation
17169,train
17170,validation
17171,train
17172,train
17173,test
17174,test
17175,train
17176,train
17177,train
17178,train
17179,test
17180,train
17181,train
17182,train
17183,validation
17184,validation
17185,train
17186,validation
17187,train
17188,test
17189,test
17190,validation
17191,train
17192,train
17193,train
17194,train
17195,train
17196,train
17197,train
17198,validation
17199,train
17200,train
17201,test
17202,validation
17203,test
17204,train
17205,validation
17206,train
17207,test
17208,train
17209,train
17210,test
17211,train
17212,train
17213,validation
17214,validation
17215,validation
17216,train
17217,train
17218,train
17219,train
17220,train
17221,train
17222,train
17223,test
17224,train
17225,test
17226,train
17227,validation
17228,train
17229,train
17230,train
17231,test
17232,validation
17233,train
17234,train
17235,validation
17236,train
17237,test
17238,train
17239,validation
17240,train
17241,test
17242,train
17243,train
17244,test
17245,train
17246,train
17247,test
17248,test
17249,train
17250,train
17251,train
17252,train
17253,train
17254,validation
17255,train
17256,train
17257,test
17258,train
17259,validation
17260,validation
17261,train
17262,test
17263,validation
17264,train
17265,validation
17266,train
17267,validation
17268,train
17269,train
17270,validation
17271,train
17272,validation
17273,train
17274,train
17275,test
17276,train
17277,train
17278,validation
17279,validation
17280,train
17281,train
17282,validation
17283,test
17284,train
17285,test
17286,validation
17287,test
17288,train
17289,train
17290,train
17291,test
17292,test
17293,test
17294,train
17295,train
17296,train
17297,train
17298,validation
17299,validation
17300,train
17301,validation
17302,train
17303,test
17304,train
17305,validation
17306,validation
17307,train
17308,validation
17309,train
17310,test
17311,test
17312,train
17313,train
17314,test
17315,test
17316,test
17317,train
17318,train
17319,test
17320,train
17321,test
17322,train
17323,test
17324,train
17325,train
17326,train
17327,test
17328,test
17329,test
17330,train
17331,train
17332,validation
17333,test
17334,validation
17335,train
17336,test
17337,test
17338,train
17339,test
17340,test
17341,validation
17342,train
17343,test
17344,test
17345,train
17346,train
17347,train
17348,train
17349,train
17350,train
17351,validation
17352,validation
17353,test
17354,validation
17355,train
17356,test
17357,test
17358,test
17359,train
17360,test
17361,train
17362,train
17363,train
17364,train
17365,train
17366,validation
17367,train
17368,train
17369,train
17370,train
17371,validation
17372,train
17373,train
17374,train
17375,train
17376,validation
17377,train
17378,train
17379,train
17380,train
17381,train
17382,test
17383,train
17384,train
17385,train
17386,train
17387,train
17388,train
17389,validation
17390,test
17391,test
17392,test
17393,train
17394,validation
17395,train
17396,train
17397,train
17398,train
17399,train
17400,test
17401,validation
17402,test
17403,test
17404,test
17405,train
17406,test
17407,test
17408,test
17409,train
17410,test
17411,train
17412,train
17413,train
17414,validation
17415,train
17416,train
17417,train
17418,test
17419,train
17420,train
17421,test
17422,train
17423,train
17424,validation
17425,train
17426,train
17427,train
17428,validation
17429,train
17430,validation
17431,train
17432,train
17433,test
17434,train
17435,validation
17436,train
17437,test
17438,train
17439,train
17440,train
17441,test
17442,test
17443,train
17444,validation
17445,test
17446,train
17447,test
17448,validation
17449,train
17450,train
17451,validation
17452,train
17453,train
17454,validation
17455,train
17456,train
17457,train
17458,train
17459,train
17460,train
17461,train
17462,train
17463,validation
17464,train
17465,validation
17466,test
17467,test
17468,validation
17469,train
17470,test
17471,test
17472,test
17473,train
17474,train
17475,train
17476,validation
17477,train
17478,validation
17479,train
17480,train
17481,train
17482,train
17483,validation
17484,train
17485,test
17486,train
17487,train
17488,train
17489,test
17490,train
17491,train
17492,train
17493,train
17494,train
17495,train
17496,train
17497,test
17498,validation
17499,train
17500,test
17501,validation
17502,train
17503,test
17504,train
17505,validation
17506,train
17507,train
17508,train
17509,test
17510,train
17511,train
17512,train
17513,train
17514,validation
17515,validation
17516,test
17517,train
17518,test
17519,train
17520,train
17521,train
17522,validation
17523,train
17524,test
17525,train
17526,test
17527,test
17528,test
17529,train
17530,train
17531,validation
17532,train
17533,train
17534,train
17535,train
17536,test
17537,validation
17538,train
17539,validation
17540,validation
17541,train
17542,test
17543,train
17544,train
17545,train
17546,train
17547,train
17548,train
17549,train
17550,validation
17551,validation
17552,train
17553,validation
17554,train
17555,validation
17556,test
17557,test
17558,train
17559,train
17560,train
17561,train
17562,validation
17563,train
17564,train
17565,train
17566,test
17567,validation
17568,train
17569,test
17570,validation
17571,train
17572,train
17573,validation
17574,validation
17575,train
17576,train
17577,train
17578,train
17579,train
17580,validation
17581,train
17582,train
17583,train
17584,validation
17585,validation
17586,train
17587,train
17588,train
17589,train
17590,train
17591,train
17592,train
17593,train
17594,test
17595,train
17596,test
17597,train
17598,train
17599,train
17600,train
17601,train
17602,test
17603,train
17604,validation
17605,train
17606,test
17607,train
17608,test
17609,train
17610,train
17611,train
17612,train
17613,validation
17614,train
17615,validation
17616,train
17617,validation
17618,train
17619,train
17620,validation
17621,train
17622,train
17623,train
17624,validation
17625,validation
17626,train
17627,test
17628,validation
17629,train
17630,train
17631,train
17632,test
17633,test
17634,train
17635,train
17636,test
17637,train
17638,train
17639,train
17640,train
17641,train
17642,train
17643,train
17644,train
17645,train
17646,test
17647,train
17648,validation
17649,validation
17650,test
17651,train
17652,validation
17653,validation
17654,test
17655,test
17656,validation
17657,test
17658,train
17659,train
17660,train
17661,train
17662,train
17663,validation
17664,train
17665,train
17666,validation
17667,train
17668,train
17669,validation
17670,train
17671,validation
17672,train
17673,train
17674,validation
17675,train
17676,train
17677,validation
17678,train
17679,test
17680,validation
17681,train
17682,test
17683,test
17684,test
17685,validation
17686,validation
17687,train
17688,test
17689,train
17690,train
17691,train
17692,train
17693,test
17694,train
17695,validation
17696,validation
17697,train
17698,validation
17699,train
17700,train
17701,test
17702,validation
17703,train
17704,train
17705,train
17706,validation
17707,train
17708,train
17709,train
17710,train
17711,train
17712,validation
17713,validation
17714,validation
17715,train
17716,validation
17717,train
17718,train
17719,train
17720,train
17721,validation
17722,test
17723,validation
17724,validation
17725,train
17726,train
17727,train
17728,test
17729,validation
17730,train
17731,train
17732,validation
17733,test
17734,test
17735,train
17736,validation
17737,train
17738,test
17739,test
17740,train
17741,validation
17742,test
17743,validation
17744,validation
17745,validation
17746,train
17747,test
17748,train
17749,train
17750,train
17751,validation
17752,train
17753,test
17754,train
17755,train
17756,validation
17757,test
17758,train
17759,test
17760,test
17761,train
17762,validation
17763,validation
17764,test
17765,train
17766,train
17767,train
17768,test
17769,train
17770,train
17771,train
17772,train
17773,validation
17774,train
17775,train
17776,train
17777,train
17778,train
17779,train
17780,test
17781,train
17782,validation
17783,train
17784,train
17785,train
17786,validation
17787,validation
17788,train
17789,train
17790,train
17791,train
17792,validation
17793,test
17794,test
17795,train
17796,validation
17797,train
17798,train
17799,test
17800,train
17801,validation
17802,test
17803,test
17804,train
17805,train
17806,train
17807,train
17808,train
17809,validation
17810,validation
17811,train
17812,train
17813,test
17814,train
17815,train
17816,validation
17817,train
17818,train
17819,train
17820,train
17821,train
17822,train
17823,train
17824,train
17825,train
17826,validation
17827,train
17828,train
17829,validation
17830,train
17831,train
17832,test
17833,test
17834,train
17835,test
17836,train
17837,train
17838,train
17839,train
17840,train
17841,train
17842,train
17843,train
17844,train
17845,validation
17846,train
17847,train
17848,train
17849,validation
17850,test
17851,train
17852,train
17853,train
17854,validation
17855,test
17856,train
17857,train
17858,train
17859,test
17860,test
17861,test
17862,train
17863,validation
17864,test
17865,validation
17866,validation
17867,train
17868,validation
17869,train
17870,train
17871,train
17872,train
17873,train
17874,train
17875,train
17876,test
17877,train
17878,validation
17879,train
17880,train
17881,train
17882,train
17883,validation
17884,train
17885,train
17886,train
17887,validation
17888,test
17889,test
17890,train
17891,validation
17892,train
17893,train
17894,validation
17895,validation
17896,train
17897,test
17898,validation
17899,train
17900,train
17901,train
17902,train
17903,test
17904,train
17905,train
17906,validation
17907,train
17908,train
17909,train
17910,train
17911,validation
17912,validation
17913,test
17914,test
17915,test
17916,train
17917,test
17918,train
17919,validation
17920,test
17921,train
17922,train
17923,test
17924,validation
17925,train
17926,test
17927,validation
17928,train
17929,train
17930,validation
17931,test
17932,train
17933,validation
17934,test
17935,validation
17936,train
17937,train
17938,train
17939,train
17940,validation
17941,validation
17942,test
17943,train
17944,train
17945,validation
17946,train
17947,train
17948,train
17949,validation
17950,train
17951,train
17952,validation
17953,test
17954,validation
17955,train
17956,train
17957,train
17958,train
17959,validation
17960,train
17961,train
17962,test
17963,validation
17964,test
17965,validation
17966,train
17967,train
17968,train
17969,validation
17970,validation
17971,test
17972,train
17973,train
17974,train
17975,test
17976,train
17977,train
17978,train
17979,test
17980,test
17981,train
17982,train
17983,train
17984,train
17985,train
17986,train
17987,train
17988,train
17989,test
17990,train
17991,train
17992,train
17993,validation
17994,train
17995,train
17996,train
17997,validation
17998,test
17999,train
18000,test
18001,validation
18002,validation
18003,train
18004,test
18005,train
18006,test
18007,train
18008,test
18009,train
18010,test
18011,test
18012,train
18013,train
18014,train
18015,train
18016,test
18017,train
18018,train
18019,test
18020,train
18021,validation
18022,test
18023,test
18024,test
18025,test
18026,train
18027,train
18028,train
18029,train
18030,test
18031,validation
18032,validation
18033,validation
18034,train
18035,validation
18036,validation
18037,test
18038,test
18039,train
18040,train
18041,train
18042,train
18043,validation
18044,test
18045,train
18046,test
18047,test
18048,train
18049,train
18050,train
18051,test
18052,validation
18053,train
18054,train
18055,test
18056,test
18057,validation
18058,test
18059,train
18060,train
18061,train
18062,train
18063,validation
18064,test
18065,train
18066,train
18067,test
18068,train
18069,train
18070,test
18071,train
18072,test
18073,train
18074,train
18075,train
18076,train
18077,test
18078,train
18079,train
18080,train
18081,test
18082,train
18083,train
18084,test
18085,validation
18086,validation
18087,test
18088,validation
18089,test
18090,train
18091,validation
18092,test
18093,train
18094,train
18095,train
18096,train
18097,train
18098,train
18099,test
18100,train
18101,validation
18102,validation
18103,train
18104,validation
18105,test
18106,test
18107,train
18108,validation
18109,train
18110,train
18111,validation
18112,train
18113,train
18114,train
18115,test
18116,train
18117,test
18118,train
18119,validation
18120,train
18121,test
18122,train
18123,train
18124,validation
18125,train
18126,train
18127,train
18128,train
18129,train
18130,train
18131,train
18132,test
18133,validation
18134,validation
18135,train
18136,validation
18137,train
18138,train
18139,validation
18140,validation
18141,train
18142,train
18143,test
18144,train
18145,train
18146,validation
18147,validation
18148,test
18149,train
18150,train
18151,validation
18152,train
18153,train
18154,test
18155,test
18156,train
18157,test
18158,validation
18159,train
18160,train
18161,test
18162,train
18163,test
18164,test
18165,validation
18166,test
18167,validation
18168,validation
18169,test
18170,train
18171,train
18172,validation
18173,validation
18174,test
18175,train
18176,train
18177,test
18178,train
18179,validation
18180,test
18181,train
18182,train
18183,train
18184,validation
18185,train
18186,train
18187,train
18188,train
18189,train
18190,test
18191,train
18192,test
18193,test
18194,train
18195,train
18196,train
18197,train
18198,validation
18199,train
18200,validation
18201,test
18202,test
18203,validation
18204,train
18205,train
18206,test
18207,train
18208,train
18209,train
18210,train
18211,train
18212,train
18213,train
18214,train
18215,train
18216,train
18217,validation
18218,test
18219,train
18220,train
18221,train
18222,train
18223,train
18224,train
18225,validation
18226,train
18227,validation
18228,test
18229,train
18230,validation
18231,validation
18232,train
18233,train
18234,validation
18235,train
18236,test
18237,test
18238,train
18239,train
18240,train
18241,validation
18242,train
18243,train
18244,test
18245,test
18246,train
18247,train
18248,train
18249,train
18250,train
18251,test
18252,train
18253,train
18254,train
18255,train
18256,train
18257,test
18258,test
18259,test
18260,train
18261,train
18262,test
18263,validation
18264,train
18265,test
18266,train
18267,test
18268,test
18269,validation
18270,validation
18271,train
18272,validation
18273,train
18274,test
18275,train
18276,test
18277,train
18278,train
18279,train
18280,train
18281,validation
18282,train
18283,train
18284,train
18285,train
18286,validation
18287,train
18288,train
18289,test
18290,validation
18291,train
18292,train
18293,validation
18294,validation
18295,train
18296,test
18297,train
18298,train
18299,validation
18300,train
18301,test
18302,test
18303,test
18304,train
18305,train
18306,test
18307,train
18308,train
18309,train
18310,test
18311,train
18312,test
18313,train
18314,validation
18315,validation
18316,validation
18317,train
18318,test
18319,train
18320,train
18321,train
18322,train
18323,test
18324,train
18325,test
18326,validation
18327,validation
18328,train
18329,validation
18330,train
18331,train
18332,test
18333,test
18334,train
18335,train
18336,train
18337,validation
18338,train
18339,train
18340,train
18341,validation
18342,validation
18343,validation
18344,train
18345,test
18346,train
18347,train
18348,train
18349,train
18350,validation
18351,train
18352,train
18353,test
18354,train
18355,validation
18356,train
18357,train
18358,test
18359,train
18360,train
18361,test
18362,test
18363,test
18364,train
18365,test
18366,train
18367,train
18368,train
18369,train
18370,validation
18371,train
18372,test
18373,train
18374,test
18375,train
18376,train
18377,validation
18378,validation
18379,validation
18380,train
18381,train
18382,validation
18383,train
18384,test
18385,validation
18386,train
18387,test
18388,train
18389,train
18390,train
18391,train
18392,train
18393,train
18394,test
18395,test
18396,test
18397,train
18398,train
18399,test
18400,train
18401,validation
18402,train
18403,train
18404,train
18405,test
18406,train
18407,train
18408,validation
18409,train
18410,train
18411,train
18412,train
18413,test
18414,validation
18415,train
18416,train
18417,test
18418,train
18419,train
18420,train
18421,train
18422,test
18423,validation
18424,train
18425,train
18426,train
18427,test
18428,test
18429,train
18430,train
18431,train
18432,train
18433,train
18434,train
18435,test
18436,train
18437,train
18438,train
18439,train
18440,train
18441,train
18442,train
18443,train
18444,train
18445,validation
18446,validation
18447,train
18448,train
18449,train
18450,train
18451,train
18452,test
18453,test
18454,train
18455,train
18456,train
18457,train
18458,test
18459,test
18460,validation
18461,train
18462,train
18463,train
18464,train
18465,train
18466,validation
18467,train
18468,train
18469,test
18470,train
18471,train
18472,validation
18473,train
18474,test
18475,train
18476,train
18477,train
18478,train
18479,train
18480,train
18481,train
18482,train
18483,train
18484,train
18485,validation
18486,validation
18487,train
18488,train
18489,train
18490,validation
18491,train
18492,test
18493,test
18494,validation
18495,train
18496,test
18497,train
18498,validation
18499,train
18500,test
18501,train
18502,train
18503,train
18504,test
18505,train
18506,test
18507,train
18508,validation
18509,validation
18510,train
18511,train
18512,validation
18513,train
18514,train
18515,train
18516,train
18517,test
18518,train
18519,train
18520,test
18521,train
18522,validation
18523,test
18524,train
18525,train
18526,test
18527,train
18528,test
18529,train
18530,test
18531,validation
18532,test
18533,train
18534,train
18535,train
18536,train
18537,train
18538,train
18539,train
18540,validation
18541,validation
18542,train
18543,train
18544,train
18545,validation
18546,test
18547,train
18548,validation
18549,test
18550,train
18551,validation
18552,train
18553,train
18554,validation
18555,validation
18556,train
18557,train
18558,train
18559,train
18560,validation
18561,train
18562,train
18563,train
18564,train
18565,validation
18566,validation
18567,test
18568,validation
18569,validation
18570,train
18571,train
18572,train
18573,train
18574,train
18575,train
18576,train
18577,train
18578,test
18579,test
18580,test
18581,train
18582,validation
18583,train
18584,test
18585,test
18586,train
18587,test
18588,train
18589,train
18590,train
18591,train
18592,test
18593,train
18594,train
18595,train
18596,train
18597,train
18598,validation
18599,train
18600,test
18601,train
18602,train
18603,train
18604,validation
18605,train
18606,train
18607,test
18608,train
18609,test
18610,train
18611,test
18612,train
18613,validation
18614,train
18615,train
18616,train
18617,validation
18618,train
18619,train
18620,test
18621,train
18622,test
18623,validation
18624,train
18625,train
18626,train
18627,test
18628,test
18629,test
18630,train
18631,train
18632,train
18633,train
18634,train
18635,validation
18636,validation
18637,train
18638,validation
18639,train
18640,train
18641,validation
18642,train
18643,validation
18644,validation
18645,train
18646,train
18647,train
18648,train
18649,test
18650,validation
18651,train
18652,train
18653,validation
18654,train
18655,test
18656,train
18657,test
18658,train
18659,train
18660,train
18661,validation
18662,train
18663,train
18664,test
18665,train
18666,test
18667,train
18668,validation
18669,validation
18670,train
18671,validation
18672,train
18673,validation
18674,train
18675,train
18676,train
18677,validation
18678,train
18679,validation
18680,train
18681,train
18682,train
18683,train
18684,train
18685,train
18686,train
18687,train
18688,train
18689,test
18690,test
18691,train
18692,train
18693,test
18694,train
18695,train
18696,train
18697,train
18698,train
18699,train
18700,train
18701,train
18702,train
18703,train
18704,train
18705,train
18706,train
18707,train
18708,validation
18709,train
18710,test
18711,train
18712,train
18713,train
18714,train
18715,train
18716,train
18717,train
18718,train
18719,train
18720,train
18721,train
18722,train
18723,train
18724,test
18725,train
18726,train
18727,train
18728,train
18729,train
18730,train
18731,train
18732,train
18733,test
18734,train
18735,train
18736,train
18737,train
18738,validation
18739,validation
18740,train
18741,train
18742,validation
18743,validation
18744,test
18745,train
18746,train
18747,test
18748,train
18749,test
18750,train
18751,train
18752,validation
18753,train
18754,train
18755,test
18756,validation
18757,test
18758,validation
18759,validation
18760,train
18761,validation
18762,train
18763,validation
18764,validation
18765,train
18766,train
18767,train
18768,train
18769,train
18770,train
18771,validation
18772,train
18773,train
18774,train
18775,train
18776,train
18777,train
18778,test
18779,train
18780,train
18781,train
18782,train
18783,train
18784,validation
18785,train
18786,train
18787,train
18788,test
18789,test
18790,validation
18791,validation
18792,train
18793,train
18794,train
18795,validation
18796,train
18797,train
18798,test
18799,train
18800,train
18801,train
18802,test
18803,validation
18804,test
18805,test
18806,test
18807,train
18808,train
18809,test
18810,train
18811,train
18812,train
18813,train
18814,train
18815,train
18816,train
18817,test
18818,test
18819,train
18820,train
18821,train
18822,validation
18823,validation
18824,train
18825,validation
18826,validation
18827,validation
18828,train
18829,train
18830,train
18831,validation
18832,train
18833,train
18834,test
18835,train
18836,test
18837,train
18838,train
18839,train
18840,train
18841,train
18842,test
18843,train
18844,train
18845,validation
18846,test
18847,train
18848,validation
18849,train
18850,train
18851,train
18852,validation
18853,train
18854,train
18855,train
18856,train
18857,train
18858,train
18859,validation
18860,train
18861,train
18862,test
18863,train
18864,train
18865,train
18866,train
18867,train
18868,test
18869,test
18870,train
18871,train
18872,train
18873,train
18874,train
18875,train
18876,train
18877,train
18878,validation
18879,validation
18880,train
18881,train
18882,validation
18883,validation
18884,test
18885,train
18886,train
18887,validation
18888,validation
18889,validation
18890,train
18891,validation
18892,validation
18893,validation
18894,train
18895,train
18896,train
18897,train
18898,train
18899,train
18900,train
18901,test
18902,train
18903,train
18904,train
18905,validation
18906,validation
18907,train
18908,train
18909,train
18910,train
18911,train
18912,validation
18913,validation
18914,train
18915,validation
18916,train
18917,test
18918,train
18919,train
18920,test
18921,validation
18922,train
18923,train
18924,test
18925,train
18926,validation
18927,train
18928,train
18929,test
18930,validation
18931,train
18932,train
18933,test
18934,train
18935,test
18936,test
18937,test
18938,test
18939,train
18940,train
18941,train
18942,validation
18943,validation
18944,test
18945,test
18946,train
18947,train
18948,test
18949,train
18950,train
18951,validation
18952,train
18953,train
18954,train
18955,test
18956,train
18957,validation
18958,validation
18959,train
18960,train
18961,train
18962,train
18963,test
18964,train
18965,validation
18966,validation
18967,test
18968,train
18969,train
18970,train
18971,train
18972,validation
18973,test
18974,test
18975,test
18976,test
18977,train
18978,test
18979,train
18980,train
18981,train
18982,validation
18983,validation
18984,train
18985,train
18986,train
18987,train
18988,validation
18989,train
18990,validation
18991,train
18992,validation
18993,validation
18994,validation
18995,test
18996,test
18997,train
18998,test
18999,train
19000,train
19001,train
19002,train
19003,train
19004,test
19005,train
19006,validation
19007,validation
19008,train
19009,validation
19010,validation
19011,train
19012,train
19013,train
19014,train
19015,train
19016,train
19017,train
19018,train
19019,train
19020,train
19021,validation
19022,train
19023,test
19024,validation
19025,train
19026,validation
19027,validation
19028,train
19029,validation
19030,train
19031,validation
19032,test
19033,validation
19034,train
19035,validation
19036,train
19037,test
19038,train
19039,train
19040,validation
19041,train
19042,validation
19043,train
19044,test
19045,train
19046,train
19047,train
19048,train
19049,train
19050,validation
19051,test
19052,train
19053,train
19054,test
19055,validation
19056,train
19057,train
19058,test
19059,validation
19060,validation
19061,train
19062,train
19063,test
19064,train
19065,test
19066,train
19067,train
19068,train
19069,train
19070,test
19071,train
19072,train
19073,train
19074,train
19075,train
19076,train
19077,train
19078,test
19079,train
19080,train
19081,train
19082,train
19083,validation
19084,train
19085,train
19086,train
19087,train
19088,test
19089,train
19090,train
19091,train
19092,validation
19093,train
19094,train
19095,train
19096,train
19097,test
19098,test
19099,validation
19100,test
19101,train
19102,train
19103,train
19104,train
19105,validation
19106,train
19107,train
19108,train
19109,train
19110,train
19111,test
19112,train
19113,test
19114,validation
19115,validation
19116,train
19117,train
19118,train
19119,train
19120,validation
19121,validation
19122,test
19123,train
19124,test
19125,validation
19126,train
19127,train
19128,train
19129,train
19130,train
19131,validation
19132,train
19133,train
19134,train
19135,train
19136,train
19137,test
19138,train
19139,validation
19140,train
19141,validation
19142,test
19143,train
19144,train
19145,validation
19146,test
19147,train
19148,validation
19149,train
19150,train
19151,train
19152,validation
19153,train
19154,train
19155,train
19156,validation
19157,validation
19158,test
19159,validation
19160,train
19161,test
19162,train
19163,test
19164,test
19165,train
19166,train
19167,test
19168,train
19169,train
19170,train
19171,test
19172,validation
19173,validation
19174,test
19175,validation
19176,train
19177,train
19178,validation
19179,validation
19180,test
19181,validation
19182,train
19183,train
19184,validation
19185,train
19186,train
19187,train
19188,validation
19189,train
19190,train
19191,train
19192,train
19193,train
19194,train
19195,train
19196,test
19197,test
19198,train
19199,test
19200,train
19201,train
19202,train
19203,test
19204,train
19205,train
19206,train
19207,test
19208,train
19209,train
19210,validation
19211,train
19212,train
19213,train
19214,train
19215,train
19216,train
19217,train
19218,test
19219,train
19220,validation
19221,train
19222,train
19223,train
19224,test
19225,train
19226,train
19227,test
19228,train
19229,test
19230,validation
19231,train
19232,test
19233,test
19234,train
19235,train
19236,validation
19237,train
19238,validation
19239,train
19240,validation
19241,test
19242,train
19243,train
19244,validation
19245,train
19246,validation
19247,train
19248,test
19249,train
19250,train
19251,validation
19252,validation
19253,train
19254,train
19255,train
19256,validation
19257,train
19258,train
19259,train
19260,train
19261,train
19262,train
19263,train
19264,validation
19265,train
19266,train
19267,validation
19268,validation
19269,train
19270,train
19271,train
19272,train
19273,train
19274,test
19275,train
19276,test
19277,test
19278,validation
19279,test
19280,train
19281,validation
19282,train
19283,test
19284,train
19285,train
19286,train
19287,test
19288,train
19289,train
19290,train
19291,test
19292,test
19293,train
19294,train
19295,validation
19296,train
19297,validation
19298,test
19299,train
19300,train
19301,train
19302,train
19303,validation
19304,train
19305,train
19306,train
19307,validation
19308,train
19309,train
19310,train
19311,train
19312,test
19313,train
19314,validation
19315,train
19316,train
19317,train
19318,train
19319,train
19320,validation
19321,validation
19322,train
19323,test
19324,validation
19325,train
19326,test
19327,train
19328,train
19329,train
19330,validation
19331,test
19332,train
19333,test
19334,train
19335,validation
19336,test
19337,validation
19338,train
19339,test
19340,train
19341,train
19342,train
19343,train
19344,test
19345,train
19346,train
19347,train
19348,validation
19349,train
19350,validation
19351,train
19352,train
19353,test
19354,validation
19355,train
19356,train
19357,train
19358,test
19359,test
19360,validation
19361,validation
19362,validation
19363,train
19364,test
19365,validation
19366,train
19367,validation
19368,test
19369,validation
19370,train
19371,validation
19372,test
19373,test
19374,train
19375,train
19376,train
19377,test
19378,validation
19379,train
19380,train
19381,test
19382,train
19383,test
19384,train
19385,validation
19386,test
19387,train
19388,train
19389,validation
19390,train
19391,train
19392,validation
19393,test
19394,train
19395,test
19396,train
19397,train
19398,train
19399,test
19400,validation
19401,validation
19402,train
19403,train
19404,train
19405,train
19406,train
19407,train
19408,train
19409,validation
19410,train
19411,validation
19412,train
19413,train
19414,validation
19415,train
19416,validation
19417,train
19418,train
19419,train
19420,validation
19421,train
19422,validation
19423,train
19424,train
19425,test
19426,train
19427,train
19428,validation
19429,test
19430,validation
19431,validation
19432,train
19433,train
19434,validation
19435,train
19436,test
19437,test
19438,train
19439,train
19440,train
19441,train
19442,test
19443,train
19444,test
19445,validation
19446,train
19447,train
19448,train
19449,train
19450,train
19451,test
19452,test
19453,train
19454,train
19455,test
19456,train
19457,train
19458,train
19459,validation
19460,train
19461,train
19462,train
19463,test
19464,train
19465,train
19466,train
19467,train
19468,validation
19469,validation
19470,test
19471,train
19472,train
19473,test
19474,train
19475,validation
19476,train
19477,test
19478,train
19479,validation
19480,train
19481,train
19482,validation
19483,train
19484,train
19485,train
19486,test
19487,train
19488,test
19489,train
19490,test
19491,validation
19492,test
19493,train
19494,train
19495,test
19496,validation
19497,train
19498,validation
19499,train
19500,train
19501,train
19502,test
19503,train
19504,train
19505,test
19506,train
19507,validation
19508,train
19509,train
19510,validation
19511,test
19512,train
19513,test
19514,validation
19515,train
19516,train
19517,train
19518,validation
19519,validation
19520,train
19521,validation
19522,train
19523,train
19524,test
19525,train
19526,train
19527,train
19528,train
19529,train
19530,train
19531,train
19532,validation
19533,train
19534,train
19535,train
19536,test
19537,train
19538,test
19539,train
19540,train
19541,test
19542,train
19543,validation
19544,train
19545,test
19546,train
19547,validation
19548,train
19549,train
19550,train
19551,train
19552,test
19553,train
19554,train
19555,train
19556,train
19557,test
19558,test
19559,train
19560,train
19561,test
19562,train
19563,validation
19564,test
19565,train
19566,train
19567,validation
19568,train
19569,train
19570,train
19571,validation
19572,train
19573,test
19574,train
19575,train
19576,train
19577,train
19578,train
19579,test
19580,validation
19581,train
19582,train
19583,train
19584,test
19585,train
19586,train
19587,test
19588,validation
19589,train
19590,validation
19591,validation
19592,train
19593,train
19594,validation
19595,train
19596,test
19597,test
19598,train
19599,train
19600,validation
19601,test
19602,train
19603,validation
19604,test
19605,test
19606,train
19607,train
19608,test
19609,train
19610,train
19611,train
19612,test
19613,train
19614,test
19615,train
19616,train
19617,test
19618,validation
19619,test
19620,train
19621,test
19622,validation
19623,train
19624,test
19625,train
19626,test
19627,test
19628,train
19629,validation
19630,test
19631,train
19632,validation
19633,validation
19634,train
19635,test
19636,train
19637,test
19638,train
19639,train
19640,train
19641,validation
19642,test
19643,train
19644,train
19645,test
19646,test
19647,test
19648,train
19649,train
19650,train
19651,train
19652,train
19653,validation
19654,validation
19655,train
19656,train
19657,validation
19658,train
19659,train
19660,test
19661,train
19662,validation
19663,test
19664,train
19665,train
19666,train
19667,validation
19668,test
19669,train
19670,train
19671,train
19672,train
19673,train
19674,train
19675,validation
19676,train
19677,test
19678,test
19679,train
19680,train
19681,train
19682,train
19683,train
19684,train
19685,train
19686,validation
19687,train
19688,train
19689,test
19690,train
19691,train
19692,train
19693,train
19694,train
19695,train
19696,train
19697,validation
19698,test
19699,train
19700,train
19701,train
19702,train
19703,train
19704,train
19705,train
19706,train
19707,validation
19708,test
19709,train
19710,train
19711,test
19712,train
19713,train
19714,validation
19715,test
19716,train
19717,train
19718,validation
19719,train
19720,validation
19721,train
19722,train
19723,train
19724,test
19725,train
19726,train
19727,test
19728,train
19729,validation
19730,train
19731,train
19732,train
19733,test
19734,train
19735,train
19736,train
19737,train
19738,validation
19739,train
19740,train
19741,train
19742,train
19743,validation
19744,train
19745,train
19746,train
19747,train
19748,train
19749,train
19750,train
19751,train
19752,train
19753,train
19754,validation
19755,train
19756,train
19757,test
19758,train
19759,train
19760,test
19761,test
19762,train
19763,train
19764,validation
19765,test
19766,train
19767,train
19768,train
19769,train
19770,train
19771,train
19772,train
19773,train
19774,test
19775,train
19776,train
19777,train
19778,train
19779,train
19780,validation
19781,train
19782,train
19783,train
19784,train
19785,test
19786,train
19787,train
19788,train
19789,test
19790,train
19791,test
19792,train
19793,train
19794,train
19795,train
19796,train
19797,test
19798,train
19799,validation
19800,validation
19801,train
19802,validation
19803,train
19804,validation
19805,validation
19806,validation
19807,test
19808,train
19809,validation
19810,train
19811,test
19812,train
19813,train
19814,train
19815,train
19816,test
19817,validation
19818,test
19819,train
19820,test
19821,test
19822,train
19823,train
19824,train
19825,train
19826,train
19827,validation
19828,train
19829,train
19830,train
19831,test
19832,train
19833,train
19834,test
19835,test
19836,test
19837,test
19838,test
19839,validation
19840,test
19841,train
19842,test
19843,validation
19844,test
19845,train
19846,train
19847,train
19848,train
19849,test
19850,train
19851,train
19852,train
19853,train
19854,test
19855,train
19856,validation
19857,validation
19858,validation
19859,train
19860,train
19861,train
19862,train
19863,test
19864,train
19865,validation
19866,test
19867,train
19868,validation
19869,train
19870,train
19871,test
19872,train
19873,train
19874,test
19875,train
19876,train
19877,validation
19878,train
19879,train
19880,train
19881,validation
19882,train
19883,train
19884,train
19885,validation
19886,train
19887,validation
19888,test
19889,test
19890,train
19891,validation
19892,train
19893,train
19894,train
19895,train
19896,validation
19897,train
19898,test
19899,train
19900,test
19901,validation
19902,train
19903,validation
19904,train
19905,validation
19906,train
19907,train
19908,train
19909,train
19910,train
19911,train
19912,train
19913,train
19914,train
19915,train
19916,train
19917,test
19918,train
19919,test
19920,validation
19921,test
19922,test
19923,validation
19924,train
19925,train
19926,train
19927,test
19928,validation
19929,train
19930,train
19931,train
19932,train
19933,train
19934,validation
19935,train
19936,train
19937,train
19938,train
19939,train
19940,train
19941,train
19942,train
19943,test
19944,validation
19945,test
19946,train
19947,validation
19948,test
19949,train
19950,train
19951,train
19952,train
19953,validation
19954,validation
19955,train
19956,train
19957,validation
19958,train
19959,train
19960,train
19961,train
19962,train
19963,train
19964,test
19965,train
19966,train
19967,validation
19968,test
19969,test
19970,train
19971,test
19972,train
19973,train
19974,train
19975,test
19976,train
19977,train
19978,train
19979,validation
19980,train
19981,train
19982,train
19983,train
19984,train
19985,validation
19986,train
19987,train
19988,test
19989,train
19990,train
19991,test
19992,validation
19993,validation
19994,train
19995,test
19996,validation
19997,train
19998,train
19999,validation
20000,train
20001,validation
20002,validation
20003,train
20004,train
20005,validation
20006,train
20007,train
20008,test
20009,train
20010,test
20011,train
20012,train
20013,train
20014,train
20015,train
20016,train
20017,validation
20018,validation
20019,train
20020,train
20021,test
20022,validation
20023,train
20024,train
20025,train
20026,validation
20027,train
20028,train
20029,train
20030,train
20031,train
20032,train
20033,validation
20034,test
20035,train
20036,train
20037,train
20038,validation
20039,train
20040,validation
20041,validation
20042,train
20043,validation
20044,train
20045,train
20046,train
20047,train
20048,train
20049,test
20050,train
20051,train
20052,test
20053,test
20054,test
20055,validation
20056,validation
20057,test
20058,test
20059,train
20060,validation
20061,train
20062,test
20063,train
20064,train
20065,train
20066,train
20067,train
20068,train
20069,train
20070,train
20071,validation
20072,train
20073,test
20074,train
20075,validation
20076,train
20077,validation
20078,train
20079,test
20080,test
20081,validation
20082,train
20083,train
20084,validation
20085,train
20086,train
20087,validation
20088,train
20089,train
20090,test
20091,validation
20092,train
20093,train
20094,validation
20095,train
20096,validation
20097,validation
20098,validation
20099,train
20100,train
20101,train
20102,test
20103,validation
20104,test
20105,train
20106,test
20107,validation
20108,validation
20109,train
20110,test
20111,validation
20112,train
20113,validation
20114,train
20115,validation
20116,train
20117,train
20118,train
20119,test
20120,train
20121,test
20122,train
20123,train
20124,train
20125,test
20126,train
20127,test
20128,validation
20129,train
20130,train
20131,train
20132,train
20133,train
20134,train
20135,test
20136,train
20137,train
20138,train
20139,train
20140,train
20141,validation
20142,train
20143,validation
20144,test
20145,train
20146,test
20147,validation
20148,test
20149,train
20150,validation
20151,train
20152,test
20153,test
20154,test
20155,train
20156,train
20157,test
20158,train
20159,test
20160,test
20161,train
20162,train
20163,validation
20164,train
20165,train
20166,train
20167,test
20168,train
20169,train
20170,train
20171,train
20172,validation
20173,test
20174,train
20175,validation
20176,validation
20177,test
20178,train
20179,validation
20180,train
20181,train
20182,train
20183,train
20184,train
20185,test
20186,train
20187,test
20188,validation
20189,train
20190,test
20191,train
20192,test
20193,train
20194,test
20195,test
20196,train
20197,test
20198,validation
20199,train
20200,validation
20201,test
20202,train
20203,train
20204,train
20205,train
20206,test
20207,train
20208,train
20209,validation
20210,train
20211,train
20212,train
20213,train
20214,train
20215,test
20216,validation
20217,train
20218,train
20219,validation
20220,validation
20221,validation
20222,train
20223,test
20224,train
20225,train
20226,train
20227,train
20228,train
20229,test
20230,train
20231,train
20232,train
20233,validation
20234,validation
20235,train
20236,train
20237,train
20238,train
20239,train
20240,train
20241,train
20242,validation
20243,train
20244,train
20245,validation
20246,test
20247,train
20248,train
20249,train
20250,train
20251,test
20252,train
20253,train
20254,validation
20255,test
20256,train
20257,validation
20258,test
20259,train
20260,train
20261,test
20262,train
20263,train
20264,validation
20265,train
20266,test
20267,train
20268,validation
20269,train
20270,train
20271,train
20272,validation
20273,train
20274,train
20275,train
20276,train
20277,train
20278,train
20279,train
20280,test
20281,train
20282,validation
20283,train
20284,train
20285,train
20286,test
20287,validation
20288,test
20289,train
20290,train
20291,train
20292,test
20293,train
20294,train
20295,train
20296,test
20297,train
20298,train
20299,train
20300,test
20301,test
20302,test
20303,train
20304,validation
20305,train
20306,train
20307,train
20308,train
20309,validation
20310,validation
20311,train
20312,train
20313,train
20314,train
20315,validation
20316,validation
20317,train
20318,test
20319,validation
20320,train
20321,validation
20322,test
20323,test
20324,train
20325,train
20326,train
20327,test
20328,validation
20329,test
20330,test
20331,validation
20332,train
20333,validation
20334,test
20335,train
20336,train
20337,train
20338,train
20339,train
20340,validation
20341,test
20342,train
20343,validation
20344,train
20345,test
20346,train
20347,train
20348,train
20349,train
20350,test
20351,test
20352,train
20353,train
20354,test
20355,validation
20356,test
20357,train
20358,train
20359,train
20360,validation
20361,test
20362,train
20363,train
20364,test
20365,test
20366,validation
20367,train
20368,train
20369,train
20370,train
20371,train
20372,train
20373,train
20374,train
20375,train
20376,train
20377,train
20378,train
20379,train
20380,train
20381,train
20382,train
20383,test
20384,validation
20385,train
20386,test
20387,train
20388,validation
20389,train
20390,test
20391,train
20392,validation
20393,train
20394,train
20395,test
20396,test
20397,train
20398,train
20399,test
20400,train
20401,train
20402,train
20403,train
20404,validation
20405,train
20406,train
20407,train
20408,test
20409,train
20410,test
20411,train
20412,train
20413,train
20414,train
20415,train
20416,train
20417,validation
20418,test
20419,train
20420,test
20421,test
20422,test
20423,train
20424,train
20425,train
20426,train
20427,test
20428,train
20429,train
20430,train
20431,train
20432,validation
20433,test
20434,train
20435,train
20436,train
20437,train
20438,train
20439,validation
20440,train
20441,train
20442,train
20443,train
20444,test
20445,train
20446,train
20447,test
20448,train
20449,validation
20450,train
20451,train
20452,validation
20453,train
20454,validation
20455,train
20456,test
20457,train
20458,train
20459,train
20460,train
20461,test
20462,validation
20463,train
20464,train
20465,train
20466,test
20467,test
20468,train
20469,validation
20470,train
20471,train
20472,validation
20473,train
20474,train
20475,train
20476,train
20477,train
20478,train
20479,validation
20480,validation
20481,train
20482,test
20483,validation
20484,validation
20485,train
20486,train
20487,train
20488,train
20489,train
20490,train
20491,train
20492,train
20493,test
20494,train
20495,train
20496,train
20497,train
20498,train
20499,train
20500,validation
20501,train
20502,train
20503,train
20504,test
20505,train
20506,train
20507,train
20508,train
20509,validation
20510,train
20511,validation
20512,train
20513,test
20514,train
20515,train
20516,train
20517,validation
20518,train
20519,test
20520,train
20521,train
20522,train
20523,train
20524,train
20525,train
20526,train
20527,train
20528,train
20529,test
20530,train
20531,validation
20532,train
20533,train
20534,train
20535,test
20536,test
20537,train
20538,test
20539,train
20540,validation
20541,train
20542,train
20543,train
20544,test
20545,train
20546,validation
20547,test
20548,train
20549,train
20550,train
20551,test
20552,train
20553,test
20554,train
20555,validation
20556,test
20557,test
20558,validation
20559,validation
20560,train
20561,validation
20562,train
20563,train
20564,train
20565,test
20566,train
20567,train
20568,validation
20569,validation
20570,train
20571,train
20572,test
20573,validation
20574,train
20575,validation
20576,validation
20577,train
20578,train
20579,train
20580,train
20581,validation
20582,validation
20583,train
20584,train
20585,train
20586,validation
20587,train
20588,test
20589,train
20590,test
20591,train
20592,validation
20593,train
20594,train
20595,test
20596,validation
20597,train
20598,train
20599,train
20600,validation
20601,validation
20602,train
20603,train
20604,train
20605,train
20606,train
20607,train
20608,train
20609,train
20610,train
20611,train
20612,train
20613,test
20614,train
20615,train
20616,test
20617,train
20618,train
20619,validation
20620,train
20621,train
20622,train
20623,train
20624,train
20625,train
20626,train
20627,train
20628,train
20629,validation
20630,validation
20631,validation
20632,validation
20633,train
20634,test
20635,train
20636,train
20637,train
20638,train
20639,train
20640,train
20641,train
20642,train
20643,validation
20644,train
20645,test
20646,train
20647,validation
20648,train
20649,train
20650,test
20651,train
20652,validation
20653,train
20654,train
20655,test
20656,test
20657,train
20658,test
20659,train
20660,test
20661,train
20662,train
20663,train
20664,validation
20665,train
20666,train
20667,train
20668,train
20669,validation
20670,train
20671,train
20672,train
20673,train
20674,test
20675,train
20676,train
20677,train
20678,test
20679,validation
20680,test
20681,train
20682,test
20683,test
20684,train
20685,train
20686,test
20687,train
20688,train
20689,train
20690,train
20691,train
20692,train
20693,validation
20694,test
20695,train
20696,train
20697,train
20698,train
20699,train
20700,train
20701,validation
20702,train
20703,train
20704,test
20705,train
20706,test
20707,train
20708,test
20709,test
20710,train
20711,test
20712,train
20713,test
20714,test
20715,test
20716,test
20717,train
20718,train
20719,train
20720,train
20721,train
20722,train
20723,test
20724,validation
20725,train
20726,train
20727,test
20728,test
20729,test
20730,test
20731,test
20732,train
20733,test
20734,test
20735,train
20736,train
20737,train
20738,train
20739,validation
20740,train
20741,train
20742,validation
20743,train
20744,train
20745,train
20746,train
20747,train
20748,train
20749,validation
20750,train
20751,train
20752,train
20753,train
20754,test
20755,train
20756,train
20757,train
20758,train
20759,train
20760,test
20761,train
20762,validation
20763,train
20764,test
20765,test
20766,train
20767,validation
20768,train
20769,train
20770,test
20771,test
20772,train
20773,train
20774,train
20775,train
20776,test
20777,train
20778,test
20779,train
20780,test
20781,validation
20782,train
20783,test
20784,test
20785,test
20786,train
20787,train
20788,test
20789,validation
20790,validation
20791,test
20792,test
20793,test
20794,test
20795,validation
20796,test
20797,train
20798,train
20799,validation
20800,train
20801,train
20802,test
20803,validation
20804,test
20805,validation
20806,test
20807,train
20808,test
20809,validation
20810,train
20811,train
20812,train
20813,train
20814,train
20815,test
20816,train
20817,train
20818,validation
20819,train
20820,train
20821,validation
20822,train
20823,validation
20824,train
20825,validation
20826,train
20827,train
20828,validation
20829,test
20830,validation
20831,train
20832,train
20833,test
20834,validation
20835,train
20836,validation
20837,validation
20838,test
20839,train
20840,validation
20841,train
20842,test
20843,train
20844,train
20845,train
20846,validation
20847,test
20848,train
20849,train
20850,train
20851,validation
20852,validation
20853,test
20854,validation
20855,test
20856,train
20857,train
20858,test
20859,test
20860,test
20861,train
20862,train
20863,train
20864,test
20865,validation
20866,train
20867,validation
20868,train
20869,test
20870,train
20871,train
20872,train
20873,train
20874,train
20875,train
20876,train
20877,test
20878,train
20879,train
20880,test
20881,validation
20882,validation
20883,train
20884,train
20885,test
20886,train
20887,validation
20888,validation
20889,train
20890,test
20891,train
20892,validation
20893,validation
20894,validation
20895,test
20896,train
20897,train
20898,test
20899,validation
20900,train
20901,validation
20902,train
20903,train
20904,train
20905,train
20906,train
20907,validation
20908,train
20909,validation
20910,train
20911,train
20912,train
20913,train
20914,train
20915,train
20916,validation
20917,train
20918,train
20919,validation
20920,train
20921,validation
20922,train
20923,train
20924,train
20925,train
20926,train
20927,train
20928,train
20929,train
20930,train
20931,train
20932,train
20933,train
20934,train
20935,train
20936,train
20937,validation
20938,train
20939,validation
20940,test
20941,train
20942,train
20943,train
20944,train
20945,train
20946,train
20947,train
20948,train
20949,test
20950,validation
20951,validation
20952,train
20953,test
20954,train
20955,train
20956,validation
20957,test
20958,train
20959,train
20960,test
20961,validation
20962,train
20963,train
20964,test
20965,train
20966,train
20967,train
20968,train
20969,train
20970,train
20971,train
20972,train
20973,test
20974,train
20975,validation
20976,test
20977,train
20978,train
20979,train
20980,test
20981,train
20982,test
20983,train
20984,test
20985,train
20986,train
20987,train
20988,validation
20989,test
20990,test
20991,train
20992,train
20993,validation
20994,train
20995,train
20996,train
20997,train
20998,test
20999,train
21000,train
21001,test
21002,train
21003,train
21004,test
21005,test
21006,train
21007,validation
21008,train
21009,train
21010,test
21011,validation
21012,test
21013,train
21014,test
21015,train
21016,train
21017,train
21018,train
21019,validation
21020,train
21021,train
21022,train
21023,validation
21024,test
21025,train
21026,test
21027,train
21028,train
21029,test
21030,train
21031,validation
21032,train
21033,train
21034,train
21035,train
21036,train
21037,train
21038,train
21039,train
21040,validation
21041,validation
21042,test
21043,train
21044,train
21045,validation
21046,train
21047,train
21048,train
21049,train
21050,train
21051,test
21052,train
21053,train
21054,train
21055,train
21056,validation
21057,validation
21058,test
21059,train
21060,train
21061,train
21062,train
21063,validation
21064,validation
21065,test
21066,test
21067,train
21068,test
21069,train
21070,validation
21071,train
21072,validation
21073,train
21074,train
21075,train
21076,validation
21077,test
21078,validation
21079,train
21080,train
21081,train
21082,train
21083,train
21084,test
21085,test
21086,train
21087,validation
21088,train
21089,train
21090,train
21091,train
21092,validation
21093,test
21094,train
21095,validation
21096,validation
21097,validation
21098,test
21099,test
21100,train
21101,train
21102,train
21103,test
21104,train
21105,train
21106,train
21107,train
21108,train
21109,validation
21110,validation
21111,train
21112,test
21113,train
21114,train
21115,train
21116,test
21117,train
21118,train
21119,test
21120,train
21121,train
21122,train
21123,test
21124,train
21125,test
21126,test
21127,test
21128,validation
21129,validation
21130,test
21131,validation
21132,train
21133,test
21134,train
21135,train
21136,train
21137,train
21138,validation
21139,test
21140,train
21141,train
21142,train
21143,train
21144,validation
21145,train
21146,test
21147,train
21148,test
21149,train
21150,train
21151,train
21152,validation
21153,validation
21154,train
21155,train
21156,test
21157,train
21158,train
21159,validation
21160,test
21161,train
21162,train
21163,train
21164,test
21165,test
21166,train
21167,train
21168,train
21169,validation
21170,validation
21171,test
21172,validation
21173,train
21174,train
21175,train
21176,train
21177,train
21178,train
21179,validation
21180,train
21181,train
21182,test
21183,validation
21184,test
21185,train
21186,train
21187,train
21188,validation
21189,test
21190,train
21191,validation
21192,validation
21193,test
21194,train
21195,train
21196,train
21197,test
21198,train
21199,train
21200,test
21201,train
21202,validation
21203,train
21204,test
21205,train
21206,train
21207,validation
21208,train
21209,train
21210,train
21211,train
21212,validation
21213,validation
21214,train
21215,train
21216,validation
21217,validation
21218,train
21219,test
21220,train
21221,train
21222,train
21223,train
21224,test
21225,train
21226,train
21227,test
21228,validation
21229,train
21230,test
21231,test
21232,validation
21233,train
21234,validation
21235,train
21236,train
21237,validation
21238,train
21239,test
21240,test
21241,train
21242,train
21243,train
21244,train
21245,train
21246,validation
21247,train
21248,validation
21249,train
21250,test
21251,test
21252,train
21253,train
21254,train
21255,train
21256,train
21257,train
21258,train
21259,train
21260,test
21261,validation
21262,train
21263,validation
21264,train
21265,test
21266,train
21267,train
21268,train
21269,test
21270,test
21271,train
21272,validation
21273,train
21274,test
21275,train
21276,train
21277,test
21278,test
21279,train
21280,train
21281,test
21282,test
21283,train
21284,validation
21285,train
21286,validation
21287,train
21288,test
21289,validation
21290,train
21291,train
21292,train
21293,test
21294,train
21295,train
21296,validation
21297,train
21298,validation
21299,train
21300,train
21301,train
21302,train
21303,train
21304,train
21305,train
21306,train
21307,train
21308,train
21309,test
21310,validation
21311,test
21312,train
21313,test
21314,train
21315,train
21316,test
21317,validation
21318,test
21319,test
21320,test
21321,test
21322,train
21323,test
21324,test
21325,train
21326,test
21327,train
21328,train
21329,train
21330,train
21331,train
21332,train
21333,train
21334,train
21335,train
21336,train
21337,validation
21338,test
21339,test
21340,test
21341,validation
21342,validation
21343,train
21344,train
21345,train
21346,train
21347,train
21348,train
21349,test
21350,train
21351,train
21352,train
21353,train
21354,train
21355,validation
21356,train
21357,train
21358,train
21359,validation
21360,train
21361,validation
21362,validation
21363,train
21364,validation
21365,validation
21366,train
21367,train
21368,validation
21369,train
21370,train
21371,train
21372,train
21373,validation
21374,train
21375,test
21376,validation
21377,test
21378,train
21379,test
21380,train
21381,train
21382,train
21383,test
21384,train
21385,validation
21386,train
21387,train
21388,validation
21389,test
21390,train
21391,train
21392,train
21393,test
21394,train
21395,test
21396,train
21397,train
21398,train
21399,train
21400,train
21401,train
21402,train
21403,validation
21404,train
21405,test
21406,train
21407,train
21408,train
21409,train
21410,validation
21411,test
21412,test
21413,train
21414,train
21415,train
21416,train
21417,train
21418,validation
21419,train
21420,train
21421,train
21422,test
21423,validation
21424,train
21425,train
21426,train
21427,train
21428,validation
21429,test
21430,validation
21431,validation
21432,train
21433,validation
21434,train
21435,test
21436,validation
21437,train
21438,test
21439,validation
21440,train
21441,train
21442,train
21443,test
21444,train
21445,test
21446,validation
21447,train
21448,train
21449,train
21450,train
21451,train
21452,train
21453,train
21454,train
21455,test
21456,train
21457,validation
21458,validation
21459,train
21460,train
21461,train
21462,train
21463,validation
21464,train
21465,test
21466,train
21467,validation
21468,test
21469,train
21470,train
21471,test
21472,validation
21473,validation
21474,train
21475,validation
21476,validation
21477,validation
21478,train
21479,validation
21480,validation
21481,train
21482,train
21483,validation
21484,train
21485,train
21486,train
21487,train
21488,test
21489,train
21490,train
21491,test
21492,train
21493,test
21494,train
21495,train
21496,train
21497,test
21498,train
21499,validation
21500,train
21501,test
21502,validation
21503,test
21504,validation
21505,train
21506,validation
21507,test
21508,train
21509,validation
21510,train
21511,test
21512,test
21513,train
21514,test
21515,train
21516,train
21517,train
21518,test
21519,test
21520,train
21521,validation
21522,train
21523,train
21524,train
21525,train
21526,validation
21527,train
21528,validation
21529,validation
21530,train
21531,train
21532,validation
21533,train
21534,validation
21535,train
21536,test
21537,train
21538,train
21539,train
21540,train
21541,train
21542,validation
21543,test
21544,train
21545,train
21546,train
21547,test
21548,train
21549,train
21550,validation
21551,train
21552,train
21553,validation
21554,train
21555,train
21556,train
21557,validation
21558,train
21559,test
21560,train
21561,test
21562,train
21563,train
21564,validation
21565,train
21566,validation
21567,test
21568,train
21569,train
21570,validation
21571,validation
21572,validation
21573,test
21574,train
21575,train
21576,validation
21577,validation
21578,train
21579,train
21580,train
21581,validation
21582,train
21583,test
21584,train
21585,test
21586,validation
21587,train
21588,train
21589,train
21590,train
21591,train
21592,train
21593,train
21594,train
21595,train
21596,train
21597,train
21598,train
21599,train
21600,test
21601,validation
21602,train
21603,train
21604,train
21605,test
21606,train
21607,validation
21608,train
21609,test
21610,train
21611,validation
21612,validation
21613,train
21614,train
21615,test
21616,test
21617,train
21618,validation
21619,test
21620,test
21621,validation
21622,test
21623,train
21624,test
21625,train
21626,train
21627,train
21628,test
21629,train
21630,validation
21631,validation
21632,train
21633,train
21634,train
21635,validation
21636,train
21637,train
21638,validation
21639,train
21640,train
21641,train
21642,validation
21643,validation
21644,train
21645,train
21646,test
21647,test
21648,train
21649,test
21650,train
21651,test
21652,train
21653,test
21654,train
21655,train
21656,train
21657,train
21658,train
21659,validation
21660,validation
21661,validation
21662,train
21663,validation
21664,test
21665,train
21666,train
21667,train
21668,train
21669,test
21670,test
21671,train
21672,test
21673,train
21674,train
21675,train
21676,test
21677,train
21678,train
21679,train
21680,train
21681,train
21682,validation
21683,test
21684,train
21685,train
21686,train
21687,train
21688,test
21689,train
21690,train
21691,train
21692,train
21693,train
21694,validation
21695,train
21696,validation
21697,test
21698,train
21699,train
21700,train
21701,validation
21702,train
21703,train
21704,test
21705,test
21706,test
21707,train
21708,train
21709,train
21710,test
21711,train
21712,validation
21713,train
21714,test
21715,train
21716,train
21717,train
21718,validation
21719,train
21720,validation
21721,train
21722,test
21723,train
21724,validation
21725,validation
21726,validation
21727,test
21728,test
21729,train
21730,train
21731,validation
21732,train
21733,train
21734,validation
21735,validation
21736,test
21737,train
21738,train
21739,test
21740,train
21741,train
21742,train
21743,test
21744,train
21745,train
21746,test
21747,train
21748,test
21749,train
21750,train
21751,test
21752,test
21753,test
21754,validation
21755,train
21756,train
21757,train
21758,train
21759,test
21760,validation
21761,train
21762,train
21763,train
21764,train
21765,test
21766,train
21767,train
21768,test
21769,train
21770,test
21771,validation
21772,test
21773,train
21774,validation
21775,train
21776,train
21777,validation
21778,test
21779,validation
21780,train
21781,validation
21782,train
21783,test
21784,train
21785,train
21786,validation
21787,validation
21788,validation
21789,train
21790,validation
21791,train
21792,train
21793,train
21794,train
21795,train
21796,train
21797,train
21798,train
21799,validation
21800,train
21801,validation
21802,train
21803,test
21804,train
21805,train
21806,train
21807,train
21808,train
21809,train
21810,train
21811,train
21812,test
21813,train
21814,train
21815,train
21816,train
21817,train
21818,train
21819,validation
21820,train
21821,train
21822,train
21823,test
21824,validation
21825,test
21826,train
21827,train
21828,train
21829,test
21830,validation
21831,train
21832,train
21833,train
21834,train
21835,train
21836,test
21837,train
21838,validation
21839,train
21840,train
21841,train
21842,validation
21843,train
21844,validation
21845,validation
21846,train
21847,train
21848,validation
21849,train
21850,validation
21851,train
21852,train
21853,train
21854,train
21855,train
21856,train
21857,train
21858,train
21859,validation
21860,test
21861,test
21862,train
21863,train
21864,test
21865,train
21866,validation
21867,train
21868,train
21869,validation
21870,train
21871,train
21872,test
21873,validation
21874,test
21875,train
21876,train
21877,train
21878,train
21879,train
21880,train
21881,train
21882,train
21883,train
21884,test
21885,validation
21886,train
21887,train
21888,validation
21889,train
21890,test
21891,validation
21892,test
21893,train
21894,test
21895,validation
21896,test
21897,validation
21898,train
21899,train
21900,train
21901,validation
21902,train
21903,train
21904,train
21905,validation
21906,train
21907,train
21908,test
21909,train
21910,train
21911,train
21912,train
21913,train
21914,test
21915,train
21916,train
21917,test
21918,train
21919,validation
21920,validation
21921,train
21922,train
21923,train
21924,train
21925,train
21926,validation
21927,train
21928,train
21929,train
21930,test
21931,test
21932,train
21933,test
21934,train
21935,train
21936,train
21937,train
21938,train
21939,test
21940,train
21941,test
21942,validation
21943,train
21944,train
21945,train
21946,train
21947,train
21948,train
21949,train
21950,train
21951,train
21952,validation
21953,train
21954,train
21955,train
21956,train
21957,test
21958,train
21959,train
21960,train
21961,train
21962,train
21963,train
21964,train
21965,test
21966,train
21967,train
21968,train
21969,train
21970,validation
21971,train
21972,validation
21973,validation
21974,train
21975,train
21976,test
21977,train
21978,validation
21979,test
21980,validation
21981,test
21982,train
21983,train
21984,test
21985,train
21986,test
21987,validation
21988,test
21989,validation
21990,train
21991,train
21992,train
21993,train
21994,train
21995,train
21996,validation
21997,train
21998,test
21999,train
22000,train
22001,train
22002,train
22003,test
22004,train
22005,train
22006,train
22007,train
22008,test
22009,train
22010,validation
22011,validation
22012,train
22013,train
22014,validation
22015,train
22016,validation
22017,train
22018,train
22019,train
22020,test
22021,train
22022,train
22023,train
22024,test
22025,validation
22026,train
22027,train
22028,test
22029,train
22030,train
22031,train
22032,validation
22033,test
22034,train
22035,test
22036,validation
22037,test
22038,train
22039,train
22040,train
22041,train
22042,train
22043,train
22044,train
22045,train
22046,train
22047,train
22048,validation
22049,train
22050,test
22051,validation
22052,validation
22053,test
22054,validation
22055,train
22056,train
22057,test
22058,train
22059,test
22060,train
22061,test
22062,train
22063,validation
22064,train
22065,train
22066,train
22067,train
22068,train
22069,test
22070,train
22071,train
22072,train
22073,train
22074,train
22075,train
22076,train
22077,train
22078,train
22079,test
22080,train
22081,train
22082,train
22083,validation
22084,train
22085,train
22086,train
22087,validation
22088,train
22089,test
22090,validation
22091,train
22092,train
22093,test
22094,train
22095,train
22096,train
22097,validation
22098,train
22099,train
22100,test
22101,train
22102,train
22103,train
22104,train
22105,test
22106,train
22107,train
22108,test
22109,train
22110,test
22111,train
22112,train
22113,train
22114,train
22115,validation
22116,train
22117,train
22118,test
22119,test
22120,train
22121,test
22122,train
22123,validation
22124,train
22125,test
22126,test
22127,test
22128,train
22129,test
22130,test
22131,test
22132,train
22133,train
22134,train
22135,validation
22136,test
22137,validation
22138,train
22139,train
22140,validation
22141,train
22142,validation
22143,train
22144,train
22145,validation
22146,test
22147,train
22148,train
22149,train
22150,validation
22151,train
22152,train
22153,train
22154,train
22155,train
22156,test
22157,train
22158,validation
22159,train
22160,test
22161,train
22162,train
22163,train
22164,train
22165,test
22166,test
22167,train
22168,train
22169,validation
22170,validation
22171,test
22172,train
22173,test
22174,train
22175,train
22176,train
22177,train
22178,train
22179,train
22180,train
22181,train
22182,validation
22183,validation
22184,train
22185,train
22186,train
22187,train
22188,train
22189,train
22190,test
22191,train
22192,validation
22193,test
22194,train
22195,train
22196,train
22197,train
22198,test
22199,train
22200,train
22201,train
22202,validation
22203,train
22204,train
22205,test
22206,validation
22207,train
22208,train
22209,test
22210,train
22211,train
22212,train
22213,train
22214,train
22215,train
22216,validation
22217,train
22218,train
22219,test
22220,test
22221,train
22222,test
22223,train
22224,validation
22225,train
22226,test
22227,train
22228,train
22229,train
22230,train
22231,train
22232,test
22233,test
22234,train
22235,validation
22236,train
22237,validation
22238,train
22239,validation
22240,train
22241,validation
22242,train
22243,train
22244,validation
22245,validation
22246,validation
22247,test
22248,train
22249,validation
22250,train
22251,train
22252,train
22253,validation
22254,train
22255,validation
22256,validation
22257,train
22258,train
22259,train
22260,train
22261,train
22262,train
22263,validation
22264,train
22265,train
22266,train
22267,validation
22268,test
22269,validation
22270,train
22271,validation
22272,validation
22273,train
22274,train
22275,train
22276,test
22277,validation
22278,test
22279,train
22280,train
22281,train
22282,train
22283,validation
22284,train
22285,train
22286,train
22287,test
22288,validation
22289,validation
22290,train
22291,train
22292,train
22293,train
22294,train
22295,train
22296,train
22297,train
22298,train
22299,train
22300,validation
22301,train
22302,train
22303,train
22304,test
22305,train
22306,train
22307,validation
22308,train
22309,validation
22310,train
22311,test
22312,train
22313,train
22314,test
22315,train
22316,validation
22317,train
22318,validation
22319,test
22320,validation
22321,test
22322,train
22323,train
22324,validation
22325,train
22326,train
22327,train
22328,train
22329,train
22330,train
22331,train
22332,train
22333,test
22334,train
22335,test
22336,train
22337,train
22338,train
22339,test
22340,train
22341,test
22342,test
22343,train
22344,train
22345,train
22346,validation
22347,test
22348,validation
22349,test
22350,validation
22351,train
22352,train
22353,validation
22354,train
22355,test
22356,validation
22357,validation
22358,train
22359,train
22360,train
22361,test
22362,train
22363,validation
22364,train
22365,validation
22366,validation
22367,train
22368,train
22369,test
22370,train
22371,validation
22372,train
22373,train
22374,train
22375,test
22376,train
22377,train
22378,test
22379,train
22380,train
22381,train
22382,validation
22383,test
22384,train
22385,train
22386,train
22387,train
22388,train
22389,test
22390,train
22391,train
22392,train
22393,test
22394,train
22395,train
22396,train
22397,validation
22398,validation
22399,test
22400,validation
22401,train
22402,validation
22403,train
22404,validation
22405,validation
22406,train
22407,train
22408,validation
22409,validation
22410,train
22411,train
22412,train
22413,train
22414,validation
22415,train
22416,test
22417,validation
22418,train
22419,test
22420,validation
22421,train
22422,validation
22423,train
22424,train
22425,train
22426,test
22427,train
22428,train
22429,validation
22430,train
22431,test
22432,train
22433,validation
22434,train
22435,train
22436,train
22437,train
22438,train
22439,validation
22440,test
22441,train
22442,train
22443,train
22444,train
22445,test
22446,train
22447,train
22448,train
22449,train
22450,test
22451,train
22452,train
22453,train
22454,train
22455,test
22456,validation
22457,validation
22458,train
22459,train
22460,train
22461,train
22462,test
22463,train
22464,test
22465,train
22466,train
22467,validation
22468,test
22469,train
22470,train
22471,validation
22472,validation
22473,test
22474,test
22475,test
22476,validation
22477,test
22478,train
22479,train
22480,train
22481,train
22482,train
22483,train
22484,test
22485,train
22486,test
22487,test
22488,train
22489,test
22490,test
22491,test
22492,train
22493,train
22494,train
22495,validation
22496,validation
22497,train
22498,train
22499,test
22500,validation
22501,train
22502,train
22503,test
22504,train
22505,train
22506,test
22507,train
22508,test
22509,train
22510,train
22511,validation
22512,test
22513,validation
22514,test
22515,train
22516,validation
22517,train
22518,train
22519,train
22520,train
22521,train
22522,train
22523,test
22524,train
22525,test
22526,train
22527,train
22528,train
22529,test
22530,test
22531,train
22532,train
22533,test
22534,validation
22535,train
22536,train
22537,test
22538,train
22539,validation
22540,train
22541,validation
22542,test
22543,train
22544,train
22545,train
22546,train
22547,train
22548,validation
22549,train
22550,validation
22551,test
22552,validation
22553,train
22554,test
22555,train
22556,test
22557,train
22558,train
22559,test
22560,train
22561,train
22562,validation
22563,test
22564,test
22565,train
22566,train
22567,train
22568,validation
22569,train
22570,train
22571,train
22572,train
22573,train
22574,test
22575,train
22576,train
22577,train
22578,train
22579,validation
22580,train
22581,train
22582,train
22583,train
22584,train
22585,test
22586,train
22587,train
22588,test
22589,train
22590,test
22591,train
22592,validation
22593,train
22594,validation
22595,validation
22596,train
22597,train
22598,validation
22599,test
22600,train
22601,test
22602,train
22603,train
22604,train
22605,train
22606,train
22607,train
22608,test
22609,train
22610,validation
22611,train
22612,train
22613,train
22614,validation
22615,test
22616,train
22617,train
22618,train
22619,train
22620,train
22621,test
22622,train
22623,validation
22624,train
22625,train
22626,train
22627,validation
22628,train
22629,train
22630,train
22631,validation
22632,train
22633,test
22634,train
22635,test
22636,validation
22637,train
22638,train
22639,train
22640,train
22641,train
22642,train
22643,train
22644,train
22645,test
22646,train
22647,test
22648,validation
22649,train
22650,validation
22651,train
22652,train
22653,validation
22654,train
22655,test
22656,test
22657,train
22658,train
22659,validation
22660,train
22661,validation
22662,train
22663,validation
22664,test
22665,validation
22666,train
22667,train
22668,train
22669,test
22670,validation
22671,test
22672,train
22673,validation
22674,train
22675,test
22676,train
22677,train
22678,train
22679,train
22680,train
22681,train
22682,train
22683,train
22684,train
22685,train
22686,train
22687,train
22688,train
22689,validation
22690,train
22691,train
22692,validation
22693,test
22694,train
22695,train
22696,train
22697,train
22698,validation
22699,test
22700,validation
22701,test
22702,train
22703,validation
22704,train
22705,train
22706,validation
22707,test
22708,train
22709,train
22710,train
22711,train
22712,train
22713,validation
22714,validation
22715,train
22716,train
22717,test
22718,train
22719,train
22720,validation
22721,test
22722,train
22723,validation
22724,validation
22725,test
22726,train
22727,train
22728,train
22729,validation
22730,train
22731,train
22732,train
22733,train
22734,train
22735,train
22736,train
22737,test
22738,test
22739,test
22740,train
22741,test
22742,test
22743,train
22744,test
22745,train
22746,validation
22747,train
22748,train
22749,train
22750,test
22751,train
22752,validation
22753,train
22754,test
22755,train
22756,test
22757,train
22758,train
22759,train
22760,train
22761,validation
22762,train
22763,train
22764,validation
22765,train
22766,train
22767,validation
22768,validation
22769,validation
22770,validation
22771,train
22772,train
22773,train
22774,test
22775,validation
22776,train
22777,validation
22778,validation
22779,test
22780,train
22781,test
22782,train
22783,train
22784,test
22785,train
22786,test
22787,test
22788,validation
22789,train
22790,test
22791,validation
22792,train
22793,train
22794,test
22795,train
22796,train
22797,train
22798,test
22799,test
22800,validation
22801,train
22802,train
22803,test
22804,train
22805,train
22806,train
22807,train
22808,validation
22809,train
22810,train
22811,train
22812,validation
22813,train
22814,train
22815,train
22816,train
22817,test
22818,train
22819,test
22820,test
22821,test
22822,validation
22823,test
22824,test
22825,train
22826,train
22827,validation
22828,validation
22829,train
22830,test
22831,train
22832,train
22833,train
22834,train
22835,train
22836,train
22837,train
22838,train
22839,train
22840,train
22841,train
22842,test
22843,train
22844,validation
22845,train
22846,train
22847,train
22848,test
22849,train
22850,train
22851,train
22852,validation
22853,train
22854,train
22855,train
22856,train
22857,test
22858,train
22859,train
22860,train
22861,validation
22862,train
22863,validation
22864,train
22865,validation
22866,train
22867,validation
22868,train
22869,train
22870,test
22871,train
22872,test
22873,test
22874,test
22875,test
22876,train
22877,train
22878,train
22879,validation
22880,train
22881,train
22882,train
22883,train
22884,train
22885,train
22886,train
22887,train
22888,train
22889,test
22890,test
22891,validation
22892,validation
22893,train
22894,train
22895,validation
22896,test
22897,train
22898,train
22899,train
22900,test
22901,test
22902,train
22903,train
22904,train
22905,test
22906,validation
22907,train
22908,train
22909,validation
22910,train
22911,validation
22912,train
22913,train
22914,train
22915,train
22916,validation
22917,validation
22918,train
22919,train
22920,train
22921,validation
22922,train
22923,train
22924,train
22925,train
22926,train
22927,test
22928,train
22929,test
22930,validation
22931,train
22932,test
22933,train
22934,validation
22935,test
22936,train
22937,validation
22938,train
22939,train
22940,train
22941,test
22942,train
22943,train
22944,test
22945,validation
22946,test
22947,validation
22948,validation
22949,train
22950,train
22951,validation
22952,validation
22953,validation
22954,train
22955,train
22956,train
22957,train
22958,train
22959,test
22960,validation
22961,train
22962,test
22963,train
22964,test
22965,train
22966,test
22967,validation
22968,test
22969,train
22970,train
22971,validation
22972,train
22973,test
22974,train
22975,test
22976,validation
22977,train
22978,test
22979,train
22980,train
22981,train
22982,train
22983,validation
22984,train
22985,train
22986,train
22987,test
22988,train
22989,train
22990,train
22991,validation
22992,train
22993,validation
22994,validation
22995,train
22996,train
22997,test
22998,test
22999,validation
23000,test
23001,train
23002,train
23003,validation
23004,train
23005,train
23006,train
23007,validation
23008,train
23009,train
23010,train
23011,train
23012,validation
23013,validation
23014,test
23015,test
23016,test
23017,train
23018,train
23019,test
23020,train
23021,test
23022,train
23023,train
23024,validation
23025,train
23026,train
23027,test
23028,validation
23029,train
23030,train
23031,train
23032,test
23033,test
23034,train
23035,train
23036,test
23037,train
23038,validation
23039,validation
23040,train
23041,test
23042,train
23043,test
23044,train
23045,test
23046,train
23047,train
23048,validation
23049,train
23050,train
23051,train
23052,validation
23053,train
23054,test
23055,test
23056,train
23057,validation
23058,validation
23059,validation
23060,validation
23061,train
23062,train
23063,validation
23064,train
23065,train
23066,train
23067,validation
23068,train
23069,test
23070,test
23071,train
23072,train
23073,train
23074,train
23075,test
23076,train
23077,train
23078,train
23079,train
23080,validation
23081,validation
23082,train
23083,train
23084,train
23085,train
23086,train
23087,validation
23088,train
23089,validation
23090,train
23091,train
23092,train
23093,test
23094,validation
23095,test
23096,train
23097,train
23098,train
23099,train
23100,test
23101,train
23102,train
23103,train
23104,train
23105,test
23106,validation
23107,train
23108,train
23109,train
23110,train
23111,train
23112,test
23113,test
23114,train
23115,train
23116,train
23117,test
23118,test
23119,train
23120,train
23121,validation
23122,validation
23123,train
23124,validation
23125,test
23126,validation
23127,test
23128,train
23129,train
23130,validation
23131,train
23132,test
23133,train
23134,validation
23135,test
23136,validation
23137,validation
23138,test
23139,validation
23140,train
23141,train
23142,train
23143,train
23144,train
23145,train
23146,train
23147,test
23148,train
23149,train
23150,train
23151,train
23152,train
23153,train
23154,train
23155,test
23156,train
23157,train
23158,train
23159,train
23160,train
23161,test
23162,train
23163,validation
23164,validation
23165,validation
23166,test
23167,train
23168,train
23169,train
23170,train
23171,train
23172,train
23173,validation
23174,validation
23175,test
23176,train
23177,train
23178,validation
23179,train
23180,train
23181,train
23182,validation
23183,train
23184,train
23185,train
23186,train
23187,validation
23188,train
23189,train
23190,train
23191,test
23192,train
23193,train
23194,train
23195,train
23196,validation
23197,train
23198,validation
23199,test
23200,test
23201,train
23202,train
23203,train
23204,test
23205,test
23206,train
23207,train
23208,train
23209,train
23210,train
23211,train
23212,test
23213,validation
23214,test
23215,train
23216,train
23217,test
23218,train
23219,train
23220,test
23221,train
23222,train
23223,train
23224,train
23225,train
23226,train
23227,train
23228,train
23229,validation
23230,train
23231,train
23232,train
23233,validation
23234,test
23235,train
23236,train
23237,test
23238,train
23239,train
23240,train
23241,validation
23242,train
23243,train
23244,validation
23245,validation
23246,train
23247,validation
23248,train
23249,validation
23250,test
23251,train
23252,train
23253,validation
23254,train
23255,validation
23256,train
23257,train
23258,test
23259,train
23260,validation
23261,train
23262,validation
23263,train
23264,train
23265,validation
23266,validation
23267,train
23268,validation
23269,train
23270,train
23271,train
23272,train
23273,train
23274,test
23275,test
23276,train
23277,validation
23278,train
23279,train
23280,train
23281,train
23282,train
23283,validation
23284,test
23285,train
23286,train
23287,train
23288,train
23289,validation
23290,test
23291,train
23292,test
23293,train
23294,train
23295,validation
23296,train
23297,test
23298,validation
23299,validation
23300,validation
23301,train
23302,validation
23303,validation
23304,train
23305,train
23306,validation
23307,validation
23308,validation
23309,train
23310,test
23311,train
23312,train
23313,validation
23314,train
23315,train
23316,train
23317,train
23318,train
23319,train
23320,train
23321,train
23322,train
23323,validation
23324,validation
23325,train
23326,test
23327,train
23328,train
23329,validation
23330,train
23331,train
23332,train
23333,test
23334,validation
23335,train
23336,train
23337,train
23338,train
23339,validation
23340,train
23341,train
23342,train
23343,test
23344,validation
23345,train
23346,test
23347,train
23348,train
23349,train
23350,train
23351,validation
23352,train
23353,train
23354,train
23355,train
23356,validation
23357,test
23358,validation
23359,test
23360,validation
23361,validation
23362,validation
23363,test
23364,validation
23365,train
23366,train
23367,train
23368,test
23369,validation
23370,train
23371,validation
23372,train
23373,validation
23374,train
23375,test
23376,train
23377,validation
23378,train
23379,train
23380,validation
23381,test
23382,test
23383,train
23384,train
23385,validation
23386,validation
23387,train
23388,train
23389,validation
23390,train
23391,validation
23392,validation
23393,train
23394,validation
23395,train
23396,train
23397,train
23398,validation
23399,train
23400,train
23401,train
23402,train
23403,validation
23404,validation
23405,train
23406,test
23407,train
23408,train
23409,test
23410,test
23411,train
23412,train
23413,test
23414,train
23415,test
23416,validation
23417,train
23418,train
23419,validation
23420,train
23421,test
23422,train
23423,test
23424,train
23425,train
23426,validation
23427,train
23428,validation
23429,train
23430,train
23431,train
23432,validation
23433,train
23434,test
23435,train
23436,train
23437,test
23438,train
23439,test
23440,train
23441,train
23442,validation
23443,test
23444,train
23445,train
23446,train
23447,test
23448,train
23449,validation
23450,train
23451,validation
23452,train
23453,train
23454,train
23455,test
23456,test
23457,validation
23458,train
23459,validation
23460,validation
23461,train
23462,train
23463,train
23464,validation
23465,train
23466,test
23467,train
23468,test
23469,train
23470,validation
23471,train
23472,train
23473,train
23474,train
23475,validation
23476,test
23477,validation
23478,test
23479,validation
23480,train
23481,train
23482,train
23483,validation
23484,validation
23485,train
23486,train
23487,train
23488,train
23489,test
23490,validation
23491,train
23492,validation
23493,train
23494,test
23495,validation
23496,test
23497,train
23498,train
23499,train
23500,train
23501,train
23502,train
23503,train
23504,validation
23505,test
23506,validation
23507,test
23508,train
23509,train
23510,train
23511,train
23512,test
23513,train
23514,train
23515,train
23516,validation
23517,train
23518,train
23519,train
23520,validation
23521,train
23522,train
23523,train
23524,train
23525,validation
23526,test
23527,validation
23528,test
23529,train
23530,validation
23531,test
23532,train
23533,train
23534,train
23535,train
23536,test
23537,train
23538,test
23539,validation
23540,test
23541,train
23542,test
23543,train
23544,train
23545,test
23546,validation
23547,train
23548,train
23549,train
23550,train
23551,validation
23552,train
23553,train
23554,train
23555,train
23556,validation
23557,train
23558,train
23559,train
23560,train
23561,validation
23562,train
23563,train
23564,train
23565,train
23566,test
23567,train
23568,validation
23569,train
23570,train
23571,train
23572,train
23573,validation
23574,train
23575,train
23576,test
23577,validation
23578,train
23579,train
23580,train
23581,test
23582,train
23583,test
23584,train
23585,validation
23586,test
23587,train
23588,test
23589,train
23590,train
23591,test
23592,train
23593,train
23594,validation
23595,validation
23596,validation
23597,validation
23598,train
23599,test
23600,train
23601,test
23602,train
23603,test
23604,train
23605,validation
23606,train
23607,validation
23608,validation
23609,train
23610,train
23611,train
23612,train
23613,train
23614,train
23615,train
23616,test
23617,train
23618,validation
23619,train
23620,train
23621,train
23622,test
23623,validation
23624,validation
23625,train
23626,train
23627,validation
23628,validation
23629,train
23630,train
23631,train
23632,test
23633,train
23634,validation
23635,train
23636,test
23637,train
23638,validation
23639,test
23640,train
23641,train
23642,test
23643,train
23644,test
23645,test
23646,validation
23647,test
23648,test
23649,test
23650,train
23651,train
23652,test
23653,train
23654,train
23655,train
23656,train
23657,test
23658,train
23659,test
23660,train
23661,train
23662,train
23663,train
23664,test
23665,validation
23666,train
23667,train
23668,train
23669,train
23670,train
23671,train
23672,train
23673,validation
23674,test
23675,train
23676,train
23677,test
23678,train
23679,train
23680,train
23681,test
23682,test
23683,test
23684,train
23685,train
23686,test
23687,validation
23688,validation
23689,train
23690,validation
23691,train
23692,train
23693,train
23694,test
23695,train
23696,train
23697,validation
23698,train
23699,train
23700,train
23701,train
23702,train
23703,train
23704,train
23705,test
23706,validation
23707,train
23708,validation
23709,train
23710,train
23711,train
23712,train
23713,train
23714,train
23715,train
23716,train
23717,train
23718,train
23719,validation
23720,train
23721,train
23722,train
23723,test
23724,test
23725,test
23726,train
23727,train
23728,test
23729,validation
23730,validation
23731,train
23732,train
23733,test
23734,train
23735,train
23736,train
23737,train
23738,train
23739,train
23740,validation
23741,train
23742,test
23743,train
23744,train
23745,train
23746,train
23747,train
23748,train
23749,validation
23750,train
23751,train
23752,train
23753,train
23754,train
23755,train
23756,validation
23757,test
23758,train
23759,train
23760,test
23761,validation
23762,train
23763,train
23764,train
23765,train
23766,test
23767,train
23768,train
23769,train
23770,train
23771,train
23772,train
23773,validation
23774,train
23775,validation
23776,train
23777,train
23778,train
23779,validation
23780,validation
23781,validation
23782,train
23783,train
23784,train
23785,train
23786,train
23787,validation
23788,train
23789,train
23790,train
23791,test
23792,train
23793,validation
23794,train
23795,validation
23796,test
23797,validation
23798,train
23799,train
23800,train
23801,train
23802,train
23803,train
23804,train
23805,train
23806,train
23807,train
23808,train
23809,test
23810,train
23811,train
23812,validation
23813,test
23814,test
23815,test
23816,train
23817,validation
23818,train
23819,validation
23820,train
23821,train
23822,validation
23823,train
23824,validation
23825,train
23826,train
23827,test
23828,train
23829,validation
23830,train
23831,train
23832,train
23833,train
23834,train
23835,train
23836,validation
23837,train
23838,train
23839,test
23840,train
23841,test
23842,train
23843,train
23844,train
23845,train
23846,test
23847,test
23848,train
23849,validation
23850,train
23851,train
23852,test
23853,train
23854,train
23855,validation
23856,train
23857,test
23858,validation
23859,test
23860,train
23861,train
23862,train
23863,test
23864,validation
23865,train
23866,train
23867,train
23868,train
23869,test
23870,train
23871,validation
23872,train
23873,train
23874,validation
23875,train
23876,test
23877,train
23878,test
23879,train
23880,train
23881,validation
23882,train
23883,train
23884,validation
23885,test
23886,validation
23887,train
23888,test
23889,validation
23890,validation
23891,train
23892,validation
23893,validation
23894,train
23895,train
23896,validation
23897,validation
23898,train
23899,test
23900,train
23901,validation
23902,test
23903,test
23904,train
23905,train
23906,train
23907,test
23908,test
23909,test
23910,test
23911,validation
23912,validation
23913,test
23914,test
23915,train
23916,train
23917,validation
23918,train
23919,train
23920,validation
23921,train
23922,validation
23923,train
23924,validation
23925,test
23926,validation
23927,test
23928,test
23929,train
23930,train
23931,validation
23932,train
23933,train
23934,train
23935,test
23936,validation
23937,train
23938,train
23939,train
23940,validation
23941,train
23942,train
23943,train
23944,test
23945,test
23946,train
23947,test
23948,train
23949,train
23950,train
23951,train
23952,test
23953,train
23954,train
23955,validation
23956,validation
23957,train
23958,train
23959,validation
23960,train
23961,train
23962,validation
23963,validation
23964,train
23965,train
23966,train
23967,validation
23968,train
23969,test
23970,test
23971,train
23972,train
23973,train
23974,validation
23975,train
23976,test
23977,test
23978,train
23979,test
23980,train
23981,train
23982,validation
23983,test
23984,validation
23985,train
23986,train
23987,train
23988,train
23989,test
23990,validation
23991,train
23992,train
23993,train
23994,test
23995,train
23996,train
23997,train
23998,train
23999,validation
24000,train
24001,test
24002,test
24003,train
24004,validation
24005,train
24006,train
24007,train
24008,test
24009,test
24010,train
24011,train
24012,validation
24013,train
24014,train
24015,train
24016,train
24017,train
24018,train
24019,train
24020,train
24021,train
24022,validation
24023,test
24024,test
24025,train
24026,train
24027,validation
24028,train
24029,train
24030,train
24031,train
24032,train
24033,test
24034,test
24035,train
24036,validation
24037,train
24038,validation
24039,test
24040,train
24041,test
24042,train
24043,validation
24044,train
24045,test
24046,validation
24047,validation
24048,test
24049,train
24050,train
24051,test
24052,test
24053,train
24054,train
24055,train
24056,train
24057,test
24058,validation
24059,train
24060,validation
24061,train
24062,train
24063,test
24064,test
24065,validation
24066,test
24067,train
24068,validation
24069,test
24070,train
24071,train
24072,train
24073,train
24074,validation
24075,train
24076,train
24077,test
24078,train
24079,train
24080,test
24081,train
24082,train
24083,test
24084,validation
24085,train
24086,train
24087,train
24088,train
24089,test
24090,test
24091,train
24092,train
24093,train
24094,train
24095,validation
24096,validation
24097,test
24098,train
24099,train
24100,validation
24101,train
24102,train
24103,train
24104,train
24105,train
24106,train
24107,validation
24108,train
24109,train
24110,train
24111,train
24112,train
24113,train
24114,train
24115,train
24116,test
24117,train
24118,test
24119,train
24120,train
24121,train
24122,train
24123,train
24124,train
24125,train
24126,validation
24127,train
24128,train
24129,train
24130,test
24131,test
24132,train
24133,test
24134,test
24135,train
24136,train
24137,train
24138,train
24139,test
24140,test
24141,validation
24142,train
24143,train
24144,validation
24145,train
24146,test
24147,validation
24148,test
24149,test
24150,train
24151,train
24152,train
24153,train
24154,train
24155,test
24156,train
24157,train
24158,train
24159,train
24160,train
24161,train
24162,train
24163,train
24164,train
24165,test
24166,validation
24167,validation
24168,train
24169,validation
24170,validation
24171,train
24172,train
24173,test
24174,test
24175,validation
24176,train
24177,train
24178,train
24179,train
24180,test
24181,train
24182,train
24183,validation
24184,validation
24185,validation
24186,validation
24187,test
24188,train
24189,train
24190,test
24191,validation
24192,train
24193,train
24194,train
24195,train
24196,train
24197,test
24198,train
24199,validation
24200,validation
24201,train
24202,train
24203,train
24204,train
24205,train
24206,train
24207,train
24208,train
24209,validation
24210,validation
24211,test
24212,validation
24213,test
24214,train
24215,train
24216,train
24217,test
24218,train
24219,train
24220,validation
24221,test
24222,train
24223,train
24224,train
24225,train
24226,validation
24227,validation
24228,train
24229,train
24230,train
24231,test
24232,validation
24233,train
24234,test
24235,train
24236,train
24237,validation
24238,train
24239,test
24240,train
24241,train
24242,train
24243,train
24244,validation
24245,test
24246,test
24247,train
24248,train
24249,train
24250,train
24251,validation
24252,train
24253,validation
24254,train
24255,train
24256,train
24257,test
24258,train
24259,train
24260,train
24261,validation
24262,validation
24263,train
24264,validation
24265,train
24266,train
24267,train
24268,train
24269,test
24270,test
24271,train
24272,train
24273,validation
24274,validation
24275,train
24276,train
24277,validation
24278,test
24279,test
24280,train
24281,train
24282,validation
24283,train
24284,test
24285,train
24286,train
24287,train
24288,train
24289,validation
24290,validation
24291,train
24292,train
24293,train
24294,train
24295,train
24296,train
24297,validation
24298,train
24299,test
24300,validation
24301,train
24302,train
24303,test
24304,train
24305,train
24306,validation
24307,test
24308,train
24309,train
24310,train
24311,train
24312,train
24313,validation
24314,validation
24315,train
24316,test
24317,test
24318,test
24319,test
24320,train
24321,validation
24322,train
24323,train
24324,validation
24325,validation
24326,train
24327,train
24328,train
24329,validation
24330,test
24331,train
24332,train
24333,validation
24334,test
24335,validation
24336,test
24337,train
24338,train
24339,test
24340,train
24341,validation
24342,train
24343,train
24344,train
24345,train
24346,train
24347,validation
24348,train
24349,train
24350,train
24351,train
24352,test
24353,train
24354,train
24355,train
24356,test
24357,train
24358,test
24359,train
24360,train
24361,validation
24362,train
24363,train
24364,test
24365,train
24366,train
24367,train
24368,train
24369,test
24370,validation
24371,validation
24372,train
24373,train
24374,train
24375,train
24376,train
24377,train
24378,train
24379,test
24380,test
24381,test
24382,train
24383,test
24384,test
24385,train
24386,train
24387,validation
24388,train
24389,test
24390,train
24391,train
24392,train
24393,test
24394,train
24395,train
24396,test
24397,train
24398,validation
24399,train
24400,train
24401,test
24402,train
24403,train
24404,train
24405,validation
24406,train
24407,train
24408,train
24409,train
24410,validation
24411,test
24412,train
24413,validation
24414,validation
24415,train
24416,train
24417,train
24418,train
24419,validation
24420,train
24421,validation
24422,test
24423,train
24424,validation
24425,train
24426,validation
24427,validation
24428,train
24429,test
24430,train
24431,validation
24432,validation
24433,train
24434,validation
24435,train
24436,train
24437,train
24438,validation
24439,train
24440,validation
24441,train
24442,validation
24443,train
24444,train
24445,validation
24446,validation
24447,train
24448,train
24449,validation
24450,train
24451,test
24452,train
24453,test
24454,train
24455,validation
24456,test
24457,validation
24458,test
24459,train
24460,train
24461,train
24462,test
24463,train
24464,train
24465,train
24466,train
24467,test
24468,validation
24469,train
24470,train
24471,train
24472,test
24473,train
24474,train
24475,train
24476,train
24477,validation
24478,validation
24479,test
24480,train
24481,train
24482,test
24483,test
24484,test
24485,validation
24486,train
24487,train
24488,train
24489,validation
24490,train
24491,test
24492,train
24493,train
24494,train
24495,train
24496,test
24497,test
24498,train
24499,train
24500,train
24501,test
24502,train
24503,train
24504,train
24505,train
24506,test
24507,test
24508,train
24509,validation
24510,test
24511,train
24512,train
24513,validation
24514,train
24515,train
24516,test
24517,validation
24518,test
24519,train
24520,test
24521,train
24522,validation
24523,train
24524,test
24525,train
24526,train
24527,test
24528,train
24529,train
24530,test
24531,train
24532,test
24533,validation
24534,train
24535,train
24536,train
24537,train
24538,train
24539,train
24540,train
24541,validation
24542,train
24543,train
24544,train
24545,train
24546,test
24547,train
24548,train
24549,train
24550,test
24551,train
24552,train
24553,test
24554,train
24555,validation
24556,train
24557,train
24558,train
24559,train
24560,test
24561,validation
24562,train
24563,train
24564,validation
24565,train
24566,train
24567,train
24568,train
24569,train
24570,validation
24571,train
24572,train
24573,train
24574,train
24575,train
24576,train
24577,train
24578,train
24579,train
24580,validation
24581,test
24582,train
24583,train
24584,train
24585,validation
24586,test
24587,test
24588,test
24589,train
24590,train
24591,validation
24592,train
24593,validation
24594,validation
24595,train
24596,train
24597,train
24598,train
24599,test
24600,test
24601,train
24602,test
24603,test
24604,train
24605,train
24606,test
24607,validation
24608,train
24609,train
24610,test
24611,train
24612,train
24613,train
24614,test
24615,test
24616,train
24617,test
24618,train
24619,validation
24620,test
24621,validation
24622,train
24623,train
24624,train
24625,test
24626,train
24627,validation
24628,train
24629,test
24630,train
24631,train
24632,validation
24633,train
24634,train
24635,validation
24636,train
24637,validation
24638,train
24639,test
24640,train
24641,test
24642,train
24643,validation
24644,validation
24645,train
24646,validation
24647,test
24648,train
24649,validation
24650,train
24651,train
24652,train
24653,train
24654,test
24655,train
24656,train
24657,validation
24658,validation
24659,test
24660,test
24661,train
24662,test
24663,validation
24664,train
24665,train
24666,train
24667,train
24668,test
24669,train
24670,train
24671,train
24672,test
24673,train
24674,train
24675,test
24676,train
24677,validation
24678,train
24679,test
24680,validation
24681,validation
24682,train
24683,train
24684,test
24685,train
24686,train
24687,train
24688,train
24689,train
24690,test
24691,train
24692,test
24693,train
24694,test
24695,test
24696,validation
24697,validation
24698,train
24699,train
24700,validation
24701,test
24702,train
24703,train
24704,validation
24705,validation
24706,train
24707,validation
24708,test
24709,test
24710,train
24711,validation
24712,test
24713,train
24714,validation
24715,test
24716,test
24717,train
24718,validation
24719,train
24720,test
24721,test
24722,train
24723,test
24724,test
24725,train
24726,train
24727,test
24728,train
24729,train
24730,validation
24731,train
24732,validation
24733,validation
24734,test
24735,test
24736,validation
24737,train
24738,test
24739,train
24740,test
24741,validation
24742,train
24743,test
24744,train
24745,train
24746,train
24747,test
24748,train
24749,validation
24750,test
24751,train
24752,train
24753,train
24754,test
24755,train
24756,train
24757,validation
24758,train
24759,train
24760,validation
24761,train
24762,train
24763,train
24764,train
24765,validation
24766,test
24767,validation
24768,test
24769,validation
24770,train
24771,train
24772,test
24773,train
24774,validation
24775,validation
24776,train
24777,test
24778,train
24779,validation
24780,train
24781,validation
24782,train
24783,test
24784,validation
24785,train
24786,train
24787,train
24788,validation
24789,train
24790,validation
24791,train
24792,train
24793,train
24794,train
24795,train
24796,test
24797,train
24798,train
24799,train
24800,validation
24801,validation
24802,train
24803,train
24804,validation
24805,train
24806,train
24807,validation
24808,train
24809,train
24810,test
24811,validation
24812,train
24813,test
24814,train
24815,train
24816,validation
24817,validation
24818,validation
24819,train
24820,test
24821,validation
24822,train
24823,train
24824,train
24825,train
24826,train
24827,validation
24828,validation
24829,test
24830,validation
24831,train
24832,train
24833,validation
24834,validation
24835,test
24836,test
24837,validation
24838,test
24839,train
24840,validation
24841,train
24842,train
24843,train
24844,train
24845,train
24846,train
24847,train
24848,train
24849,validation
24850,validation
24851,train
24852,validation
24853,train
24854,test
24855,train
24856,validation
24857,train
24858,test
24859,train
24860,train
24861,validation
24862,validation
24863,train
24864,test
24865,validation
24866,train
24867,test
24868,test
24869,train
24870,train
24871,train
24872,train
24873,validation
24874,train
24875,train
24876,validation
24877,train
24878,train
24879,train
24880,train
24881,train
24882,validation
24883,test
24884,test
24885,train
24886,test
24887,validation
24888,train
24889,train
24890,train
24891,train
24892,train
24893,train
24894,validation
24895,train
24896,test
24897,train
24898,train
24899,train
24900,train
24901,validation
24902,train
24903,train
24904,train
24905,train
24906,train
24907,train
24908,train
24909,validation
24910,train
24911,train
24912,validation
24913,test
24914,validation
24915,validation
24916,test
24917,train
24918,validation
24919,test
24920,train
24921,train
24922,validation
24923,train
24924,train
24925,train
24926,train
24927,train
24928,train
24929,train
24930,train
24931,test
24932,train
24933,train
24934,train
24935,train
24936,train
24937,train
24938,validation
24939,train
24940,train
24941,train
24942,train
24943,train
24944,train
24945,train
24946,train
24947,test
24948,test
24949,train
24950,train
24951,train
24952,test
24953,train
24954,train
24955,train
24956,train
24957,validation
24958,validation
24959,train
24960,train
24961,train
24962,train
24963,test
24964,train
24965,train
24966,train
24967,train
24968,train
24969,train
24970,train
24971,test
24972,test
24973,train
24974,train
24975,train
24976,train
24977,test
24978,train
24979,train
24980,validation
24981,test
24982,validation
24983,test
24984,train
24985,train
24986,validation
24987,validation
24988,validation
24989,train
24990,train
24991,validation
24992,test
24993,test
24994,validation
24995,train
24996,train
24997,test
24998,train
24999,validation
25000,train
25001,validation
25002,test
25003,train
25004,train
25005,validation
25006,train
25007,train
25008,train
25009,train
25010,test
25011,train
25012,test
25013,train
25014,test
25015,validation
25016,train
25017,train
25018,train
25019,train
25020,train
25021,train
25022,train
25023,train
25024,train
25025,validation
25026,test
25027,train
25028,train
25029,train
25030,train
25031,validation
25032,test
25033,train
25034,train
25035,train
25036,train
25037,validation
25038,train
25039,validation
25040,train
25041,train
25042,validation
25043,train
25044,train
25045,test
25046,validation
25047,train
25048,train
25049,train
25050,train
25051,validation
25052,validation
25053,train
25054,train
25055,test
25056,train
25057,train
25058,validation
