units,layers,activation,optimizer,lr,dropout,l2_strength,trial_id,status,val_auc,val_precision,val_recall,val_accuracy,val_loss
240,3,relu,adam,0.0003,0.30000000000000004,0.0001,1863,COMPLETED,0.8871857523918152,0.7260869741439819,0.5566666722297668,0.9022443890571594,0.3184770345687866
48,1,relu,adam,0.001,0.4,0.0,0623,COMPLETED,0.886974573135376,0.7298578023910522,0.5133333206176758,0.8987531065940857,0.28674593567848206
64,1,relu,adam,0.0003,0.4,0.0001,0704,COMPLETED,0.8864525556564331,0.7186146974563599,0.5533333420753479,0.9007481336593628,0.2834400534629822
112,1,tanh,rmsprop,0.001,0.30000000000000004,1e-05,1672,COMPLETED,0.8863177299499512,0.7037037014961243,0.5066666603088379,0.8942643404006958,0.2785143256187439
112,4,tanh,adam,0.0003,0.30000000000000004,0.0,1322,COMPLETED,0.8862825036048889,0.6942148804664612,0.5600000023841858,0.8972568511962891,0.2734698951244354
48,1,relu,adam,0.001,0.2,1e-05,1256,COMPLETED,0.8861642479896545,0.734883725643158,0.5266666412353516,0.9007481336593628,0.27733293175697327
112,4,tanh,rmsprop,0.0003,0.1,0.0,0134,COMPLETED,0.8860145807266235,0.7319587469100952,0.47333332896232605,0.895261824131012,0.269979864358902
16,2,elu,adam,0.001,0.0,1e-06,1255,COMPLETED,0.8858543634414673,0.7464115023612976,0.5199999809265137,0.901745617389679,0.27198806405067444
256,1,relu,adam,0.0003,0.30000000000000004,1e-05,1348,COMPLETED,0.8857771754264832,0.7285068035125732,0.5366666913032532,0.9007481336593628,0.28090912103652954
176,2,relu,adam,0.0003,0.4,0.0001,1975,COMPLETED,0.8857214450836182,0.7397260069847107,0.5400000214576721,0.9027431607246399,0.2956444323062897
32,3,elu,adam,0.001,0.4,1e-06,1019,COMPLETED,0.8856520056724548,0.7100840210914612,0.5633333325386047,0.9002493619918823,0.2689364552497864
80,4,elu,adam,0.0003,0.1,0.0001,1936,COMPLETED,0.8855866193771362,0.7196261882781982,0.5133333206176758,0.8972568511962891,0.29757460951805115
16,1,relu,adam,0.0003,0.4,1e-05,1535,COMPLETED,0.8855464458465576,0.7111111283302307,0.5333333611488342,0.8977556228637695,0.27576255798339844
112,4,relu,adam,0.001,0.4,1e-06,1673,COMPLETED,0.8855005502700806,0.7219917178153992,0.5799999833106995,0.903740644454956,0.27320927381515503
240,1,relu,adam,0.0003,0.2,0.0001,0874,COMPLETED,0.8854408860206604,0.7314814925193787,0.5266666412353516,0.9002493619918823,0.2869710922241211
144,1,relu,adam,0.001,0.2,1e-05,1398,COMPLETED,0.8854389786720276,0.7414634227752686,0.5066666603088379,0.8997506499290466,0.2755492329597473
256,1,tanh,rmsprop,0.001,0.30000000000000004,0.0,0816,COMPLETED,0.8853704929351807,0.7109004855155945,0.5,0.8947631120681763,0.2669311463832855
176,2,tanh,rmsprop,0.0003,0.1,1e-05,1072,COMPLETED,0.8852522373199463,0.75,0.4699999988079071,0.8972568511962891,0.27282461524009705
96,2,tanh,rmsprop,0.001,0.30000000000000004,0.0001,1049,COMPLETED,0.8851984143257141,0.7397959232330322,0.4833333194255829,0.8972568511962891,0.2853992283344269
240,1,relu,adam,0.0003,0.1,0.001,0797,COMPLETED,0.8851398229598999,0.738095223903656,0.5166666507720947,0.9002493619918823,0.31182533502578735
64,3,tanh,rmsprop,0.0003,0.1,0.0,0509,COMPLETED,0.8851045370101929,0.7247706651687622,0.5266666412353516,0.8992518782615662,0.27130842208862305
176,3,elu,adam,0.0003,0.2,0.0001,0473,COMPLETED,0.8850713968276978,0.7035398483276367,0.5299999713897705,0.8962593674659729,0.3016907870769501
176,2,relu,adam,0.0003,0.4,1e-05,1440,COMPLETED,0.8850528001785278,0.733031690120697,0.5400000214576721,0.901745617389679,0.275389164686203
64,2,relu,adam,0.001,0.4,1e-06,0442,COMPLETED,0.8850009441375732,0.737864077091217,0.5066666603088379,0.8992518782615662,0.2811100482940674
176,3,tanh,adam,0.0003,0.4,0.0001,1186,COMPLETED,0.8849413394927979,0.7186146974563599,0.5533333420753479,0.9007481336593628,0.29275161027908325
80,3,elu,adam,0.0003,0.1,0.0001,1266,COMPLETED,0.8849178552627563,0.737089216709137,0.5233333110809326,0.9007481336593628,0.2926507294178009
256,2,tanh,adam,0.001,0.4,1e-05,0676,COMPLETED,0.884892463684082,0.7008196711540222,0.5699999928474426,0.8992518782615662,0.28365829586982727
16,1,elu,adam,0.003,0.2,0.0,1956,COMPLETED,0.8847761750221252,0.7161571979522705,0.54666668176651,0.8997506499290466,0.27806350588798523
112,1,relu,adam,0.0003,0.0,0.001,0405,COMPLETED,0.8847732543945312,0.7242990732192993,0.5166666507720947,0.8982543349266052,0.30077049136161804
192,1,tanh,rmsprop,0.0003,0.0,0.0001,0589,COMPLETED,0.8847517967224121,0.6929824352264404,0.5266666412353516,0.8942643404006958,0.3027609586715698
192,1,elu,adam,0.0003,0.1,0.0001,1319,COMPLETED,0.8847448825836182,0.7405660152435303,0.5233333110809326,0.9012469053268433,0.2856113910675049
80,3,relu,adam,0.001,0.30000000000000004,1e-05,1752,COMPLETED,0.8847272992134094,0.7162162065505981,0.5299999713897705,0.8982543349266052,0.2775842547416687
224,2,tanh,rmsprop,0.0003,0.4,0.0001,0438,COMPLETED,0.8847106695175171,0.7035176157951355,0.46666666865348816,0.8907730579376221,0.2931465208530426
240,3,tanh,adam,0.0003,0.2,1e-05,1885,COMPLETED,0.8846646547317505,0.7105262875556946,0.5400000214576721,0.8982543349266052,0.28229016065597534
144,3,tanh,adam,0.001,0.4,1e-05,1932,COMPLETED,0.8846412301063538,0.7046413421630859,0.5566666722297668,0.8987531065940857,0.2724625766277313
144,3,tanh,rmsprop,0.001,0.1,1e-05,1274,COMPLETED,0.8846108913421631,0.7456647157669067,0.4300000071525574,0.8927680850028992,0.2762502133846283
224,1,tanh,rmsprop,0.0003,0.4,1e-06,0853,COMPLETED,0.88456791639328,0.6995515823364258,0.5199999809265137,0.8947631120681763,0.2709752321243286
160,1,tanh,rmsprop,0.0003,0.2,1e-06,1655,COMPLETED,0.8845463991165161,0.7027027010917664,0.5199999809265137,0.895261824131012,0.27106615900993347
16,1,relu,adam,0.001,0.30000000000000004,0.001,1084,COMPLETED,0.8845444917678833,0.7317073345184326,0.5,0.8977556228637695,0.28518715500831604
112,1,tanh,rmsprop,0.003,0.30000000000000004,1e-05,1501,COMPLETED,0.884522020816803,0.7373737096786499,0.4866666793823242,0.8972568511962891,0.27873802185058594
208,1,relu,adam,0.0003,0.2,0.0001,1757,COMPLETED,0.884520947933197,0.7428571581840515,0.5199999809265137,0.9012469053268433,0.2871003746986389
256,2,relu,adam,0.0003,0.30000000000000004,0.001,1356,COMPLETED,0.8844838738441467,0.7403846383094788,0.5133333206176758,0.9002493619918823,0.35301801562309265
224,1,relu,adam,0.0003,0.2,1e-05,1473,COMPLETED,0.8844310641288757,0.7268518805503845,0.5233333110809326,0.8992518782615662,0.27695631980895996
128,1,tanh,rmsprop,0.001,0.0,0.0001,1166,COMPLETED,0.8844056725502014,0.7040358781814575,0.5233333110809326,0.8957605957984924,0.31133076548576355
256,1,tanh,rmsprop,0.001,0.1,0.0,0422,COMPLETED,0.8843362927436829,0.7156862616539001,0.4866666793823242,0.8942643404006958,0.27020832896232605
192,2,relu,adam,0.0003,0.4,0.0001,0481,COMPLETED,0.884293258190155,0.7136150002479553,0.5066666603088379,0.8957605957984924,0.30199679732322693
160,1,relu,adam,0.0003,0.1,0.001,0060,COMPLETED,0.8842687606811523,0.734883725643158,0.5266666412353516,0.9007481336593628,0.3009742200374603
48,2,elu,adam,0.001,0.30000000000000004,1e-05,0057,COMPLETED,0.8842629194259644,0.7161571979522705,0.54666668176651,0.8997506499290466,0.2741645872592926
176,1,elu,adam,0.0003,0.2,1e-06,0548,COMPLETED,0.8842326402664185,0.7289719581604004,0.5199999809265137,0.8992518782615662,0.27680784463882446
208,3,tanh,adam,0.001,0.4,1e-05,0616,COMPLETED,0.8842101693153381,0.737864077091217,0.5066666603088379,0.8992518782615662,0.2764762341976166
48,1,relu,adam,0.0003,0.30000000000000004,1e-06,1776,COMPLETED,0.884197473526001,0.7219731211662292,0.5366666913032532,0.8997506499290466,0.2832719087600708
256,1,relu,adam,0.001,0.2,0.0001,0963,COMPLETED,0.8841339349746704,0.7333333492279053,0.5133333206176758,0.8992518782615662,0.28832218050956726
80,1,relu,adam,0.0003,0.0,0.0001,1004,COMPLETED,0.8841192722320557,0.71875,0.5366666913032532,0.8992518782615662,0.28443846106529236
112,3,tanh,rmsprop,0.001,0.4,0.0001,1294,COMPLETED,0.8841183185577393,0.7180616855621338,0.5433333516120911,0.8997506499290466,0.29074954986572266
256,3,elu,adam,0.0003,0.30000000000000004,0.0001,0219,COMPLETED,0.8840733170509338,0.7247706651687622,0.5266666412353516,0.8992518782615662,0.32044991850852966
112,2,elu,adam,0.0003,0.4,0.0001,1163,COMPLETED,0.8840636014938354,0.7224669456481934,0.54666668176651,0.9007481336593628,0.28583890199661255
128,4,tanh,adam,0.0003,0.30000000000000004,1e-05,1224,COMPLETED,0.8840498924255371,0.6832060813903809,0.596666693687439,0.8982543349266052,0.2807654142379761
112,1,elu,adam,0.001,0.30000000000000004,1e-05,1069,COMPLETED,0.8840263485908508,0.7317073345184326,0.5,0.8977556228637695,0.28221389651298523
192,2,tanh,rmsprop,0.0003,0.4,1e-05,1565,COMPLETED,0.8840224742889404,0.6944444179534912,0.5,0.8922693133354187,0.27778348326683044
32,4,elu,adam,0.001,0.30000000000000004,0.0,1984,COMPLETED,0.8839854001998901,0.7219731211662292,0.5366666913032532,0.8997506499290466,0.27548620104789734
240,2,tanh,adam,0.001,0.30000000000000004,1e-06,1610,COMPLETED,0.8839794397354126,0.7188940048217773,0.5199999809265137,0.8977556228637695,0.27338069677352905
176,1,tanh,rmsprop,0.001,0.0,0.0,1376,COMPLETED,0.8839648365974426,0.7069767713546753,0.5066666603088379,0.8947631120681763,0.26845720410346985
32,3,relu,adam,0.001,0.30000000000000004,0.0001,1346,COMPLETED,0.8838934302330017,0.7068272829055786,0.5866666436195374,0.901745617389679,0.27911949157714844
208,3,relu,adam,0.0003,0.2,0.0,1185,COMPLETED,0.8838719129562378,0.6978723406791687,0.54666668176651,0.8967580795288086,0.2713319659233093
80,1,relu,adam,0.0003,0.30000000000000004,0.0,1712,COMPLETED,0.8838465213775635,0.7336244583129883,0.5600000023841858,0.903740644454956,0.28144147992134094
64,4,elu,adam,0.0003,0.1,1e-06,1979,COMPLETED,0.8838397264480591,0.7136752009391785,0.5566666722297668,0.9002493619918823,0.2730139195919037
48,3,tanh,adam,0.001,0.30000000000000004,0.0001,1675,COMPLETED,0.8838357329368591,0.713004469871521,0.5299999713897705,0.8977556228637695,0.2799384593963623
112,1,tanh,rmsprop,0.003,0.0,1e-05,1906,COMPLETED,0.8838347792625427,0.7290640473365784,0.4933333396911621,0.8967580795288086,0.2761760950088501
32,3,tanh,rmsprop,0.001,0.0,0.001,1905,COMPLETED,0.8838289380073547,0.7169811129570007,0.5066666603088379,0.8962593674659729,0.2950953543186188
192,1,relu,adam,0.001,0.1,0.0001,1873,COMPLETED,0.8838152885437012,0.7336448431015015,0.5233333110809326,0.9002493619918823,0.2897549569606781
224,2,relu,adam,0.0003,0.4,0.0,0672,COMPLETED,0.8837918043136597,0.7316017150878906,0.5633333325386047,0.903740644454956,0.2728666067123413
224,2,elu,adam,0.0003,0.30000000000000004,1e-06,1431,COMPLETED,0.8837860226631165,0.7123894095420837,0.5366666913032532,0.8982543349266052,0.2723938524723053
16,4,elu,adam,0.0003,0.1,0.0001,0132,COMPLETED,0.8837751746177673,0.7083333134651184,0.5666666626930237,0.9002493619918823,0.2767861485481262
128,4,elu,adam,0.0003,0.30000000000000004,0.0001,1838,COMPLETED,0.8837263584136963,0.7203390002250671,0.5666666626930237,0.9022443890571594,0.30430418252944946
128,1,elu,adam,0.001,0.4,1e-05,0021,COMPLETED,0.8837223052978516,0.739534854888916,0.5299999713897705,0.901745617389679,0.2800257205963135
64,2,elu,adam,0.0003,0.30000000000000004,1e-05,0701,COMPLETED,0.8836676478385925,0.7168141603469849,0.5400000214576721,0.8992518782615662,0.27405980229377747
208,2,relu,adam,0.0003,0.1,0.001,1250,COMPLETED,0.8836422562599182,0.721238911151886,0.5433333516120911,0.9002493619918823,0.3816141188144684
128,3,tanh,rmsprop,0.001,0.4,0.0,1481,COMPLETED,0.8836333751678467,0.7095237970352173,0.49666666984558105,0.8942643404006958,0.2699134051799774
240,2,relu,adam,0.0003,0.2,1e-06,0004,COMPLETED,0.8836236000061035,0.7251184582710266,0.5099999904632568,0.8977556228637695,0.2782784104347229
240,1,tanh,rmsprop,0.001,0.0,0.001,0731,COMPLETED,0.8836100101470947,0.7129629850387573,0.5133333206176758,0.8962593674659729,0.2954864203929901
48,1,relu,adam,0.0003,0.30000000000000004,0.0001,0721,COMPLETED,0.8836089968681335,0.7345132827758789,0.5533333420753479,0.9032418727874756,0.2837390601634979
208,3,relu,adam,0.0003,0.30000000000000004,0.0,0046,COMPLETED,0.8836041688919067,0.7029288411140442,0.5600000023841858,0.8987531065940857,0.2751672565937042
16,1,relu,adam,0.001,0.0,0.001,1842,COMPLETED,0.8835963010787964,0.7285714149475098,0.5099999904632568,0.8982543349266052,0.2838347852230072
192,2,tanh,adam,0.001,0.2,0.0001,1833,COMPLETED,0.8835835456848145,0.7190476059913635,0.503333330154419,0.8962593674659729,0.295199453830719
192,1,relu,adam,0.0003,0.2,0.0,1324,COMPLETED,0.8835688829421997,0.7397260069847107,0.5400000214576721,0.9027431607246399,0.2813468873500824
144,2,relu,adam,0.0003,0.30000000000000004,1e-06,1374,COMPLETED,0.8835669755935669,0.7227272987365723,0.5299999713897705,0.8992518782615662,0.27900251746177673
64,3,tanh,adam,0.003,0.30000000000000004,0.0,0489,COMPLETED,0.8835659623146057,0.7213114500045776,0.4399999976158142,0.8907730579376221,0.2712031304836273
256,1,elu,adam,0.001,0.4,1e-06,1359,COMPLETED,0.8835551738739014,0.7333333492279053,0.5133333206176758,0.8992518782615662,0.279880166053772
128,2,relu,adam,0.001,0.2,1e-06,1689,COMPLETED,0.8835522532463074,0.7155963182449341,0.5199999809265137,0.8972568511962891,0.27637147903442383
48,1,tanh,rmsprop,0.001,0.2,0.0,0038,COMPLETED,0.883495569229126,0.7123287916183472,0.5199999809265137,0.8967580795288086,0.2701207101345062
224,1,relu,adam,0.001,0.4,1e-06,0938,COMPLETED,0.88348388671875,0.7424242496490479,0.49000000953674316,0.8982543349266052,0.27695685625076294
256,1,relu,adam,0.001,0.30000000000000004,0.0,0539,COMPLETED,0.8834760189056396,0.7361111044883728,0.5299999713897705,0.9012469053268433,0.2751028835773468
208,3,tanh,rmsprop,0.0003,0.2,0.0,0975,COMPLETED,0.8834398984909058,0.74210524559021,0.4699999988079071,0.8962593674659729,0.2716662287712097
16,1,relu,adam,0.003,0.2,0.0,0042,COMPLETED,0.8834398984909058,0.734883725643158,0.5266666412353516,0.9007481336593628,0.27850088477134705
128,4,tanh,adam,0.0003,0.2,0.0,0128,COMPLETED,0.8834164142608643,0.7077625393867493,0.5166666507720947,0.8957605957984924,0.27087292075157166
32,2,tanh,rmsprop,0.001,0.1,1e-06,0774,COMPLETED,0.8833969235420227,0.7425742745399475,0.5,0.8992518782615662,0.26971450448036194
96,2,tanh,rmsprop,0.003,0.30000000000000004,1e-06,1915,COMPLETED,0.883388102054596,0.7309941649436951,0.4166666567325592,0.8897755742073059,0.2753390371799469
144,2,tanh,adam,0.001,0.30000000000000004,0.0001,1353,COMPLETED,0.8833851218223572,0.7094017267227173,0.5533333420753479,0.8992518782615662,0.2856423556804657
240,1,tanh,rmsprop,0.001,0.4,1e-06,1688,COMPLETED,0.8833754062652588,0.7115384340286255,0.4933333396911621,0.8942643404006958,0.27081507444381714
32,2,relu,adam,0.0003,0.2,1e-05,0935,COMPLETED,0.8833577632904053,0.7305936217308044,0.5333333611488342,0.9007481336593628,0.278634637594223
208,2,tanh,adam,0.003,0.4,1e-06,0436,COMPLETED,0.8833558559417725,0.7162790894508362,0.5133333206176758,0.8967580795288086,0.27853888273239136
80,2,elu,adam,0.0003,0.1,1e-05,0076,COMPLETED,0.8833509683609009,0.7203791737556458,0.5066666603088379,0.8967580795288086,0.2779390215873718
240,4,tanh,rmsprop,0.0003,0.4,0.0,1371,COMPLETED,0.8833470344543457,0.7102803587913513,0.5066666603088379,0.895261824131012,0.2737587094306946
224,1,tanh,rmsprop,0.0003,0.1,1e-05,0262,COMPLETED,0.8833410739898682,0.6972476840019226,0.5066666603088379,0.8932668566703796,0.2745021879673004
176,1,tanh,rmsprop,0.001,0.4,1e-06,1731,COMPLETED,0.883335292339325,0.708737850189209,0.4866666793823242,0.8932668566703796,0.2702536880970001
128,2,tanh,rmsprop,0.001,0.2,0.0,0237,COMPLETED,0.8832961320877075,0.7586206793785095,0.4399999976158142,0.895261824131012,0.2737385034561157
16,3,tanh,adam,0.001,0.2,0.0,0054,COMPLETED,0.8832883834838867,0.7096773982048035,0.5133333206176758,0.8957605957984924,0.2691967487335205
96,4,tanh,adam,0.0003,0.4,1e-06,1159,COMPLETED,0.8832883238792419,0.6780303120613098,0.596666693687439,0.8972568511962891,0.2795414924621582
128,3,tanh,adam,0.0003,0.30000000000000004,0.0,0336,COMPLETED,0.8832648992538452,0.7117117047309875,0.5266666412353516,0.8972568511962891,0.2735978066921234
96,2,relu,adam,0.001,0.2,0.0001,1582,COMPLETED,0.883256196975708,0.75,0.49000000953674316,0.8992518782615662,0.2928365468978882
64,1,tanh,rmsprop,0.001,0.2,0.0001,1779,COMPLETED,0.8832521438598633,0.7050691246986389,0.5099999904632568,0.8947631120681763,0.29182949662208557
192,3,elu,adam,0.0003,0.4,0.0001,1796,COMPLETED,0.8832374811172485,0.7172130942344666,0.5833333134651184,0.9032418727874756,0.3017483949661255
144,1,relu,rmsprop,0.0003,0.0,0.001,0223,COMPLETED,0.8832160234451294,0.7168141603469849,0.5400000214576721,0.8992518782615662,0.3127959668636322
208,1,elu,adam,0.0003,0.4,1e-06,0795,COMPLETED,0.8832072019577026,0.7453703880310059,0.5366666913032532,0.9032418727874756,0.27752426266670227
48,3,tanh,adam,0.0003,0.2,1e-06,1041,COMPLETED,0.883203387260437,0.7239819169044495,0.5333333611488342,0.8997506499290466,0.2712880074977875
96,3,tanh,adam,0.001,0.30000000000000004,0.0,1285,COMPLETED,0.8832032680511475,0.7289719581604004,0.5199999809265137,0.8992518782615662,0.27025172114372253
96,2,tanh,rmsprop,0.001,0.1,0.0,1957,COMPLETED,0.8832004070281982,0.7297297120094299,0.44999998807907104,0.8927680850028992,0.26983869075775146
144,1,relu,adam,0.0003,0.0,0.0,1996,COMPLETED,0.8831964135169983,0.7276995182037354,0.5166666507720947,0.8987531065940857,0.2721644341945648
64,2,elu,adam,0.001,0.30000000000000004,1e-06,0895,COMPLETED,0.8831789493560791,0.7230046987533569,0.5133333206176758,0.8977556228637695,0.2745142877101898
144,3,relu,rmsprop,0.0003,0.0,0.001,1126,COMPLETED,0.8831642270088196,0.7203791737556458,0.5066666603088379,0.8967580795288086,0.316466748714447
16,2,elu,rmsprop,0.001,0.30000000000000004,0.0001,0950,COMPLETED,0.8831545114517212,0.7371134161949158,0.476666659116745,0.8962593674659729,0.28546348214149475
128,2,tanh,rmsprop,0.0003,0.2,0.0,1331,COMPLETED,0.8831437230110168,0.7150259017944336,0.46000000834465027,0.891770601272583,0.27122944593429565
208,3,relu,adam,0.0003,0.30000000000000004,0.0001,1908,COMPLETED,0.8831143975257874,0.7016128897666931,0.5799999833106995,0.9002493619918823,0.3135751485824585
256,3,elu,adam,0.01,0.2,1e-06,0567,COMPLETED,0.8830860257148743,0.6706827282905579,0.5566666722297668,0.8927680850028992,0.32528895139694214
32,2,relu,adam,0.0003,0.4,1e-06,0742,COMPLETED,0.8830811977386475,0.7276995182037354,0.5166666507720947,0.8987531065940857,0.2817574739456177
32,3,elu,adam,0.001,0.2,1e-06,0464,COMPLETED,0.8830801844596863,0.7081544995307922,0.550000011920929,0.8987531065940857,0.27233001589775085
160,1,relu,adam,0.0003,0.30000000000000004,0.0001,1745,COMPLETED,0.883056640625,0.7219731211662292,0.5366666913032532,0.8997506499290466,0.28789886832237244
208,2,tanh,adam,0.0003,0.2,0.0001,1559,COMPLETED,0.883056640625,0.734883725643158,0.5266666412353516,0.9007481336593628,0.2997424304485321
128,3,relu,adam,0.001,0.4,0.0001,0727,COMPLETED,0.8830264806747437,0.7136150002479553,0.5066666603088379,0.8957605957984924,0.29848772287368774
48,1,tanh,adam,0.001,0.30000000000000004,1e-05,0830,COMPLETED,0.8830235004425049,0.7268292903900146,0.49666666984558105,0.8967580795288086,0.2720242738723755
48,1,tanh,rmsprop,0.001,0.2,0.0001,0471,COMPLETED,0.8829823732376099,0.7004608511924744,0.5066666603088379,0.8937655687332153,0.2812052071094513
240,2,relu,adam,0.0003,0.2,0.001,1573,COMPLETED,0.8829081058502197,0.7242990732192993,0.5166666507720947,0.8982543349266052,0.34355688095092773
48,3,tanh,adam,0.01,0.2,0.0,1396,COMPLETED,0.8829041719436646,0.7128205299377441,0.4633333384990692,0.891770601272583,0.27135607600212097
240,4,relu,adam,0.0003,0.4,1e-06,1133,COMPLETED,0.8829022645950317,0.7066115736961365,0.5699999928474426,0.9002493619918823,0.27931472659111023
176,1,tanh,adam,0.001,0.30000000000000004,1e-05,1219,COMPLETED,0.8828875422477722,0.7297297120094299,0.5400000214576721,0.9012469053268433,0.278825968503952
112,1,relu,adam,0.001,0.2,0.001,0367,COMPLETED,0.8828787803649902,0.7194570302963257,0.5299999713897705,0.8987531065940857,0.2940170466899872
80,1,elu,adam,0.0003,0.4,1e-05,0388,COMPLETED,0.8828787803649902,0.7136563658714294,0.5400000214576721,0.8987531065940857,0.27692440152168274
176,4,elu,adam,0.001,0.0,0.001,0690,COMPLETED,0.8828768730163574,0.7177033424377441,0.5,0.8957605957984924,0.2888569235801697
96,2,tanh,rmsprop,0.001,0.30000000000000004,0.0,1782,COMPLETED,0.8828729391098022,0.7244898080825806,0.47333332896232605,0.8942643404006958,0.27124956250190735
224,1,elu,rmsprop,0.001,0.0,0.0,1444,COMPLETED,0.8828651309013367,0.7259615659713745,0.503333330154419,0.8972568511962891,0.2703746259212494
144,2,relu,adam,0.0003,0.4,1e-05,1657,COMPLETED,0.8828641176223755,0.7298578023910522,0.5133333206176758,0.8987531065940857,0.27867141366004944
32,3,tanh,adam,0.001,0.30000000000000004,1e-06,0679,COMPLETED,0.8828563094139099,0.6958333253860474,0.5566666722297668,0.8972568511962891,0.2719072997570038
144,2,tanh,adam,0.003,0.4,1e-05,1722,COMPLETED,0.8828485012054443,0.7090908885002136,0.5199999809265137,0.8962593674659729,0.28956979513168335
192,3,tanh,adam,0.001,0.30000000000000004,0.0,1357,COMPLETED,0.8827899098396301,0.7311320900917053,0.5166666507720947,0.8992518782615662,0.27114513516426086
160,4,elu,adam,0.0003,0.4,0.0001,0141,COMPLETED,0.8827840089797974,0.7049180269241333,0.5733333230018616,0.9002493619918823,0.3081696629524231
192,4,tanh,adam,0.0003,0.30000000000000004,0.0,1451,COMPLETED,0.8827829957008362,0.6872428059577942,0.5566666722297668,0.8957605957984924,0.27582669258117676
128,1,elu,adam,0.001,0.30000000000000004,0.0001,0066,COMPLETED,0.8827810287475586,0.7405660152435303,0.5233333110809326,0.9012469053268433,0.28609567880630493
16,1,relu,adam,0.001,0.2,0.0,1378,COMPLETED,0.8827614784240723,0.7246376872062683,0.5,0.8967580795288086,0.2790769040584564
32,3,relu,adam,0.003,0.4,0.0001,0323,COMPLETED,0.8827556371688843,0.7355769276618958,0.5099999904632568,0.8992518782615662,0.28708335757255554
32,3,relu,adam,0.003,0.30000000000000004,0.0,0747,COMPLETED,0.8827321529388428,0.7195122241973877,0.5899999737739563,0.9042394161224365,0.27647730708122253
240,3,tanh,rmsprop,0.001,0.4,1e-06,1666,COMPLETED,0.882717490196228,0.7424242496490479,0.49000000953674316,0.8982543349266052,0.27064499258995056
64,1,relu,adam,0.0003,0.1,0.0,1870,COMPLETED,0.8827126026153564,0.7111111283302307,0.5333333611488342,0.8977556228637695,0.2793002128601074
144,3,tanh,rmsprop,0.0003,0.0,0.001,0365,COMPLETED,0.882705807685852,0.7414634227752686,0.5066666603088379,0.8997506499290466,0.3035445809364319
144,4,elu,adam,0.0003,0.4,0.0,1777,COMPLETED,0.8826881647109985,0.692307710647583,0.6000000238418579,0.9002493619918823,0.2715354859828949
48,3,elu,rmsprop,0.003,0.0,0.001,0673,COMPLETED,0.882674515247345,0.7233009934425354,0.49666666984558105,0.8962593674659729,0.29273492097854614
112,4,tanh,rmsprop,0.0003,0.1,1e-06,1450,COMPLETED,0.8826735019683838,0.7527472376823425,0.4566666781902313,0.8962593674659729,0.2710053026676178
16,3,relu,adam,0.0003,0.1,0.001,1252,COMPLETED,0.8826597929000854,0.7136563658714294,0.5400000214576721,0.8987531065940857,0.3056884706020355
128,1,tanh,rmsprop,0.001,0.1,1e-06,0086,COMPLETED,0.8826451301574707,0.7109004855155945,0.5,0.8947631120681763,0.27178290486335754
128,1,tanh,rmsprop,0.003,0.1,1e-06,0517,COMPLETED,0.8826402425765991,0.7227723002433777,0.4866666793823242,0.895261824131012,0.2703793942928314
144,2,elu,adam,0.0003,0.30000000000000004,0.0,1653,COMPLETED,0.8826334476470947,0.7239819169044495,0.5333333611488342,0.8997506499290466,0.2732877731323242
96,2,relu,adam,0.0003,0.1,0.001,1415,COMPLETED,0.8826295733451843,0.7289719581604004,0.5199999809265137,0.8992518782615662,0.3469012379646301
64,4,tanh,adam,0.001,0.30000000000000004,1e-05,1103,COMPLETED,0.88261878490448,0.6906779408454895,0.5433333516120911,0.895261824131012,0.27710261940956116
48,2,relu,adam,0.01,0.1,1e-06,0973,COMPLETED,0.8826050758361816,0.7437185645103455,0.4933333396911621,0.8987531065940857,0.29288119077682495
128,4,tanh,adam,0.001,0.2,0.0001,0563,COMPLETED,0.8826001882553101,0.739130437374115,0.5099999904632568,0.8997506499290466,0.29289156198501587
112,1,relu,adam,0.003,0.30000000000000004,0.0,1316,COMPLETED,0.8825962543487549,0.7247706651687622,0.5266666412353516,0.8992518782615662,0.2915584146976471
48,2,relu,adam,0.003,0.4,0.0001,0592,COMPLETED,0.882571816444397,0.7311320900917053,0.5166666507720947,0.8992518782615662,0.2876144051551819
96,1,tanh,adam,0.0003,0.1,1e-06,1759,COMPLETED,0.8825669288635254,0.7264150977134705,0.5133333206176758,0.8982543349266052,0.2737260162830353
64,2,tanh,adam,0.001,0.30000000000000004,1e-06,0070,COMPLETED,0.8825405240058899,0.7123287916183472,0.5199999809265137,0.8967580795288086,0.27209362387657166
96,1,elu,adam,0.003,0.4,0.0,1005,COMPLETED,0.8825366497039795,0.7450000047683716,0.49666666984558105,0.8992518782615662,0.2884749174118042
64,3,tanh,rmsprop,0.003,0.4,1e-05,1856,COMPLETED,0.8825278282165527,0.7251184582710266,0.5099999904632568,0.8977556228637695,0.27863651514053345
112,2,relu,rmsprop,0.0003,0.2,0.0001,0985,COMPLETED,0.882519006729126,0.7342995405197144,0.5066666603088379,0.8987531065940857,0.2908180356025696
128,3,elu,adam,0.0003,0.1,1e-06,0972,COMPLETED,0.8825122117996216,0.7293577790260315,0.5299999713897705,0.9002493619918823,0.27123942971229553
64,1,elu,adam,0.003,0.30000000000000004,1e-06,1013,COMPLETED,0.88250732421875,0.7285068035125732,0.5366666913032532,0.9007481336593628,0.280770480632782
64,2,elu,adam,0.0003,0.30000000000000004,1e-06,0557,COMPLETED,0.8825005292892456,0.7074235677719116,0.5400000214576721,0.8977556228637695,0.2740454375743866
64,2,tanh,rmsprop,0.003,0.30000000000000004,0.0,1329,COMPLETED,0.8825005292892456,0.7486910820007324,0.476666659116745,0.8977556228637695,0.2695598304271698
80,3,elu,adam,0.0003,0.4,1e-06,1686,COMPLETED,0.8824995160102844,0.6978723406791687,0.54666668176651,0.8967580795288086,0.2696359157562256
112,1,tanh,adam,0.003,0.30000000000000004,0.0001,0334,COMPLETED,0.8824975490570068,0.7368420958518982,0.5133333206176758,0.8997506499290466,0.2873295247554779
96,2,relu,adam,0.0003,0.4,1e-06,1883,COMPLETED,0.882495641708374,0.7281106114387512,0.5266666412353516,0.8997506499290466,0.2810589373111725
144,2,elu,adam,0.001,0.4,1e-06,0303,COMPLETED,0.8824682235717773,0.7311320900917053,0.5166666507720947,0.8992518782615662,0.273048460483551
32,3,elu,adam,0.003,0.30000000000000004,1e-05,1015,COMPLETED,0.8824584484100342,0.7551020383834839,0.4933333396911621,0.9002493619918823,0.276394248008728
144,2,tanh,adam,0.0003,0.4,0.0,1115,COMPLETED,0.8824584484100342,0.7259615659713745,0.503333330154419,0.8972568511962891,0.2734859883785248
16,2,relu,adam,0.003,0.2,0.0001,0657,COMPLETED,0.8824535608291626,0.748792290687561,0.5166666507720947,0.901745617389679,0.28219369053840637
48,3,tanh,rmsprop,0.003,0.30000000000000004,0.0,1278,COMPLETED,0.8824321031570435,0.7350000143051147,0.49000000953674316,0.8972568511962891,0.26854395866394043
96,4,tanh,rmsprop,0.003,0.30000000000000004,1e-05,1926,COMPLETED,0.8824262022972107,0.7142857313156128,0.4166666567325592,0.8877805471420288,0.28224632143974304
16,1,relu,adam,0.003,0.1,0.0,1728,COMPLETED,0.8824193477630615,0.7163461446762085,0.49666666984558105,0.895261824131012,0.28258320689201355
112,1,relu,adam,0.003,0.4,0.0001,1427,COMPLETED,0.8824173808097839,0.7475247383117676,0.503333330154419,0.9002493619918823,0.2901286482810974
192,4,tanh,adam,0.0003,0.2,0.0001,0669,COMPLETED,0.8823822140693665,0.7307692170143127,0.5066666603088379,0.8982543349266052,0.32618334889411926
208,1,elu,adam,0.0003,0.1,1e-05,1706,COMPLETED,0.8823753595352173,0.7272727489471436,0.5066666603088379,0.8977556228637695,0.2774175703525543
112,1,elu,adam,0.0003,0.4,0.0,0618,COMPLETED,0.8823744058609009,0.7268722653388977,0.550000011920929,0.901745617389679,0.2770054340362549
144,4,relu,adam,0.001,0.4,0.0,0168,COMPLETED,0.8823685050010681,0.7047244310379028,0.596666693687439,0.9022443890571594,0.2793259024620056
48,3,elu,adam,0.001,0.1,1e-05,1335,COMPLETED,0.8823372721672058,0.7302325367927551,0.5233333110809326,0.8997506499290466,0.27845528721809387
160,4,relu,adam,0.0003,0.2,0.0001,1866,COMPLETED,0.8823353052139282,0.702479362487793,0.5666666626930237,0.8992518782615662,0.32020899653434753
128,1,tanh,rmsprop,0.001,0.30000000000000004,1e-06,0605,COMPLETED,0.8823206424713135,0.7053139805793762,0.4866666793823242,0.8927680850028992,0.270731657743454
16,1,elu,adam,0.003,0.30000000000000004,0.0001,1131,COMPLETED,0.8822864294052124,0.743842363357544,0.503333330154419,0.8997506499290466,0.28011906147003174
96,2,elu,adam,0.0003,0.2,0.0001,1555,COMPLETED,0.8822737336158752,0.7219731211662292,0.5366666913032532,0.8997506499290466,0.2906492054462433
160,2,elu,adam,0.0003,0.2,1e-05,1683,COMPLETED,0.882244348526001,0.7512690424919128,0.4933333396911621,0.8997506499290466,0.2792469263076782
16,2,relu,adam,0.001,0.1,1e-05,0806,COMPLETED,0.8822258114814758,0.7214611768722534,0.5266666412353516,0.8987531065940857,0.2916727662086487
256,1,relu,adam,0.0003,0.2,0.0,1333,COMPLETED,0.8822247982025146,0.7285068035125732,0.5366666913032532,0.9007481336593628,0.2800051271915436
32,2,relu,adam,0.0003,0.30000000000000004,0.0,0705,COMPLETED,0.8822111487388611,0.7155963182449341,0.5199999809265137,0.8972568511962891,0.2845025360584259
128,4,relu,adam,0.0003,0.4,1e-06,1817,COMPLETED,0.8821808099746704,0.6929134130477905,0.5866666436195374,0.8992518782615662,0.27652108669281006
128,3,tanh,adam,0.003,0.4,0.0,1815,COMPLETED,0.8821738958358765,0.7149758338928223,0.4933333396911621,0.8947631120681763,0.26954203844070435
96,3,tanh,rmsprop,0.0003,0.0,1e-06,1392,COMPLETED,0.8821642398834229,0.748603343963623,0.4466666579246521,0.8947631120681763,0.2719494700431824
192,1,relu,rmsprop,0.0003,0.1,1e-05,0250,COMPLETED,0.8821544647216797,0.708695650100708,0.5433333516120911,0.8982543349266052,0.2826336920261383
96,2,relu,adam,0.001,0.30000000000000004,1e-06,0642,COMPLETED,0.8821515440940857,0.7326732873916626,0.4933333396911621,0.8972568511962891,0.28536325693130493
80,2,elu,adam,0.001,0.1,1e-06,1074,COMPLETED,0.8821495771408081,0.7358490824699402,0.5199999809265137,0.9002493619918823,0.27731966972351074
96,3,relu,adam,0.0003,0.2,1e-05,1721,COMPLETED,0.8821446895599365,0.7256637215614319,0.54666668176651,0.9012469053268433,0.27770882844924927
224,2,relu,adam,0.0003,0.30000000000000004,0.0001,0992,COMPLETED,0.8821290731430054,0.7111111283302307,0.5333333611488342,0.8977556228637695,0.3062479496002197
80,2,tanh,adam,0.001,0.2,0.0001,1036,COMPLETED,0.8821094632148743,0.7227272987365723,0.5299999713897705,0.8992518782615662,0.2872462570667267
48,2,tanh,rmsprop,0.003,0.4,1e-05,1277,COMPLETED,0.8820957541465759,0.71100914478302,0.5166666507720947,0.8962593674659729,0.27619799971580505
240,1,elu,adam,0.001,0.30000000000000004,1e-06,1998,COMPLETED,0.8820830583572388,0.7355769276618958,0.5099999904632568,0.8992518782615662,0.2780373990535736
96,4,tanh,rmsprop,0.001,0.30000000000000004,0.0001,0638,COMPLETED,0.8820723295211792,0.7149999737739563,0.476666659116745,0.8932668566703796,0.29326629638671875
144,4,elu,adam,0.001,0.0,0.001,0451,COMPLETED,0.8820616006851196,0.7246376872062683,0.5,0.8967580795288086,0.29037389159202576
224,1,elu,rmsprop,0.001,0.1,1e-05,0666,COMPLETED,0.882056713104248,0.7320573925971985,0.5099999904632568,0.8987531065940857,0.28019821643829346
224,3,elu,adam,0.0003,0.2,1e-05,0784,COMPLETED,0.8820556998252869,0.7111111283302307,0.5333333611488342,0.8977556228637695,0.2780914008617401
208,3,tanh,adam,0.0003,0.30000000000000004,1e-06,0828,COMPLETED,0.8820547461509705,0.7414634227752686,0.5066666603088379,0.8997506499290466,0.2756496071815491
144,4,tanh,adam,0.001,0.4,0.0,1827,COMPLETED,0.8820439577102661,0.7264150977134705,0.5133333206176758,0.8982543349266052,0.2701517939567566
112,3,relu,rmsprop,0.0003,0.1,0.001,1372,COMPLETED,0.8820430636405945,0.7303921580314636,0.49666666984558105,0.8972568511962891,0.31051650643348694
64,1,relu,adam,0.003,0.1,1e-05,0177,COMPLETED,0.8820410370826721,0.7222222089767456,0.5199999809265137,0.8982543349266052,0.28076985478401184
112,1,relu,adam,0.001,0.30000000000000004,0.0,0080,COMPLETED,0.8820391297340393,0.7365853786468506,0.503333330154419,0.8987531065940857,0.28044041991233826
96,1,tanh,rmsprop,0.003,0.30000000000000004,1e-06,0111,COMPLETED,0.8820371627807617,0.7350000143051147,0.49000000953674316,0.8972568511962891,0.2712925374507904
48,2,relu,adam,0.0003,0.2,1e-06,0726,COMPLETED,0.882034182548523,0.7219731211662292,0.5366666913032532,0.8997506499290466,0.2837327718734741
48,2,elu,adam,0.001,0.30000000000000004,0.0001,0907,COMPLETED,0.8820292949676514,0.7260273694992065,0.5299999713897705,0.8997506499290466,0.27944937348365784
32,3,elu,adam,0.0003,0.30000000000000004,0.0,0641,COMPLETED,0.8820292949676514,0.6965811848640442,0.5433333516120911,0.8962593674659729,0.2710200548171997
48,2,elu,adam,0.0003,0.4,1e-05,1317,COMPLETED,0.882028341293335,0.7186146974563599,0.5533333420753479,0.9007481336593628,0.27642759680747986
48,4,tanh,adam,0.003,0.4,1e-06,0788,COMPLETED,0.8820264339447021,0.7181817889213562,0.5266666412353516,0.8982543349266052,0.2687293589115143
224,1,tanh,rmsprop,0.0003,0.0,0.0001,0215,COMPLETED,0.8820205330848694,0.7004608511924744,0.5066666603088379,0.8937655687332153,0.2924063503742218
208,2,tanh,adam,0.003,0.4,0.0001,0661,COMPLETED,0.8820127248764038,0.7437185645103455,0.4933333396911621,0.8987531065940857,0.30601993203163147
128,3,tanh,adam,0.001,0.4,0.0,1009,COMPLETED,0.8820029497146606,0.6909871101379395,0.5366666913032532,0.8947631120681763,0.2761163115501404
64,3,elu,adam,0.001,0.1,1e-05,1643,COMPLETED,0.8820009827613831,0.737089216709137,0.5233333110809326,0.9007481336593628,0.27603280544281006
160,2,tanh,rmsprop,0.003,0.4,0.0,1869,COMPLETED,0.8819980621337891,0.7458563446998596,0.44999998807907104,0.8947631120681763,0.2740475833415985
160,2,tanh,adam,0.0003,0.1,1e-06,1177,COMPLETED,0.8819960355758667,0.7242990732192993,0.5166666507720947,0.8982543349266052,0.2810753285884857
192,1,tanh,rmsprop,0.001,0.4,1e-05,0282,COMPLETED,0.8819785118103027,0.7135922312736511,0.49000000953674316,0.8942643404006958,0.27589526772499084
32,1,elu,adam,0.0003,0.0,0.0,1311,COMPLETED,0.8819736242294312,0.7066666483879089,0.5299999713897705,0.8967580795288086,0.27743035554885864
176,1,elu,adam,0.0003,0.4,0.0001,0783,COMPLETED,0.8819580078125,0.7255814075469971,0.5199999809265137,0.8987531065940857,0.28571581840515137
32,2,relu,adam,0.0003,0.1,0.0,1988,COMPLETED,0.8819433450698853,0.7224669456481934,0.54666668176651,0.9007481336593628,0.286824494600296
32,1,tanh,adam,0.001,0.30000000000000004,0.0,1457,COMPLETED,0.8819403648376465,0.7246376872062683,0.5,0.8967580795288086,0.2705850601196289
80,1,tanh,rmsprop,0.003,0.2,0.0001,0792,COMPLETED,0.8819266557693481,0.7081339955329895,0.4933333396911621,0.8937655687332153,0.29308468103408813
192,4,relu,adam,0.001,0.4,0.0,0888,COMPLETED,0.8819217681884766,0.7123894095420837,0.5366666913032532,0.8982543349266052,0.2828065752983093
224,3,elu,adam,0.0003,0.4,0.0,1762,COMPLETED,0.8819188475608826,0.6892430186271667,0.5766666531562805,0.8977556228637695,0.2689863443374634
160,4,tanh,adam,0.003,0.4,1e-06,0185,COMPLETED,0.8818895220756531,0.7319587469100952,0.47333332896232605,0.895261824131012,0.2749841809272766
32,3,elu,adam,0.01,0.1,0.0001,0148,COMPLETED,0.8818866014480591,0.768750011920929,0.4099999964237213,0.8932668566703796,0.2965787649154663
224,1,relu,adam,0.001,0.30000000000000004,0.0,1096,COMPLETED,0.8818855881690979,0.726457417011261,0.5400000214576721,0.9007481336593628,0.28743070363998413
176,4,tanh,rmsprop,0.001,0.2,1e-05,1344,COMPLETED,0.8818728923797607,0.7564102411270142,0.3933333456516266,0.8902742862701416,0.2844124734401703
176,4,tanh,rmsprop,0.0003,0.2,0.0001,0571,COMPLETED,0.8818641304969788,0.7301587462425232,0.46000000834465027,0.8937655687332153,0.30746394395828247
240,3,tanh,adam,0.0003,0.30000000000000004,0.0,0416,COMPLETED,0.8818514347076416,0.7305936217308044,0.5333333611488342,0.9007481336593628,0.2739323377609253
16,1,relu,rmsprop,0.0003,0.0,0.001,1102,COMPLETED,0.8818514347076416,0.7136752009391785,0.5566666722297668,0.9002493619918823,0.3024572432041168
16,2,elu,adam,0.01,0.30000000000000004,0.0,1532,COMPLETED,0.8818455338478088,0.7227723002433777,0.4866666793823242,0.895261824131012,0.2812943756580353
160,4,relu,rmsprop,0.0003,0.2,0.001,0989,COMPLETED,0.8818269968032837,0.7203791737556458,0.5066666603088379,0.8967580795288086,0.3137410283088684
128,1,tanh,rmsprop,0.0003,0.1,0.0001,1812,COMPLETED,0.8818153142929077,0.6995515823364258,0.5199999809265137,0.8947631120681763,0.28960809111595154
48,2,tanh,adam,0.001,0.1,0.0001,1254,COMPLETED,0.8817732334136963,0.7276785969734192,0.5433333516120911,0.9012469053268433,0.2883712947368622
256,2,tanh,adam,0.001,0.1,1e-06,0966,COMPLETED,0.8817625045776367,0.7040358781814575,0.5233333110809326,0.8957605957984924,0.27958551049232483
224,2,relu,rmsprop,0.0003,0.0,0.001,0825,COMPLETED,0.8817614316940308,0.7085201740264893,0.5266666412353516,0.8967580795288086,0.33441272377967834
176,3,tanh,rmsprop,0.001,0.30000000000000004,0.0,0957,COMPLETED,0.88173508644104,0.7295918464660645,0.476666659116745,0.895261824131012,0.2724882662296295
240,2,tanh,adam,0.003,0.4,1e-05,0332,COMPLETED,0.8817253708839417,0.7061611413955688,0.49666666984558105,0.8937655687332153,0.29428163170814514
192,2,tanh,rmsprop,0.0003,0.30000000000000004,1e-06,0414,COMPLETED,0.8817184567451477,0.7195767164230347,0.4533333480358124,0.891770601272583,0.2740604877471924
160,4,relu,adam,0.003,0.4,0.0001,0728,COMPLETED,0.8817175030708313,0.7363184094429016,0.4933333396911621,0.8977556228637695,0.31696954369544983
32,1,elu,adam,0.001,0.4,1e-06,0908,COMPLETED,0.8817096948623657,0.7194570302963257,0.5299999713897705,0.8987531065940857,0.27880173921585083
256,3,tanh,rmsprop,0.0003,0.2,1e-05,1612,COMPLETED,0.8817057609558105,0.7674418687820435,0.4399999976158142,0.8962593674659729,0.2812323570251465
64,4,tanh,rmsprop,0.0003,0.2,1e-06,0488,COMPLETED,0.881703794002533,0.6990740895271301,0.503333330154419,0.8932668566703796,0.2732926309108734
80,4,tanh,adam,0.001,0.2,0.0,1807,COMPLETED,0.8816423416137695,0.7247706651687622,0.5266666412353516,0.8992518782615662,0.27014294266700745
144,1,elu,adam,0.0003,0.30000000000000004,1e-06,1046,COMPLETED,0.8816354274749756,0.7170731425285339,0.49000000953674316,0.8947631120681763,0.2754853367805481
32,1,relu,adam,0.0003,0.1,0.001,0573,COMPLETED,0.8816343545913696,0.7105262875556946,0.5400000214576721,0.8982543349266052,0.2899760901927948
80,1,relu,adam,0.001,0.30000000000000004,0.001,1251,COMPLETED,0.8816197514533997,0.7365853786468506,0.503333330154419,0.8987531065940857,0.29141131043434143
240,2,tanh,adam,0.0003,0.30000000000000004,1e-06,1511,COMPLETED,0.8816080093383789,0.7317073345184326,0.5,0.8977556228637695,0.2753008008003235
208,1,relu,adam,0.0003,0.4,1e-05,0987,COMPLETED,0.8815884590148926,0.7285068035125732,0.5366666913032532,0.9007481336593628,0.2784576117992401
112,1,tanh,rmsprop,0.003,0.2,0.0,0558,COMPLETED,0.8815845251083374,0.74210524559021,0.4699999988079071,0.8962593674659729,0.27148959040641785
160,1,elu,adam,0.0003,0.1,1e-06,1307,COMPLETED,0.8815796375274658,0.737864077091217,0.5066666603088379,0.8992518782615662,0.27940255403518677
80,2,tanh,adam,0.001,0.4,0.0001,0819,COMPLETED,0.8815611004829407,0.7216981053352356,0.5099999904632568,0.8972568511962891,0.2806919813156128
96,1,tanh,rmsprop,0.0003,0.1,0.0,1410,COMPLETED,0.8815581798553467,0.6991150379180908,0.5266666412353516,0.895261824131012,0.27241069078445435
192,4,relu,adam,0.0003,0.4,1e-05,1156,COMPLETED,0.8815463781356812,0.7136929631233215,0.5733333230018616,0.901745617389679,0.2841717302799225
208,1,tanh,adam,0.003,0.4,1e-06,0906,COMPLETED,0.8815425038337708,0.7355769276618958,0.5099999904632568,0.8992518782615662,0.2796832323074341
96,1,elu,adam,0.001,0.30000000000000004,0.0001,1813,COMPLETED,0.8815395832061768,0.7375565767288208,0.5433333516120911,0.9027431607246399,0.2837671637535095
32,2,tanh,rmsprop,0.003,0.4,1e-05,1196,COMPLETED,0.8815337419509888,0.6880733966827393,0.5,0.8912718296051025,0.2739439606666565
16,1,elu,adam,0.0003,0.1,1e-05,0377,COMPLETED,0.8815240263938904,0.7117903828620911,0.5433333516120911,0.8987531065940857,0.2818430960178375
208,4,relu,adam,0.0003,0.2,1e-06,0479,COMPLETED,0.8815220594406128,0.6926069855690002,0.5933333039283752,0.8997506499290466,0.2761287987232208
80,3,tanh,rmsprop,0.0003,0.1,0.0,0780,COMPLETED,0.881519079208374,0.7368420958518982,0.46666666865348816,0.895261824131012,0.27168944478034973
176,4,tanh,rmsprop,0.001,0.30000000000000004,1e-05,1053,COMPLETED,0.8815093040466309,0.7447916865348816,0.476666659116745,0.8972568511962891,0.2793276906013489
176,4,tanh,adam,0.001,0.0,0.001,0594,COMPLETED,0.881466269493103,0.7122641801834106,0.503333330154419,0.895261824131012,0.2927930951118469
176,1,tanh,rmsprop,0.001,0.0,0.001,0409,COMPLETED,0.8814643025398254,0.7156398296356201,0.503333330154419,0.8957605957984924,0.29388412833213806
256,3,tanh,adam,0.001,0.30000000000000004,0.0001,0189,COMPLETED,0.8814437985420227,0.7437185645103455,0.4933333396911621,0.8987531065940857,0.31745705008506775
16,1,elu,adam,0.003,0.4,0.0001,0197,COMPLETED,0.8814399242401123,0.7422680258750916,0.47999998927116394,0.8972568511962891,0.2801379859447479
80,2,tanh,adam,0.001,0.4,0.0,1707,COMPLETED,0.8814359903335571,0.7092511057853699,0.5366666913032532,0.8977556228637695,0.2721981704235077
160,2,tanh,rmsprop,0.001,0.4,0.0001,1661,COMPLETED,0.8814330101013184,0.7128205299377441,0.4633333384990692,0.891770601272583,0.28845667839050293
32,2,relu,adam,0.001,0.4,0.001,0791,COMPLETED,0.8814144730567932,0.738095223903656,0.5166666507720947,0.9002493619918823,0.29201945662498474
176,4,elu,adam,0.0003,0.4,1e-06,1958,COMPLETED,0.8814085721969604,0.6791045069694519,0.6066666841506958,0.8982543349266052,0.27266815304756165
80,1,relu,adam,0.003,0.1,1e-06,0058,COMPLETED,0.8814066648483276,0.7319148778915405,0.5733333230018616,0.9047381281852722,0.28809934854507446
48,1,tanh,rmsprop,0.003,0.30000000000000004,0.0001,0320,COMPLETED,0.8814037442207336,0.7263681888580322,0.4866666793823242,0.8957605957984924,0.285520076751709
144,1,elu,adam,0.001,0.1,0.001,0239,COMPLETED,0.8813861012458801,0.7409090995788574,0.5433333516120911,0.9032418727874756,0.28352153301239014
160,1,tanh,rmsprop,0.0003,0.30000000000000004,1e-06,0787,COMPLETED,0.8813802599906921,0.6977777481079102,0.5233333110809326,0.8947631120681763,0.272431880235672
112,2,tanh,adam,0.0003,0.4,0.0,0343,COMPLETED,0.881379246711731,0.7104072570800781,0.5233333110809326,0.8967580795288086,0.27362382411956787
128,1,tanh,rmsprop,0.0003,0.1,1e-05,1668,COMPLETED,0.8813596963882446,0.6954545378684998,0.5099999904632568,0.8932668566703796,0.2763666808605194
176,4,elu,adam,0.001,0.4,1e-05,1770,COMPLETED,0.8813577890396118,0.715481162071228,0.5699999928474426,0.901745617389679,0.2795259952545166
160,3,relu,rmsprop,0.001,0.2,1e-06,1640,COMPLETED,0.881354808807373,0.7340425252914429,0.46000000834465027,0.8942643404006958,0.2773277163505554
32,3,elu,adam,0.003,0.2,0.0001,1758,COMPLETED,0.8813431262969971,0.7252252101898193,0.5366666913032532,0.9002493619918823,0.28897371888160706
96,1,elu,rmsprop,0.001,0.1,0.0001,0341,COMPLETED,0.8813431262969971,0.723809540271759,0.5066666603088379,0.8972568511962891,0.298401415348053
192,3,tanh,rmsprop,0.001,0.30000000000000004,1e-06,1551,COMPLETED,0.88132643699646,0.7513812184333801,0.4533333480358124,0.8957605957984924,0.27387669682502747
240,2,tanh,rmsprop,0.001,0.30000000000000004,0.0,0591,COMPLETED,0.8813157081604004,0.7445651888847351,0.4566666781902313,0.895261824131012,0.27027586102485657
16,1,tanh,adam,0.001,0.1,0.0001,1973,COMPLETED,0.8812962174415588,0.7254902124404907,0.4933333396911621,0.8962593674659729,0.2739134430885315
144,2,tanh,rmsprop,0.003,0.30000000000000004,0.0,1401,COMPLETED,0.8812805414199829,0.7613636255264282,0.4466666579246521,0.8962593674659729,0.27244290709495544
80,3,relu,rmsprop,0.0003,0.1,0.001,1193,COMPLETED,0.8812551498413086,0.7251184582710266,0.5099999904632568,0.8977556228637695,0.3154243230819702
128,1,tanh,rmsprop,0.003,0.2,0.0001,1349,COMPLETED,0.881250262260437,0.7250000238418579,0.4833333194255829,0.895261824131012,0.29501721262931824
160,3,tanh,rmsprop,0.001,0.30000000000000004,0.0001,1408,COMPLETED,0.881247341632843,0.7473118305206299,0.4633333384990692,0.8962593674659729,0.3025570809841156
48,1,tanh,rmsprop,0.003,0.2,0.0001,1894,COMPLETED,0.881238579750061,0.7227723002433777,0.4866666793823242,0.895261824131012,0.2859223783016205
176,1,tanh,rmsprop,0.0003,0.1,1e-05,1615,COMPLETED,0.8812209367752075,0.71100914478302,0.5166666507720947,0.8962593674659729,0.2756178677082062
48,1,tanh,adam,0.003,0.30000000000000004,1e-05,0247,COMPLETED,0.8812092542648315,0.7241379022598267,0.49000000953674316,0.8957605957984924,0.2729017734527588
80,1,tanh,adam,0.0003,0.1,0.0001,1267,COMPLETED,0.8812062740325928,0.7281106114387512,0.5266666412353516,0.8997506499290466,0.282972514629364
48,2,tanh,rmsprop,0.0003,0.0,0.001,1245,COMPLETED,0.8812023401260376,0.7109004855155945,0.5,0.8947631120681763,0.29482129216194153
96,4,tanh,rmsprop,0.001,0.2,0.0001,1249,COMPLETED,0.8811856508255005,0.7157360315322876,0.4699999988079071,0.8927680850028992,0.29747217893600464
128,1,tanh,rmsprop,0.0003,0.1,1e-06,1978,COMPLETED,0.8811848163604736,0.6905829310417175,0.5133333206176758,0.8927680850028992,0.2725820541381836
16,2,elu,adam,0.001,0.2,0.0,0372,COMPLETED,0.8811848163604736,0.7239819169044495,0.5333333611488342,0.8997506499290466,0.275362104177475
256,1,tanh,adam,0.0003,0.4,1e-05,0609,COMPLETED,0.8811681270599365,0.7272727489471436,0.5066666603088379,0.8977556228637695,0.2760729193687439
240,1,elu,adam,0.0003,0.1,1e-06,1271,COMPLETED,0.8811554908752441,0.7196261882781982,0.5133333206176758,0.8972568511962891,0.28081271052360535
224,1,relu,adam,0.003,0.30000000000000004,0.0001,1985,COMPLETED,0.8811525106430054,0.7302904725074768,0.5866666436195374,0.9057356715202332,0.29455798864364624
32,2,tanh,rmsprop,0.001,0.30000000000000004,0.0001,0497,COMPLETED,0.8811525106430054,0.7136150002479553,0.5066666603088379,0.8957605957984924,0.28475630283355713
240,2,relu,adam,0.0003,0.30000000000000004,0.0,1940,COMPLETED,0.881148636341095,0.7123894095420837,0.5366666913032532,0.8982543349266052,0.27463480830192566
32,4,tanh,adam,0.01,0.1,1e-06,1942,COMPLETED,0.881144642829895,0.7210526466369629,0.4566666781902313,0.8922693133354187,0.27420005202293396
224,2,elu,adam,0.0003,0.1,0.0001,0053,COMPLETED,0.8811378479003906,0.7351598143577576,0.5366666913032532,0.901745617389679,0.30398184061050415
32,3,elu,adam,0.003,0.4,1e-05,1130,COMPLETED,0.8811339139938354,0.7317073345184326,0.5,0.8977556228637695,0.27476194500923157
240,1,tanh,rmsprop,0.001,0.30000000000000004,0.0001,0911,COMPLETED,0.8811212182044983,0.7009345889091492,0.5,0.8932668566703796,0.2923247814178467
176,1,elu,adam,0.001,0.2,0.0001,0121,COMPLETED,0.88109290599823,0.7244444489479065,0.5433333516120911,0.9007481336593628,0.28812217712402344
64,3,relu,adam,0.0003,0.1,0.001,0476,COMPLETED,0.8810752630233765,0.6938775777816772,0.5666666626930237,0.8977556228637695,0.3191640377044678
192,3,tanh,rmsprop,0.001,0.4,1e-05,1521,COMPLETED,0.8810743093490601,0.7099999785423279,0.47333332896232605,0.8922693133354187,0.27693846821784973
208,3,tanh,rmsprop,0.001,0.4,1e-06,1454,COMPLETED,0.8810536861419678,0.7038834691047668,0.4833333194255829,0.8922693133354187,0.27286165952682495
240,3,relu,adam,0.01,0.1,0.0,0709,COMPLETED,0.8810439705848694,0.7857142686843872,0.4033333361148834,0.8942643404006958,0.2882494628429413
160,1,relu,rmsprop,0.001,0.1,0.0001,0486,COMPLETED,0.8810371160507202,0.7188940048217773,0.5199999809265137,0.8977556228637695,0.28907981514930725
160,2,elu,adam,0.003,0.0,0.001,1897,COMPLETED,0.8810361623764038,0.6987447738647461,0.5566666722297668,0.8977556228637695,0.29303789138793945
32,3,relu,adam,0.0003,0.2,0.0001,0411,COMPLETED,0.8810263872146606,0.7222222089767456,0.5199999809265137,0.8982543349266052,0.28910407423973083
16,1,elu,adam,0.0003,0.30000000000000004,0.0001,1430,COMPLETED,0.8810175657272339,0.6944444179534912,0.5,0.8922693133354187,0.27689695358276367
32,2,elu,adam,0.001,0.4,1e-05,0937,COMPLETED,0.8810029029846191,0.7053571343421936,0.5266666412353516,0.8962593674659729,0.27623042464256287
128,4,relu,rmsprop,0.0003,0.1,1e-06,0181,COMPLETED,0.8810019493103027,0.7048457860946655,0.5333333611488342,0.8967580795288086,0.2723637521266937
16,2,relu,adam,0.001,0.30000000000000004,0.001,1144,COMPLETED,0.8809961080551147,0.7242990732192993,0.5166666507720947,0.8982543349266052,0.29286548495292664
48,2,tanh,adam,0.001,0.30000000000000004,0.0001,1496,COMPLETED,0.8809794783592224,0.7263681888580322,0.4866666793823242,0.8957605957984924,0.2792515158653259
240,4,tanh,adam,0.0003,0.30000000000000004,0.0001,0330,COMPLETED,0.8809667229652405,0.7251184582710266,0.5099999904632568,0.8977556228637695,0.3309085965156555
144,1,elu,adam,0.0003,0.1,0.0,1738,COMPLETED,0.8809511065483093,0.7224880456924438,0.503333330154419,0.8967580795288086,0.27808356285095215
192,2,tanh,adam,0.0003,0.2,0.0,0229,COMPLETED,0.8809365034103394,0.7305936217308044,0.5333333611488342,0.9007481336593628,0.27644920349121094
192,3,elu,adam,0.0003,0.30000000000000004,1e-06,0812,COMPLETED,0.8809267282485962,0.719298243522644,0.54666668176651,0.9002493619918823,0.2727636396884918
224,4,relu,adam,0.0003,0.2,0.001,0196,COMPLETED,0.880905270576477,0.7088607549667358,0.5600000023841858,0.8997506499290466,0.3533194065093994
48,2,tanh,adam,0.001,0.1,0.001,0380,COMPLETED,0.8809041976928711,0.7373272180557251,0.5333333611488342,0.901745617389679,0.28321024775505066
64,3,tanh,rmsprop,0.001,0.1,0.0,0016,COMPLETED,0.8808866143226624,0.725806474685669,0.44999998807907104,0.8922693133354187,0.27308693528175354
32,3,tanh,adam,0.0003,0.2,1e-05,0752,COMPLETED,0.8808807134628296,0.7008547186851501,0.54666668176651,0.8972568511962891,0.27287790179252625
32,4,tanh,adam,0.0003,0.30000000000000004,0.0001,0369,COMPLETED,0.8808690309524536,0.6972111463546753,0.5833333134651184,0.8997506499290466,0.2797533869743347
240,1,tanh,rmsprop,0.001,0.2,0.0001,1399,COMPLETED,0.8808680772781372,0.7224880456924438,0.503333330154419,0.8967580795288086,0.2915709316730499
160,3,relu,adam,0.001,0.30000000000000004,1e-05,0525,COMPLETED,0.8808680176734924,0.7068272829055786,0.5866666436195374,0.901745617389679,0.28374603390693665
256,1,tanh,adam,0.001,0.0,0.0001,1992,COMPLETED,0.8808670043945312,0.7198067903518677,0.49666666984558105,0.8957605957984924,0.29764804244041443
80,3,elu,adam,0.001,0.30000000000000004,1e-06,0554,COMPLETED,0.8808553218841553,0.7155172228813171,0.5533333420753479,0.9002493619918823,0.27606138586997986
192,2,tanh,rmsprop,0.0003,0.30000000000000004,1e-05,1771,COMPLETED,0.8808543682098389,0.7142857313156128,0.44999998807907104,0.8907730579376221,0.27871766686439514
176,3,elu,adam,0.001,0.4,1e-06,0813,COMPLETED,0.8808533549308777,0.7342342138290405,0.5433333516120911,0.9022443890571594,0.26812678575515747
112,4,tanh,rmsprop,0.001,0.4,1e-06,0456,COMPLETED,0.8808386325836182,0.6977777481079102,0.5233333110809326,0.8947631120681763,0.27739453315734863
160,2,tanh,rmsprop,0.001,0.4,0.0,0599,COMPLETED,0.8808192014694214,0.7230769395828247,0.4699999988079071,0.8937655687332153,0.27281612157821655
224,1,tanh,rmsprop,0.003,0.4,1e-06,1352,COMPLETED,0.880805492401123,0.7382199168205261,0.4699999988079071,0.8957605957984924,0.2724141478538513
144,2,tanh,rmsprop,0.001,0.30000000000000004,1e-05,0519,COMPLETED,0.8807995915412903,0.7323232293128967,0.4833333194255829,0.8962593674659729,0.2754582166671753
160,2,tanh,rmsprop,0.0003,0.4,0.0,0843,COMPLETED,0.8807966709136963,0.7035176157951355,0.46666666865348816,0.8907730579376221,0.2749897539615631
208,2,tanh,adam,0.0003,0.30000000000000004,1e-06,0261,COMPLETED,0.8807957172393799,0.7298578023910522,0.5133333206176758,0.8987531065940857,0.2758180797100067
144,4,elu,adam,0.001,0.4,0.0001,1303,COMPLETED,0.8807908296585083,0.723809540271759,0.5066666603088379,0.8972568511962891,0.30269208550453186
160,1,elu,rmsprop,0.001,0.30000000000000004,1e-06,0461,COMPLETED,0.8807839155197144,0.7196261882781982,0.5133333206176758,0.8972568511962891,0.2725500762462616
256,2,tanh,rmsprop,0.001,0.30000000000000004,1e-05,1466,COMPLETED,0.8807624578475952,0.7528735399246216,0.43666666746139526,0.8942643404006958,0.27915385365486145
160,2,tanh,adam,0.001,0.2,0.0001,0113,COMPLETED,0.8807595372200012,0.7285714149475098,0.5099999904632568,0.8982543349266052,0.29430773854255676
224,3,relu,adam,0.0003,0.1,1e-06,1325,COMPLETED,0.8807517290115356,0.7142857313156128,0.5666666626930237,0.9012469053268433,0.2759205400943756
80,2,tanh,adam,0.001,0.30000000000000004,0.0,0511,COMPLETED,0.8807429075241089,0.7216981053352356,0.5099999904632568,0.8972568511962891,0.27297329902648926
256,1,tanh,rmsprop,0.001,0.30000000000000004,0.0001,1068,COMPLETED,0.8807389736175537,0.7081339955329895,0.4933333396911621,0.8937655687332153,0.2905333340167999
192,1,tanh,adam,0.001,0.1,0.001,0280,COMPLETED,0.8807321190834045,0.7416267991065979,0.5166666507720947,0.9007481336593628,0.28362366557121277
64,2,tanh,rmsprop,0.003,0.2,0.0,1951,COMPLETED,0.8807253837585449,0.7457627058029175,0.4399999976158142,0.8937655687332153,0.27442193031311035
208,1,tanh,adam,0.0003,0.2,1e-06,1965,COMPLETED,0.8807214498519897,0.7190476059913635,0.503333330154419,0.8962593674659729,0.2788046896457672
32,2,tanh,rmsprop,0.01,0.2,1e-05,0585,COMPLETED,0.880721390247345,0.700440526008606,0.5299999713897705,0.8957605957984924,0.2789093255996704
224,3,tanh,adam,0.0003,0.1,0.0001,1563,COMPLETED,0.8807136416435242,0.7339901328086853,0.49666666984558105,0.8977556228637695,0.3210740387439728
192,2,tanh,rmsprop,0.0003,0.2,1e-05,1935,COMPLETED,0.8807047605514526,0.7379679083824158,0.46000000834465027,0.8947631120681763,0.27822837233543396
128,2,tanh,adam,0.001,0.2,0.0,0513,COMPLETED,0.8806842565536499,0.713004469871521,0.5299999713897705,0.8977556228637695,0.2749868631362915
96,4,relu,rmsprop,0.0003,0.0,1e-05,1880,COMPLETED,0.8806647062301636,0.7067307829856873,0.49000000953674316,0.8932668566703796,0.2761988639831543
208,1,elu,rmsprop,0.001,0.2,0.0,1574,COMPLETED,0.880652904510498,0.7276995182037354,0.5166666507720947,0.8987531065940857,0.271811306476593
16,2,elu,adam,0.001,0.1,1e-06,1696,COMPLETED,0.8806520104408264,0.7260273694992065,0.5299999713897705,0.8997506499290466,0.27759096026420593
176,4,elu,adam,0.0003,0.1,0.0001,1693,COMPLETED,0.8806451559066772,0.7123894095420837,0.5366666913032532,0.8982543349266052,0.32878339290618896
16,3,elu,adam,0.001,0.30000000000000004,1e-06,0123,COMPLETED,0.8806451559066772,0.7272727489471436,0.5333333611488342,0.9002493619918823,0.2725026607513428
176,3,tanh,rmsprop,0.0003,0.2,0.0,1617,COMPLETED,0.8806402683258057,0.7379679083824158,0.46000000834465027,0.8947631120681763,0.2745305597782135
224,2,relu,adam,0.0003,0.0,0.0,0386,COMPLETED,0.8806363344192505,0.7053942084312439,0.5666666626930237,0.8997506499290466,0.28000709414482117
96,2,relu,adam,0.001,0.2,0.001,1602,COMPLETED,0.8806256055831909,0.7268518805503845,0.5233333110809326,0.8992518782615662,0.31475260853767395
144,3,relu,adam,0.0003,0.1,0.001,1377,COMPLETED,0.8806217312812805,0.7213114500045776,0.5866666436195374,0.9042394161224365,0.3562813997268677
160,1,relu,adam,0.001,0.1,0.0,0653,COMPLETED,0.8806197643280029,0.7272727489471436,0.5333333611488342,0.9002493619918823,0.2803577184677124
240,2,relu,rmsprop,0.0003,0.0,0.0001,0823,COMPLETED,0.8806197643280029,0.7156398296356201,0.503333330154419,0.8957605957984924,0.31037425994873047
256,2,tanh,adam,0.001,0.30000000000000004,0.0,1756,COMPLETED,0.8806188106536865,0.7056276798248291,0.5433333516120911,0.8977556228637695,0.279620885848999
48,2,tanh,adam,0.003,0.30000000000000004,0.0,1646,COMPLETED,0.8806148767471313,0.7241379022598267,0.49000000953674316,0.8957605957984924,0.27147310972213745
112,1,relu,adam,0.003,0.30000000000000004,0.0001,0325,COMPLETED,0.8806148767471313,0.7293577790260315,0.5299999713897705,0.9002493619918823,0.29310399293899536
176,3,tanh,adam,0.003,0.4,1e-06,0644,COMPLETED,0.8806060552597046,0.7350000143051147,0.49000000953674316,0.8972568511962891,0.269733726978302
64,3,tanh,adam,0.0003,0.0,0.001,0450,COMPLETED,0.880601167678833,0.7333333492279053,0.5133333206176758,0.8992518782615662,0.33345863223075867
144,1,elu,adam,0.0003,0.0,1e-06,0901,COMPLETED,0.8805737495422363,0.7307692170143127,0.5066666603088379,0.8982543349266052,0.28030791878700256
144,3,relu,adam,0.0003,0.0,0.001,0063,COMPLETED,0.8805630207061768,0.7227272987365723,0.5299999713897705,0.8992518782615662,0.4690244495868683
80,2,relu,adam,0.001,0.2,0.0,0778,COMPLETED,0.88055819272995,0.7264150977134705,0.5133333206176758,0.8982543349266052,0.2791127562522888
64,1,tanh,adam,0.0003,0.2,1e-06,1750,COMPLETED,0.8805493116378784,0.7188940048217773,0.5199999809265137,0.8977556228637695,0.2747661769390106
208,3,tanh,rmsprop,0.003,0.30000000000000004,0.0001,1837,COMPLETED,0.8805435299873352,0.720812201499939,0.47333332896232605,0.8937655687332153,0.3042950928211212
176,3,relu,adam,0.0003,0.1,0.0001,0873,COMPLETED,0.8805200457572937,0.7028112411499023,0.5833333134651184,0.9007481336593628,0.3181854784488678
224,2,tanh,rmsprop,0.003,0.4,1e-05,1381,COMPLETED,0.8805102109909058,0.7415730357170105,0.4399999976158142,0.8932668566703796,0.2862987220287323
112,1,elu,adam,0.0003,0.0,0.0,1711,COMPLETED,0.8805092573165894,0.7342995405197144,0.5066666603088379,0.8987531065940857,0.2843550145626068
32,1,elu,rmsprop,0.003,0.1,0.001,0175,COMPLETED,0.8804770708084106,0.7346938848495483,0.47999998927116394,0.8962593674659729,0.29162752628326416
48,1,elu,adam,0.003,0.4,1e-05,1700,COMPLETED,0.8804711103439331,0.7246376872062683,0.5,0.8967580795288086,0.2772248387336731
192,1,tanh,adam,0.003,0.4,0.0001,1598,COMPLETED,0.8804643154144287,0.739130437374115,0.5099999904632568,0.8997506499290466,0.29344233870506287
112,2,relu,adam,0.003,0.1,1e-06,0776,COMPLETED,0.8804575204849243,0.7276995182037354,0.5166666507720947,0.8987531065940857,0.2908625900745392
240,1,relu,adam,0.001,0.1,0.001,1419,COMPLETED,0.8804526329040527,0.7431192398071289,0.5400000214576721,0.9032418727874756,0.29581576585769653
80,2,tanh,adam,0.003,0.1,0.0,0459,COMPLETED,0.8804506063461304,0.7263681888580322,0.4866666793823242,0.8957605957984924,0.2742781341075897
96,1,relu,adam,0.003,0.30000000000000004,0.0001,0455,COMPLETED,0.8804506063461304,0.738095223903656,0.5166666507720947,0.9002493619918823,0.2876249849796295
176,4,relu,rmsprop,0.001,0.2,1e-05,0329,COMPLETED,0.8804301023483276,0.7393617033958435,0.4633333384990692,0.895261824131012,0.2858380675315857
16,4,elu,adam,0.0003,0.0,0.001,0366,COMPLETED,0.8804262280464172,0.7239819169044495,0.5333333611488342,0.8997506499290466,0.29883211851119995
48,3,elu,adam,0.0003,0.4,0.0001,0408,COMPLETED,0.8804163932800293,0.7041666507720947,0.5633333325386047,0.8992518782615662,0.280754417181015
128,2,elu,adam,0.0003,0.0,1e-05,1773,COMPLETED,0.8803978562355042,0.7260869741439819,0.5566666722297668,0.9022443890571594,0.2794314920902252
96,1,tanh,rmsprop,0.0003,0.30000000000000004,0.0,1982,COMPLETED,0.8803842067718506,0.6830357313156128,0.5099999904632568,0.8912718296051025,0.2739390432834625
48,4,relu,rmsprop,0.01,0.1,1e-05,0036,COMPLETED,0.8803842067718506,0.8474576473236084,0.1666666716337204,0.8708229660987854,0.3212888240814209
208,3,tanh,rmsprop,0.003,0.4,0.0,0014,COMPLETED,0.8803733587265015,0.6968325972557068,0.5133333206176758,0.8937655687332153,0.2703898549079895
240,3,tanh,rmsprop,0.0003,0.4,1e-06,0948,COMPLETED,0.8803607225418091,0.7009803652763367,0.476666659116745,0.8912718296051025,0.2791502773761749
208,2,elu,adam,0.0003,0.0,1e-05,0217,COMPLETED,0.880332350730896,0.7333333492279053,0.550000011920929,0.9027431607246399,0.280543714761734
64,2,tanh,adam,0.001,0.30000000000000004,1e-05,1205,COMPLETED,0.8803000450134277,0.7184466123580933,0.4933333396911621,0.895261824131012,0.27415555715560913
240,4,tanh,adam,0.003,0.4,1e-05,1494,COMPLETED,0.8802961707115173,0.7798742055892944,0.41333332657814026,0.8947631120681763,0.29660511016845703
16,1,elu,adam,0.01,0.30000000000000004,0.0,0856,COMPLETED,0.8802883625030518,0.7567567825317383,0.46666666865348816,0.8977556228637695,0.2894916534423828
64,1,relu,adam,0.003,0.4,1e-05,1898,COMPLETED,0.8802873492240906,0.7330096960067749,0.503333330154419,0.8982543349266052,0.28226011991500854
128,3,elu,adam,0.0003,0.0,0.001,1914,COMPLETED,0.8802658915519714,0.7351598143577576,0.5366666913032532,0.901745617389679,0.3062191605567932
96,1,relu,adam,0.001,0.1,0.0,1288,COMPLETED,0.880256175994873,0.7254902124404907,0.4933333396911621,0.8962593674659729,0.28091487288475037
80,4,relu,adam,0.0003,0.4,1e-05,0635,COMPLETED,0.8802502155303955,0.7081711888313293,0.6066666841506958,0.903740644454956,0.28218358755111694
160,1,elu,rmsprop,0.001,0.1,1e-05,0012,COMPLETED,0.8802472949028015,0.7255814075469971,0.5199999809265137,0.8987531065940857,0.27763059735298157
208,2,elu,rmsprop,0.0003,0.30000000000000004,1e-05,1191,COMPLETED,0.8802453875541687,0.7309644818305969,0.47999998927116394,0.8957605957984924,0.2776678204536438
64,3,elu,rmsprop,0.0003,0.30000000000000004,0.0001,1819,COMPLETED,0.8802453279495239,0.7004608511924744,0.5066666603088379,0.8937655687332153,0.29169413447380066
160,4,tanh,adam,0.0003,0.2,1e-06,1732,COMPLETED,0.8802395462989807,0.7101449370384216,0.49000000953674316,0.8937655687332153,0.2752922773361206
96,2,elu,rmsprop,0.001,0.4,0.0001,1874,COMPLETED,0.880220890045166,0.7384615540504456,0.47999998927116394,0.8967580795288086,0.2936684191226959
48,1,tanh,rmsprop,0.01,0.1,0.0,1078,COMPLETED,0.8802111744880676,0.7303370833396912,0.4333333373069763,0.8912718296051025,0.2735961079597473
128,3,tanh,adam,0.001,0.1,0.0,1568,COMPLETED,0.8802043199539185,0.7422680258750916,0.47999998927116394,0.8972568511962891,0.2725689113140106
144,1,elu,adam,0.003,0.4,0.0,1913,COMPLETED,0.880203366279602,0.7196261882781982,0.5133333206176758,0.8972568511962891,0.289423406124115
48,4,elu,adam,0.003,0.30000000000000004,0.0,1237,COMPLETED,0.8802003860473633,0.7089201807975769,0.503333330154419,0.8947631120681763,0.2794681787490845
160,2,tanh,adam,0.0003,0.4,1e-06,1387,COMPLETED,0.8801964521408081,0.7281553149223328,0.5,0.8972568511962891,0.277236670255661
48,3,elu,adam,0.0003,0.30000000000000004,0.0001,0094,COMPLETED,0.8801808953285217,0.7168141603469849,0.5400000214576721,0.8992518782615662,0.2831633687019348
48,3,tanh,rmsprop,0.001,0.30000000000000004,1e-06,0598,COMPLETED,0.880172073841095,0.7136563658714294,0.5400000214576721,0.8987531065940857,0.2729572057723999
112,1,tanh,adam,0.0003,0.30000000000000004,0.0,1974,COMPLETED,0.8801515102386475,0.7281553149223328,0.5,0.8972568511962891,0.27421504259109497
208,4,relu,rmsprop,0.0003,0.0,0.0,1061,COMPLETED,0.8801496028900146,0.7400000095367432,0.4933333396911621,0.8982543349266052,0.2697789669036865
192,1,relu,adam,0.003,0.1,0.0001,0581,COMPLETED,0.8801397681236267,0.7288888692855835,0.54666668176651,0.901745617389679,0.2987348139286041
16,1,elu,rmsprop,0.001,0.4,0.0001,1625,COMPLETED,0.8801075220108032,0.7044335007667542,0.476666659116745,0.891770601272583,0.29383328557014465
208,1,tanh,rmsprop,0.001,0.2,0.0,1663,COMPLETED,0.8801007270812988,0.712195098400116,0.4866666793823242,0.8937655687332153,0.2714250385761261
208,3,relu,adam,0.001,0.4,0.0001,0352,COMPLETED,0.8800713419914246,0.7136563658714294,0.5400000214576721,0.8987531065940857,0.3131610155105591
160,1,tanh,adam,0.003,0.1,0.001,0632,COMPLETED,0.8800665140151978,0.7345971465110779,0.5166666507720947,0.8997506499290466,0.28831204771995544
192,1,relu,rmsprop,0.001,0.4,0.0001,0682,COMPLETED,0.8800615668296814,0.7307692170143127,0.5066666603088379,0.8982543349266052,0.31595298647880554
240,3,tanh,adam,0.001,0.4,1e-06,0659,COMPLETED,0.8800498247146606,0.6982758641242981,0.5400000214576721,0.8962593674659729,0.27438706159591675
160,2,tanh,rmsprop,0.001,0.1,1e-06,0444,COMPLETED,0.8800479173660278,0.773809552192688,0.4333333373069763,0.8962593674659729,0.2743367850780487
80,2,tanh,rmsprop,0.003,0.1,1e-06,1585,COMPLETED,0.8800254464149475,0.7431694269180298,0.4533333480358124,0.8947631120681763,0.27302223443984985
64,2,tanh,rmsprop,0.003,0.2,1e-05,1449,COMPLETED,0.8800225257873535,0.7344632744789124,0.4333333373069763,0.891770601272583,0.27464377880096436
160,4,tanh,adam,0.001,0.30000000000000004,1e-05,1658,COMPLETED,0.8799999952316284,0.7219731211662292,0.5366666913032532,0.8997506499290466,0.27825844287872314
48,4,tanh,rmsprop,0.003,0.1,1e-05,0029,COMPLETED,0.8799892663955688,0.742514967918396,0.41333332657814026,0.8907730579376221,0.280622661113739
240,1,relu,rmsprop,0.001,0.2,0.0,0116,COMPLETED,0.8799697160720825,0.71100914478302,0.5166666507720947,0.8962593674659729,0.27265283465385437
80,4,elu,rmsprop,0.001,0.4,0.0001,0259,COMPLETED,0.8799697160720825,0.7365853786468506,0.503333330154419,0.8987531065940857,0.2983666956424713
128,1,tanh,rmsprop,0.0003,0.2,0.0,0291,COMPLETED,0.8799638748168945,0.7027027010917664,0.5199999809265137,0.895261824131012,0.2735411822795868
208,4,tanh,rmsprop,0.001,0.30000000000000004,1e-05,1116,COMPLETED,0.8799619078636169,0.737864077091217,0.5066666603088379,0.8992518782615662,0.2819494605064392
64,3,relu,adam,0.001,0.30000000000000004,1e-06,1180,COMPLETED,0.8799481391906738,0.7149321436882019,0.5266666412353516,0.8977556228637695,0.2761279046535492
160,3,elu,adam,0.001,0.4,1e-06,0510,COMPLETED,0.8799334764480591,0.7424242496490479,0.49000000953674316,0.8982543349266052,0.27824631333351135
32,4,relu,adam,0.0003,0.0,1e-06,1528,COMPLETED,0.8799306154251099,0.7058823704719543,0.5199999809265137,0.8957605957984924,0.27689117193222046
64,1,relu,adam,0.0003,0.0,0.0001,0449,COMPLETED,0.8799179196357727,0.7219731211662292,0.5366666913032532,0.8997506499290466,0.28429046273231506
256,3,relu,adam,0.001,0.1,0.0,1119,COMPLETED,0.8799149394035339,0.7161571979522705,0.54666668176651,0.8997506499290466,0.28414931893348694
192,2,tanh,adam,0.0003,0.1,0.0001,0720,COMPLETED,0.8798983097076416,0.7276995182037354,0.5166666507720947,0.8987531065940857,0.3048120141029358
128,1,tanh,adam,0.001,0.2,1e-06,1671,COMPLETED,0.8798983097076416,0.7305936217308044,0.5333333611488342,0.9007481336593628,0.2786930501461029
32,4,relu,adam,0.001,0.4,1e-06,1945,COMPLETED,0.8798973560333252,0.6848248839378357,0.5866666436195374,0.8977556228637695,0.3038337826728821
192,2,tanh,adam,0.0003,0.1,0.0,1000,COMPLETED,0.8798964023590088,0.7207207083702087,0.5333333611488342,0.8992518782615662,0.2768073081970215
240,3,relu,adam,0.001,0.30000000000000004,1e-05,0218,COMPLETED,0.879887580871582,0.7030567526817322,0.5366666913032532,0.8967580795288086,0.28651952743530273
48,1,tanh,adam,0.001,0.2,1e-06,0425,COMPLETED,0.8798855543136597,0.7156398296356201,0.503333330154419,0.8957605957984924,0.2742045521736145
112,1,relu,rmsprop,0.0003,0.2,1e-05,0492,COMPLETED,0.8798660635948181,0.7068965435028076,0.54666668176651,0.8982543349266052,0.2857152223587036
240,3,relu,rmsprop,0.0003,0.2,0.001,1737,COMPLETED,0.8798642158508301,0.7342995405197144,0.5066666603088379,0.8987531065940857,0.3374952971935272
160,3,elu,rmsprop,0.001,0.2,1e-05,1146,COMPLETED,0.8798552751541138,0.7861635088920593,0.4166666567325592,0.8957605957984924,0.2815682888031006
96,1,relu,rmsprop,0.003,0.2,0.0001,1531,COMPLETED,0.8798465728759766,0.7424242496490479,0.49000000953674316,0.8982543349266052,0.31663984060287476
32,3,tanh,adam,0.001,0.1,1e-05,0171,COMPLETED,0.879840612411499,0.6991525292396545,0.550000011920929,0.8972568511962891,0.2775568664073944
224,4,tanh,rmsprop,0.0003,0.1,0.0,0339,COMPLETED,0.8798269629478455,0.7529411911964417,0.4266666769981384,0.8932668566703796,0.2757602334022522
112,2,relu,rmsprop,0.0003,0.2,0.001,0890,COMPLETED,0.879826009273529,0.7155963182449341,0.5199999809265137,0.8972568511962891,0.3220781981945038
112,1,tanh,rmsprop,0.003,0.30000000000000004,0.0001,0970,COMPLETED,0.8798123002052307,0.7352941036224365,0.5,0.8982543349266052,0.2884163558483124
96,3,relu,adam,0.001,0.2,1e-05,0163,COMPLETED,0.8797898292541504,0.7363636493682861,0.5400000214576721,0.9022443890571594,0.28095337748527527
64,3,relu,adam,0.003,0.30000000000000004,1e-06,1232,COMPLETED,0.8797722458839417,0.7028112411499023,0.5833333134651184,0.9007481336593628,0.27940306067466736
240,4,elu,adam,0.0003,0.30000000000000004,0.0001,0588,COMPLETED,0.8797721862792969,0.7020407915115356,0.5733333230018616,0.8997506499290466,0.34207430481910706
80,4,elu,rmsprop,0.01,0.0,1e-06,1893,COMPLETED,0.8797487616539001,0.800000011920929,0.3466666638851166,0.8892768025398254,0.285196453332901
256,2,elu,adam,0.003,0.1,0.001,0915,COMPLETED,0.8797399401664734,0.7272727489471436,0.5333333611488342,0.9002493619918823,0.3013980984687805
144,1,elu,rmsprop,0.001,0.30000000000000004,0.0001,1844,COMPLETED,0.8797272443771362,0.7135922312736511,0.49000000953674316,0.8942643404006958,0.2967616319656372
176,3,elu,adam,0.0003,0.1,1e-06,1087,COMPLETED,0.8797252178192139,0.7236841917037964,0.550000011920929,0.9012469053268433,0.2743813097476959
208,4,relu,rmsprop,0.0003,0.2,0.001,1017,COMPLETED,0.8797223567962646,0.7169811129570007,0.5066666603088379,0.8962593674659729,0.34101957082748413
80,4,relu,adam,0.003,0.1,0.0001,1101,COMPLETED,0.8797155618667603,0.7008928656578064,0.5233333110809326,0.895261824131012,0.2946256399154663
224,3,tanh,rmsprop,0.01,0.30000000000000004,0.0,0392,COMPLETED,0.8797087073326111,0.769784152507782,0.3566666543483734,0.8877805471420288,0.28693026304244995
32,2,relu,adam,0.0003,0.4,1e-05,0195,COMPLETED,0.8797047734260559,0.7170731425285339,0.49000000953674316,0.8947631120681763,0.27964964509010315
16,2,tanh,rmsprop,0.003,0.30000000000000004,0.0,1778,COMPLETED,0.8796949982643127,0.7047619223594666,0.4933333396911621,0.8932668566703796,0.27111950516700745
208,2,tanh,adam,0.001,0.1,1e-06,0711,COMPLETED,0.8796920776367188,0.7095237970352173,0.49666666984558105,0.8942643404006958,0.2795793414115906
192,3,relu,rmsprop,0.0003,0.1,0.001,0995,COMPLETED,0.87968909740448,0.7289719581604004,0.5199999809265137,0.8992518782615662,0.36338043212890625
160,1,tanh,adam,0.003,0.2,0.0001,0696,COMPLETED,0.8796685934066772,0.7414634227752686,0.5066666603088379,0.8997506499290466,0.288266122341156
224,2,tanh,adam,0.0003,0.2,1e-05,0180,COMPLETED,0.8796666860580444,0.7313432693481445,0.49000000953674316,0.8967580795288086,0.2801200747489929
64,4,relu,adam,0.003,0.1,1e-06,1948,COMPLETED,0.8796627521514893,0.6995884776115417,0.5666666626930237,0.8987531065940857,0.27725210785865784
32,1,relu,rmsprop,0.001,0.1,0.0001,1167,COMPLETED,0.8796627521514893,0.7102803587913513,0.5066666603088379,0.895261824131012,0.2853454649448395
64,2,elu,rmsprop,0.0003,0.2,0.0,0640,COMPLETED,0.8796588182449341,0.7023255825042725,0.503333330154419,0.8937655687332153,0.275120347738266
112,1,relu,rmsprop,0.003,0.30000000000000004,1e-05,1530,COMPLETED,0.8796510696411133,0.7272727489471436,0.47999998927116394,0.895261824131012,0.2812839150428772
96,4,tanh,rmsprop,0.001,0.30000000000000004,0.0,1797,COMPLETED,0.8796392679214478,0.7042253613471985,0.5,0.8937655687332153,0.2721042037010193
128,2,tanh,rmsprop,0.0003,0.2,1e-05,1090,COMPLETED,0.8796392679214478,0.7164948582649231,0.4633333384990692,0.8922693133354187,0.27643805742263794
224,1,elu,adam,0.001,0.4,0.0001,0928,COMPLETED,0.8796324729919434,0.7300000190734863,0.4866666793823242,0.8962593674659729,0.2889709174633026
80,1,relu,rmsprop,0.0003,0.4,0.001,0359,COMPLETED,0.8796275854110718,0.733031690120697,0.5400000214576721,0.901745617389679,0.31821081042289734
192,3,relu,adam,0.003,0.4,0.0,1035,COMPLETED,0.8796265721321106,0.7473118305206299,0.4633333384990692,0.8962593674659729,0.2855829894542694
176,2,tanh,rmsprop,0.001,0.2,1e-05,1071,COMPLETED,0.879621684551239,0.7643678188323975,0.44333332777023315,0.8962593674659729,0.27894142270088196
64,4,elu,adam,0.003,0.4,1e-06,0146,COMPLETED,0.8796089887619019,0.7180616855621338,0.5433333516120911,0.8997506499290466,0.2714863717556
240,1,relu,adam,0.0003,0.1,1e-06,0560,COMPLETED,0.8796061277389526,0.7251184582710266,0.5099999904632568,0.8977556228637695,0.27709633111953735
64,1,tanh,rmsprop,0.003,0.30000000000000004,1e-05,0568,COMPLETED,0.8796021938323975,0.7195767164230347,0.4533333480358124,0.891770601272583,0.2776899039745331
112,1,relu,rmsprop,0.003,0.1,0.0001,0129,COMPLETED,0.8795982599258423,0.7333333492279053,0.5133333206176758,0.8992518782615662,0.2985416054725647
144,2,relu,adam,0.001,0.1,0.0,1438,COMPLETED,0.8795973062515259,0.7191489338874817,0.5633333325386047,0.901745617389679,0.2895337641239166
144,2,tanh,adam,0.0003,0.4,1e-05,1849,COMPLETED,0.8795914053916931,0.7149532437324524,0.5099999904632568,0.8962593674659729,0.27804845571517944
160,1,relu,adam,0.003,0.30000000000000004,0.0001,0952,COMPLETED,0.8795884847640991,0.729613721370697,0.5666666626930237,0.903740644454956,0.2937520146369934
144,1,relu,rmsprop,0.001,0.2,0.001,1217,COMPLETED,0.8795855641365051,0.7320573925971985,0.5099999904632568,0.8987531065940857,0.32439109683036804
16,1,relu,rmsprop,0.003,0.2,0.0001,0430,COMPLETED,0.8795815706253052,0.7412935495376587,0.49666666984558105,0.8987531065940857,0.2865953743457794
224,4,elu,adam,0.001,0.4,0.0,0041,COMPLETED,0.8795630931854248,0.7088607549667358,0.5600000023841858,0.8997506499290466,0.27184760570526123
176,1,tanh,rmsprop,0.003,0.4,1e-05,0688,COMPLETED,0.8795620799064636,0.74301677942276,0.44333332777023315,0.8937655687332153,0.28015202283859253
64,1,tanh,rmsprop,0.001,0.4,0.0,1347,COMPLETED,0.8795561790466309,0.7030567526817322,0.5366666913032532,0.8967580795288086,0.27228063344955444
112,1,relu,rmsprop,0.0003,0.2,0.0,0523,COMPLETED,0.8795493841171265,0.7053571343421936,0.5266666412353516,0.8962593674659729,0.2775261700153351
32,1,tanh,adam,0.001,0.1,1e-05,1506,COMPLETED,0.8795484304428101,0.7188940048217773,0.5199999809265137,0.8977556228637695,0.2747367322444916
176,2,tanh,adam,0.0003,0.0,0.0,0909,COMPLETED,0.8795210123062134,0.7401960492134094,0.503333330154419,0.8992518782615662,0.27669671177864075
48,2,elu,adam,0.001,0.2,1e-05,0457,COMPLETED,0.8795180916786194,0.7247706651687622,0.5266666412353516,0.8992518782615662,0.2788809835910797
16,4,relu,adam,0.0003,0.0,0.001,1538,COMPLETED,0.8795161247253418,0.7168949842453003,0.5233333110809326,0.8977556228637695,0.3154035806655884
128,1,relu,rmsprop,0.0003,0.1,0.0001,0010,COMPLETED,0.8795121908187866,0.701298713684082,0.5400000214576721,0.8967580795288086,0.29155832529067993
64,1,relu,adam,0.003,0.2,1e-05,0590,COMPLETED,0.8795112371444702,0.7429906725883484,0.5299999713897705,0.9022443890571594,0.28296688199043274
192,1,tanh,adam,0.0003,0.30000000000000004,0.0001,0443,COMPLETED,0.8795112371444702,0.7272727489471436,0.5066666603088379,0.8977556228637695,0.28797486424446106
176,1,tanh,adam,0.0003,0.1,1e-05,0000,COMPLETED,0.8795082569122314,0.7129186391830444,0.49666666984558105,0.8947631120681763,0.2802900969982147
224,1,relu,adam,0.001,0.2,0.0,1417,COMPLETED,0.87947016954422,0.7194570302963257,0.5299999713897705,0.8987531065940857,0.28596004843711853
48,1,tanh,rmsprop,0.003,0.4,0.0001,1257,COMPLETED,0.8794633746147156,0.7079207897186279,0.476666659116745,0.8922693133354187,0.28851228952407837
96,4,relu,adam,0.003,0.1,0.0,1604,COMPLETED,0.879452645778656,0.7219731211662292,0.5366666913032532,0.8997506499290466,0.28202810883522034
144,4,elu,adam,0.003,0.2,1e-05,1789,COMPLETED,0.8794418573379517,0.6526315808296204,0.6200000047683716,0.8937655687332153,0.34139981865882874
80,3,elu,adam,0.003,0.4,1e-06,0685,COMPLETED,0.8794369101524353,0.7188940048217773,0.5199999809265137,0.8977556228637695,0.2746770679950714
32,2,tanh,adam,0.01,0.30000000000000004,1e-06,1340,COMPLETED,0.8794331550598145,0.7164948582649231,0.4633333384990692,0.8922693133354187,0.27557915449142456
16,1,tanh,adam,0.0003,0.1,0.001,1537,COMPLETED,0.8794301748275757,0.7323943376541138,0.5199999809265137,0.8997506499290466,0.28185901045799255
176,4,tanh,adam,0.003,0.4,1e-05,0302,COMPLETED,0.8794271945953369,0.7607361674308777,0.41333332657814026,0.8927680850028992,0.28660890460014343
160,4,tanh,adam,0.0003,0.4,0.0001,1422,COMPLETED,0.8794164657592773,0.6991525292396545,0.550000011920929,0.8972568511962891,0.3215099573135376
16,4,elu,adam,0.001,0.0,1e-05,1472,COMPLETED,0.879414439201355,0.7207207083702087,0.5333333611488342,0.8992518782615662,0.28157469630241394
192,1,relu,rmsprop,0.001,0.1,0.0,1606,COMPLETED,0.879414439201355,0.7214611768722534,0.5266666412353516,0.8987531065940857,0.2739766538143158
208,3,elu,adam,0.0003,0.30000000000000004,1e-05,1082,COMPLETED,0.8794096112251282,0.7083333134651184,0.5666666626930237,0.9002493619918823,0.28045421838760376
64,2,relu,rmsprop,0.001,0.30000000000000004,0.001,0251,COMPLETED,0.8793968558311462,0.7461928725242615,0.49000000953674316,0.8987531065940857,0.32337257266044617
48,1,elu,adam,0.01,0.4,1e-06,0503,COMPLETED,0.8793919682502747,0.7222222089767456,0.5199999809265137,0.8982543349266052,0.3336479067802429
176,2,elu,rmsprop,0.003,0.1,0.0001,0577,COMPLETED,0.8793724179267883,0.7309644818305969,0.47999998927116394,0.8957605957984924,0.30257460474967957
16,2,elu,adam,0.01,0.4,0.0,1933,COMPLETED,0.8793665170669556,0.7051281929016113,0.550000011920929,0.8982543349266052,0.27431342005729675
48,2,tanh,rmsprop,0.01,0.1,1e-06,1485,COMPLETED,0.8793372511863708,0.7027027010917664,0.4333333373069763,0.8877805471420288,0.27834072709083557
160,1,tanh,rmsprop,0.003,0.30000000000000004,1e-06,1362,COMPLETED,0.879297137260437,0.7244898080825806,0.47333332896232605,0.8942643404006958,0.2736162841320038
32,2,relu,rmsprop,0.001,0.30000000000000004,0.001,1577,COMPLETED,0.8792922496795654,0.7333333492279053,0.476666659116745,0.8957605957984924,0.3228450417518616
80,1,relu,rmsprop,0.001,0.2,0.0001,0327,COMPLETED,0.879285454750061,0.729468584060669,0.503333330154419,0.8977556228637695,0.29444387555122375
176,1,tanh,adam,0.01,0.4,1e-05,0971,COMPLETED,0.8792845010757446,0.754601240158081,0.4099999964237213,0.891770601272583,0.3042607009410858
224,4,relu,adam,0.003,0.4,0.0,1690,COMPLETED,0.8792805671691895,0.8064516186714172,0.3333333432674408,0.8882793188095093,0.2968834638595581
240,3,relu,rmsprop,0.0003,0.0,0.0001,0538,COMPLETED,0.8792657852172852,0.75,0.5099999904632568,0.9012469053268433,0.32953551411628723
176,1,tanh,adam,0.001,0.1,1e-05,1997,COMPLETED,0.879254162311554,0.7129186391830444,0.49666666984558105,0.8947631120681763,0.2803701162338257
256,1,relu,adam,0.003,0.1,0.0001,1805,COMPLETED,0.8792511820793152,0.7142857313156128,0.5666666626930237,0.9012469053268433,0.2998118996620178
64,3,elu,rmsprop,0.001,0.1,0.001,1284,COMPLETED,0.8792238235473633,0.7542856931686401,0.4399999976158142,0.8947631120681763,0.29546454548835754
144,3,relu,rmsprop,0.001,0.2,0.0001,1518,COMPLETED,0.8792121410369873,0.7346938848495483,0.47999998927116394,0.8962593674659729,0.3075559735298157
144,2,elu,rmsprop,0.0003,0.1,0.0001,1749,COMPLETED,0.8792101740837097,0.720812201499939,0.47333332896232605,0.8937655687332153,0.29683399200439453
16,1,tanh,adam,0.003,0.30000000000000004,0.0001,1831,COMPLETED,0.8792092204093933,0.7233009934425354,0.49666666984558105,0.8962593674659729,0.27498123049736023
64,2,tanh,rmsprop,0.001,0.2,1e-05,1351,COMPLETED,0.8792004585266113,0.7237569093704224,0.43666666746139526,0.8907730579376221,0.2772616446018219
80,4,tanh,rmsprop,0.001,0.1,1e-05,1809,COMPLETED,0.8792003989219666,0.75,0.4099999964237213,0.8912718296051025,0.2809184789657593
128,2,tanh,rmsprop,0.0003,0.1,0.0,0495,COMPLETED,0.8791993856430054,0.7193877696990967,0.4699999988079071,0.8932668566703796,0.27428677678108215
64,2,relu,adam,0.01,0.30000000000000004,0.0,0226,COMPLETED,0.8791916370391846,0.7841726541519165,0.3633333444595337,0.8897755742073059,0.2994512617588043
256,1,elu,adam,0.01,0.30000000000000004,0.0001,0136,COMPLETED,0.8791857361793518,0.6433566212654114,0.6133333444595337,0.8912718296051025,0.3217640221118927
176,2,relu,rmsprop,0.0003,0.30000000000000004,0.0,0620,COMPLETED,0.8791750073432922,0.7236180901527405,0.47999998927116394,0.8947631120681763,0.27387145161628723
32,1,tanh,adam,0.001,0.2,0.001,1651,COMPLETED,0.8791750073432922,0.7342995405197144,0.5066666603088379,0.8987531065940857,0.2819747030735016
160,3,tanh,rmsprop,0.001,0.0,0.001,0803,COMPLETED,0.879173994064331,0.7109004855155945,0.5,0.8947631120681763,0.29148438572883606
160,2,relu,adam,0.003,0.2,0.0001,0821,COMPLETED,0.8791701197624207,0.7124999761581421,0.5699999928474426,0.9012469053268433,0.31303033232688904
32,3,tanh,adam,0.001,0.0,0.001,0733,COMPLETED,0.8791691660881042,0.7375565767288208,0.5433333516120911,0.9027431607246399,0.29689139127731323
64,1,relu,adam,0.003,0.0,0.0001,1432,COMPLETED,0.8791651725769043,0.7203390002250671,0.5666666626930237,0.9022443890571594,0.29169467091560364
240,3,tanh,rmsprop,0.001,0.2,1e-05,0049,COMPLETED,0.8791602849960327,0.7305699586868286,0.4699999988079071,0.8947631120681763,0.2809884548187256
128,4,relu,rmsprop,0.001,0.1,0.001,1008,COMPLETED,0.879142701625824,0.7303921580314636,0.49666666984558105,0.8972568511962891,0.30903160572052
176,1,tanh,rmsprop,0.003,0.1,0.001,0671,COMPLETED,0.8791388273239136,0.7164179086685181,0.47999998927116394,0.8937655687332153,0.2923140525817871
48,1,elu,adam,0.003,0.2,1e-05,0427,COMPLETED,0.8791378736495972,0.7200000286102295,0.5400000214576721,0.8997506499290466,0.280694842338562
32,3,tanh,rmsprop,0.0003,0.1,0.0,1835,COMPLETED,0.879132866859436,0.712195098400116,0.4866666793823242,0.8937655687332153,0.27392375469207764
160,4,tanh,adam,0.001,0.1,0.0001,0833,COMPLETED,0.879128098487854,0.727748692035675,0.4633333384990692,0.8937655687332153,0.32112443447113037
224,4,elu,adam,0.003,0.4,0.0001,1622,COMPLETED,0.8791231513023376,0.7248908281326294,0.5533333420753479,0.901745617389679,0.34254229068756104
192,3,relu,rmsprop,0.001,0.1,1e-05,0924,COMPLETED,0.8791182637214661,0.7198067903518677,0.49666666984558105,0.8957605957984924,0.2821628749370575
112,1,relu,rmsprop,0.0003,0.0,0.001,1182,COMPLETED,0.8791162967681885,0.7323943376541138,0.5199999809265137,0.8997506499290466,0.31142961978912354
240,2,elu,adam,0.0003,0.1,0.0001,0964,COMPLETED,0.8791154026985168,0.7312775254249573,0.5533333420753479,0.9027431607246399,0.3077343702316284
16,4,elu,rmsprop,0.001,0.1,0.001,0564,COMPLETED,0.8791143298149109,0.7258883118629456,0.476666659116745,0.8947631120681763,0.29649651050567627
160,3,tanh,rmsprop,0.001,0.0,1e-05,0271,COMPLETED,0.8791036009788513,0.7439024448394775,0.40666666626930237,0.8902742862701416,0.2859219014644623
208,3,relu,rmsprop,0.0003,0.2,0.0,1067,COMPLETED,0.8791007399559021,0.7376237511634827,0.49666666984558105,0.8982543349266052,0.27192360162734985
144,3,elu,rmsprop,0.0003,0.4,0.0,1164,COMPLETED,0.8790899515151978,0.6926407217979431,0.5333333611488342,0.8947631120681763,0.27218741178512573
32,3,tanh,adam,0.003,0.30000000000000004,1e-05,0201,COMPLETED,0.8790899515151978,0.7077625393867493,0.5166666507720947,0.8957605957984924,0.27323535084724426
112,4,relu,rmsprop,0.001,0.4,1e-05,0115,COMPLETED,0.8790762424468994,0.7687074542045593,0.3766666650772095,0.8897755742073059,0.28936466574668884
144,3,tanh,adam,0.003,0.30000000000000004,1e-05,1039,COMPLETED,0.879075288772583,0.7386934757232666,0.49000000953674316,0.8977556228637695,0.27858421206474304
160,1,relu,rmsprop,0.001,0.4,1e-05,1780,COMPLETED,0.879075288772583,0.7255814075469971,0.5199999809265137,0.8987531065940857,0.28423112630844116
80,1,relu,rmsprop,0.003,0.2,0.0001,0883,COMPLETED,0.8790635466575623,0.7355769276618958,0.5099999904632568,0.8992518782615662,0.2890773117542267
16,1,tanh,adam,0.003,0.0,0.001,1954,COMPLETED,0.8790557384490967,0.7268292903900146,0.49666666984558105,0.8967580795288086,0.2918870151042938
128,3,tanh,rmsprop,0.003,0.2,0.0,1593,COMPLETED,0.8790547847747803,0.7225130796432495,0.46000000834465027,0.8927680850028992,0.2749476730823517
32,3,relu,adam,0.001,0.0,0.0,1876,COMPLETED,0.879035234451294,0.7142857313156128,0.5166666507720947,0.8967580795288086,0.2783314287662506
96,4,relu,rmsprop,0.0003,0.30000000000000004,0.001,0230,COMPLETED,0.8790342211723328,0.7207207083702087,0.5333333611488342,0.8992518782615662,0.3211737871170044
16,1,elu,adam,0.0003,0.4,0.0,0083,COMPLETED,0.8790332674980164,0.7009345889091492,0.5,0.8932668566703796,0.2768138647079468
256,3,relu,rmsprop,0.0003,0.30000000000000004,1e-05,1570,COMPLETED,0.8790322542190552,0.7183098793029785,0.5099999904632568,0.8967580795288086,0.28313693404197693
160,2,elu,adam,0.003,0.4,0.0,1860,COMPLETED,0.8790274262428284,0.7437185645103455,0.4933333396911621,0.8987531065940857,0.29919999837875366
80,3,elu,rmsprop,0.0003,0.30000000000000004,1e-06,0921,COMPLETED,0.8790127038955688,0.6888889074325562,0.5166666507720947,0.8927680850028992,0.2747489809989929
240,1,elu,adam,0.003,0.4,0.0,1236,COMPLETED,0.8790058493614197,0.7109004855155945,0.5,0.8947631120681763,0.29448288679122925
160,4,relu,adam,0.01,0.0,0.0,0979,COMPLETED,0.8790048360824585,0.753926694393158,0.47999998927116394,0.8987531065940857,0.28152668476104736
144,2,elu,adam,0.001,0.2,0.0,0717,COMPLETED,0.8790038824081421,0.7241379022598267,0.5600000023841858,0.9022443890571594,0.2862711250782013
256,2,tanh,rmsprop,0.001,0.2,1e-06,1339,COMPLETED,0.8789999485015869,0.7377049326896667,0.44999998807907104,0.8937655687332153,0.27497348189353943
16,1,relu,rmsprop,0.003,0.1,0.0001,0639,COMPLETED,0.8789853453636169,0.7613636255264282,0.4466666579246521,0.8962593674659729,0.30481308698654175
240,2,elu,rmsprop,0.0003,0.2,0.0,1814,COMPLETED,0.8789794445037842,0.7540106773376465,0.4699999988079071,0.8977556228637695,0.2727297246456146
16,1,elu,adam,0.01,0.2,0.0001,0048,COMPLETED,0.8789677619934082,0.7472527623176575,0.4533333480358124,0.895261824131012,0.28956446051597595
256,3,elu,rmsprop,0.0003,0.0,0.0001,1169,COMPLETED,0.8789560794830322,0.7771428823471069,0.4533333480358124,0.8987531065940857,0.33823132514953613
96,3,elu,rmsprop,0.0003,0.30000000000000004,1e-05,1463,COMPLETED,0.878952145576477,0.7083333134651184,0.5099999904632568,0.895261824131012,0.2762001156806946
208,3,relu,rmsprop,0.001,0.2,1e-05,0278,COMPLETED,0.8789384365081787,0.7411167621612549,0.4866666793823242,0.8977556228637695,0.28336232900619507
112,4,tanh,adam,0.001,0.0,0.001,1650,COMPLETED,0.8789374828338623,0.726457417011261,0.5400000214576721,0.9007481336593628,0.2907033860683441
176,1,relu,adam,0.003,0.4,0.0001,1557,COMPLETED,0.8789364695549011,0.7366071343421936,0.550000011920929,0.9032418727874756,0.2955768406391144
64,3,relu,adam,0.0003,0.1,0.0,0507,COMPLETED,0.8789345622062683,0.7058823704719543,0.5600000023841858,0.8992518782615662,0.28504034876823425
96,1,tanh,adam,0.0003,0.0,1e-06,1794,COMPLETED,0.8789316415786743,0.7219731211662292,0.5366666913032532,0.8997506499290466,0.2780366837978363
96,3,relu,adam,0.001,0.30000000000000004,1e-05,0184,COMPLETED,0.8789286613464355,0.7100840210914612,0.5633333325386047,0.9002493619918823,0.28034183382987976
128,2,tanh,adam,0.0003,0.4,1e-06,0131,COMPLETED,0.8789256811141968,0.7044335007667542,0.476666659116745,0.891770601272583,0.2770974040031433
144,1,relu,rmsprop,0.0003,0.30000000000000004,0.0,1080,COMPLETED,0.878923773765564,0.6952789425849915,0.5400000214576721,0.8957605957984924,0.2770325243473053
16,3,tanh,adam,0.003,0.30000000000000004,1e-05,0400,COMPLETED,0.8789148926734924,0.6944444179534912,0.5833333134651184,0.8992518782615662,0.2711312472820282
96,4,tanh,rmsprop,0.003,0.1,1e-05,0738,COMPLETED,0.8789129853248596,0.7702702879905701,0.3799999952316284,0.8902742862701416,0.2818147838115692
96,1,tanh,adam,0.001,0.0,1e-06,0267,COMPLETED,0.8789129853248596,0.7427184581756592,0.5099999904632568,0.9002493619918823,0.2777113616466522
112,3,elu,rmsprop,0.0003,0.4,0.0001,0264,COMPLETED,0.8788983821868896,0.7123287916183472,0.5199999809265137,0.8967580795288086,0.30062568187713623
208,4,relu,adam,0.001,0.4,1e-05,1059,COMPLETED,0.8788963556289673,0.7226890921592712,0.5733333230018616,0.9032418727874756,0.29339757561683655
240,3,tanh,rmsprop,0.0003,0.0,0.0,0345,COMPLETED,0.8788924217224121,0.772455096244812,0.4300000071525574,0.8957605957984924,0.27563151717185974
176,1,tanh,adam,0.003,0.30000000000000004,1e-06,0378,COMPLETED,0.878882646560669,0.7290640473365784,0.4933333396911621,0.8967580795288086,0.27711406350135803
128,2,elu,adam,0.001,0.1,0.0,0164,COMPLETED,0.8788777589797974,0.7281553149223328,0.5,0.8972568511962891,0.2765495479106903
240,1,relu,rmsprop,0.0003,0.0,1e-06,0246,COMPLETED,0.8788719773292542,0.6986899375915527,0.5333333611488342,0.8957605957984924,0.27714937925338745
240,4,elu,adam,0.0003,0.1,0.001,1614,COMPLETED,0.8788632154464722,0.7473683953285217,0.47333332896232605,0.8972568511962891,0.2936309576034546
32,4,tanh,adam,0.001,0.1,0.001,1539,COMPLETED,0.8788632154464722,0.743842363357544,0.503333330154419,0.8997506499290466,0.28747445344924927
144,1,elu,adam,0.003,0.4,1e-05,0138,COMPLETED,0.878859281539917,0.7376237511634827,0.49666666984558105,0.8982543349266052,0.28989914059638977
256,1,tanh,rmsprop,0.003,0.1,0.0,0484,COMPLETED,0.8788474798202515,0.7472527623176575,0.4533333480358124,0.895261824131012,0.27387088537216187
240,2,elu,adam,0.01,0.1,1e-06,0258,COMPLETED,0.8788425922393799,0.6938775777816772,0.5666666626930237,0.8977556228637695,0.3470900356769562
144,2,relu,rmsprop,0.001,0.2,0.0,1366,COMPLETED,0.8788151741027832,0.7471264600753784,0.4333333373069763,0.8932668566703796,0.2729346752166748
144,4,elu,adam,0.0003,0.0,0.001,1170,COMPLETED,0.8788133263587952,0.751173734664917,0.5333333611488342,0.903740644454956,0.3535957634449005
64,2,elu,rmsprop,0.003,0.4,1e-05,0043,COMPLETED,0.8787615299224854,0.7925925850868225,0.3566666543483734,0.8897755742073059,0.28419217467308044
208,2,relu,rmsprop,0.001,0.30000000000000004,0.0001,0854,COMPLETED,0.8787526488304138,0.75,0.4699999988079071,0.8972568511962891,0.306398868560791
112,3,elu,adam,0.0003,0.0,0.0,0446,COMPLETED,0.8787506222724915,0.738095223903656,0.5166666507720947,0.9002493619918823,0.27306345105171204
16,3,relu,adam,0.01,0.2,1e-06,0337,COMPLETED,0.8787341117858887,0.7211538553237915,0.5,0.8962593674659729,0.27704641222953796
208,1,tanh,adam,0.0003,0.0,1e-05,1899,COMPLETED,0.8787311911582947,0.7333333492279053,0.5133333206176758,0.8992518782615662,0.27902939915657043
16,3,relu,rmsprop,0.0003,0.30000000000000004,0.001,1145,COMPLETED,0.8787155747413635,0.7111111283302307,0.5333333611488342,0.8977556228637695,0.339350163936615
144,4,relu,adam,0.003,0.1,0.0001,1242,COMPLETED,0.8787126541137695,0.7033492922782898,0.49000000953674316,0.8927680850028992,0.3013322949409485
224,4,relu,adam,0.01,0.0,1e-05,0934,COMPLETED,0.8786959648132324,0.7448979616165161,0.4866666793823242,0.8982543349266052,0.2994166612625122
224,2,relu,adam,0.001,0.2,1e-05,1572,COMPLETED,0.878692090511322,0.6970954537391663,0.5600000023841858,0.8977556228637695,0.2878683805465698
160,4,tanh,adam,0.001,0.1,1e-06,1189,COMPLETED,0.8786910772323608,0.7446808218955994,0.46666666865348816,0.8962593674659729,0.2728792428970337
32,1,tanh,adam,0.0003,0.1,1e-06,1567,COMPLETED,0.8786881566047668,0.7077625393867493,0.5166666507720947,0.8957605957984924,0.27514320611953735
112,2,elu,rmsprop,0.0003,0.30000000000000004,0.0,1527,COMPLETED,0.8786832690238953,0.712195098400116,0.4866666793823242,0.8937655687332153,0.27477505803108215
192,3,tanh,rmsprop,0.0003,0.30000000000000004,1e-05,1147,COMPLETED,0.8786823153495789,0.7079207897186279,0.476666659116745,0.8922693133354187,0.28246185183525085
160,2,tanh,adam,0.001,0.2,0.0,0150,COMPLETED,0.8786803483963013,0.7129629850387573,0.5133333206176758,0.8962593674659729,0.2778759002685547
48,4,relu,rmsprop,0.003,0.30000000000000004,0.0,1139,COMPLETED,0.8786793947219849,0.7458563446998596,0.44999998807907104,0.8947631120681763,0.2783321142196655
160,1,tanh,adam,0.003,0.4,0.0001,0815,COMPLETED,0.8786735534667969,0.7376237511634827,0.49666666984558105,0.8982543349266052,0.29003989696502686
96,1,elu,adam,0.003,0.2,1e-06,1607,COMPLETED,0.8786696195602417,0.7336448431015015,0.5233333110809326,0.9002493619918823,0.28706029057502747
112,2,tanh,rmsprop,0.01,0.30000000000000004,1e-06,0347,COMPLETED,0.8786656856536865,0.7292817831039429,0.4399999976158142,0.891770601272583,0.2788994610309601
160,3,tanh,adam,0.001,0.1,0.0001,0402,COMPLETED,0.878657877445221,0.7102803587913513,0.5066666603088379,0.895261824131012,0.3061504364013672
112,3,relu,adam,0.001,0.0,0.0001,0713,COMPLETED,0.8786510229110718,0.7113820910453796,0.5833333134651184,0.9022443890571594,0.3017357289791107
48,3,relu,rmsprop,0.001,0.4,0.001,0974,COMPLETED,0.8786402940750122,0.7116279006004333,0.5099999904632568,0.8957605957984924,0.323841392993927
32,1,relu,adam,0.0003,0.1,0.0,0209,COMPLETED,0.8786383271217346,0.7321428656578064,0.54666668176651,0.9022443890571594,0.27922555804252625
80,2,relu,rmsprop,0.001,0.1,0.0001,1735,COMPLETED,0.8786168098449707,0.7309644818305969,0.47999998927116394,0.8957605957984924,0.29270586371421814
192,1,elu,adam,0.0003,0.4,1e-06,0524,COMPLETED,0.8786119222640991,0.7178217768669128,0.4833333194255829,0.8942643404006958,0.2777015268802643
80,3,tanh,rmsprop,0.003,0.30000000000000004,0.0001,1941,COMPLETED,0.8786109089851379,0.7142857313156128,0.5333333611488342,0.8982543349266052,0.2934911549091339
240,2,elu,adam,0.01,0.0,1e-06,1857,COMPLETED,0.8786099553108215,0.667870044708252,0.6166666746139526,0.8967580795288086,0.3123668134212494
80,1,tanh,adam,0.003,0.1,0.0001,0281,COMPLETED,0.8786031603813171,0.7268518805503845,0.5233333110809326,0.8992518782615662,0.2904731035232544
48,2,tanh,rmsprop,0.003,0.0,1e-05,0432,COMPLETED,0.878602147102356,0.7301587462425232,0.46000000834465027,0.8937655687332153,0.27781203389167786
96,3,relu,rmsprop,0.0003,0.2,0.0,0692,COMPLETED,0.8785962462425232,0.7069767713546753,0.5066666603088379,0.8947631120681763,0.2730717360973358
48,4,elu,rmsprop,0.0003,0.30000000000000004,0.0,1060,COMPLETED,0.8785933256149292,0.6875,0.550000011920929,0.895261824131012,0.2740844190120697
80,3,elu,rmsprop,0.001,0.2,0.001,1621,COMPLETED,0.8785904049873352,0.7388888597488403,0.44333332777023315,0.8932668566703796,0.29690030217170715
96,2,elu,rmsprop,0.0003,0.1,0.0,0385,COMPLETED,0.8785600662231445,0.7424242496490479,0.49000000953674316,0.8982543349266052,0.27526918053627014
208,1,relu,rmsprop,0.0003,0.4,1e-06,1099,COMPLETED,0.8785512447357178,0.7025862336158752,0.5433333516120911,0.8972568511962891,0.27832505106925964
112,4,tanh,rmsprop,0.0003,0.30000000000000004,1e-05,0447,COMPLETED,0.8785454630851746,0.6740087866783142,0.5099999904632568,0.8897755742073059,0.28372326493263245
96,3,tanh,adam,0.001,0.0,0.0001,1174,COMPLETED,0.8785445094108582,0.7653061151504517,0.5,0.9022443890571594,0.3023298978805542
80,4,relu,adam,0.003,0.4,0.0001,1188,COMPLETED,0.878537654876709,0.7083333134651184,0.5666666626930237,0.9002493619918823,0.30942702293395996
112,3,relu,adam,0.001,0.1,0.0,1589,COMPLETED,0.8785297870635986,0.7117903828620911,0.5433333516120911,0.8987531065940857,0.2766224145889282
208,4,relu,rmsprop,0.001,0.0,0.0,1445,COMPLETED,0.8785278797149658,0.7569060921669006,0.4566666781902313,0.8967580795288086,0.27654168009757996
160,3,tanh,adam,0.0003,0.0,1e-06,0154,COMPLETED,0.878525972366333,0.7371134161949158,0.476666659116745,0.8962593674659729,0.27540311217308044
80,1,relu,adam,0.01,0.0,0.0001,0630,COMPLETED,0.8785229921340942,0.7214611768722534,0.5266666412353516,0.8987531065940857,0.2999829351902008
80,1,relu,adam,0.01,0.30000000000000004,1e-06,0047,COMPLETED,0.8785220384597778,0.713004469871521,0.5299999713897705,0.8977556228637695,0.32399147748947144
64,2,elu,adam,0.0003,0.2,0.001,1768,COMPLETED,0.8785053491592407,0.7207207083702087,0.5333333611488342,0.8992518782615662,0.30147987604141235
112,3,relu,adam,0.003,0.1,0.0,0100,COMPLETED,0.878484845161438,0.6861924529075623,0.54666668176651,0.8947631120681763,0.2948094308376312
16,2,relu,adam,0.01,0.2,1e-06,0980,COMPLETED,0.8784770965576172,0.748603343963623,0.4466666579246521,0.8947631120681763,0.288127601146698
128,3,elu,adam,0.003,0.30000000000000004,1e-05,0085,COMPLETED,0.8784721493721008,0.7602339386940002,0.4333333373069763,0.8947631120681763,0.30351385474205017
80,3,relu,adam,0.001,0.0,0.001,1799,COMPLETED,0.8784682154655457,0.7283950448036194,0.5899999737739563,0.9057356715202332,0.33547815680503845
32,4,relu,adam,0.0003,0.1,0.0001,1326,COMPLETED,0.878467321395874,0.7029288411140442,0.5600000023841858,0.8987531065940857,0.2932353913784027
112,3,tanh,adam,0.001,0.0,0.001,0024,COMPLETED,0.8784604072570801,0.7149122953414917,0.5433333516120911,0.8992518782615662,0.30599209666252136
224,4,elu,adam,0.003,0.4,1e-05,1032,COMPLETED,0.8784389495849609,0.6679245233535767,0.5899999737739563,0.8947631120681763,0.3310563266277313
16,1,elu,adam,0.0003,0.4,1e-05,0522,COMPLETED,0.8784379363059998,0.6888889074325562,0.5166666507720947,0.8927680850028992,0.27855318784713745
48,3,relu,adam,0.003,0.4,0.0001,0318,COMPLETED,0.8784330487251282,0.7309417128562927,0.5433333516120911,0.901745617389679,0.29028230905532837
128,3,elu,adam,0.0003,0.0,1e-05,0549,COMPLETED,0.8784271478652954,0.7155555486679077,0.5366666913032532,0.8987531065940857,0.2826634347438812
48,4,tanh,rmsprop,0.001,0.4,1e-05,0133,COMPLETED,0.8784271478652954,0.6926229596138,0.5633333325386047,0.8972568511962891,0.27793750166893005
224,1,relu,adam,0.001,0.0,0.0,0508,COMPLETED,0.8784252405166626,0.7345132827758789,0.5533333420753479,0.9032418727874756,0.27891039848327637
192,4,tanh,rmsprop,0.001,0.30000000000000004,0.0,1896,COMPLETED,0.8784164190292358,0.7285714149475098,0.5099999904632568,0.8982543349266052,0.27177637815475464
144,2,relu,adam,0.01,0.0,0.0001,0112,COMPLETED,0.8784125447273254,0.725321888923645,0.5633333325386047,0.9027431607246399,0.29363834857940674
160,2,tanh,rmsprop,0.003,0.2,0.0001,1803,COMPLETED,0.8783978819847107,0.7396449446678162,0.4166666567325592,0.8907730579376221,0.30432239174842834
240,2,elu,rmsprop,0.001,0.2,0.001,1879,COMPLETED,0.8783919811248779,0.7333333492279053,0.4399999976158142,0.8922693133354187,0.2978098392486572
48,1,elu,rmsprop,0.003,0.2,1e-06,0406,COMPLETED,0.8783910274505615,0.7333333492279053,0.476666659116745,0.8957605957984924,0.27482348680496216
80,1,tanh,adam,0.001,0.0,1e-05,1871,COMPLETED,0.8783822059631348,0.7314814925193787,0.5266666412353516,0.9002493619918823,0.28108707070350647
224,4,relu,adam,0.003,0.30000000000000004,0.0001,1784,COMPLETED,0.8783743381500244,0.7348066568374634,0.44333332777023315,0.8927680850028992,0.31552591919898987
128,2,relu,adam,0.003,0.1,1e-05,1094,COMPLETED,0.878364622592926,0.7155172228813171,0.5533333420753479,0.9002493619918823,0.2851977050304413
48,2,elu,adam,0.001,0.0,0.0001,1810,COMPLETED,0.8783577680587769,0.7309417128562927,0.5433333516120911,0.901745617389679,0.2866562306880951
80,4,tanh,adam,0.003,0.1,1e-06,1634,COMPLETED,0.8783568143844604,0.721238911151886,0.5433333516120911,0.9002493619918823,0.27282604575157166
256,4,relu,adam,0.0003,0.2,0.0,0900,COMPLETED,0.8783548474311829,0.6961538195610046,0.6033333539962769,0.9012469053268433,0.2758684754371643
48,1,tanh,rmsprop,0.0003,0.1,0.001,1273,COMPLETED,0.8783538937568665,0.6952381134033203,0.4866666793823242,0.8912718296051025,0.29769203066825867
192,1,elu,adam,0.001,0.0,1e-06,1556,COMPLETED,0.8783372640609741,0.7375565767288208,0.5433333516120911,0.9027431607246399,0.28855910897254944
160,1,elu,adam,0.001,0.0,0.0001,0861,COMPLETED,0.8783352971076965,0.7297297120094299,0.5400000214576721,0.9012469053268433,0.292099267244339
256,2,tanh,adam,0.001,0.0,0.0,0981,COMPLETED,0.878333330154419,0.7149758338928223,0.4933333396911621,0.8947631120681763,0.28097349405288696
160,1,relu,rmsprop,0.001,0.0,1e-06,1002,COMPLETED,0.8783235549926758,0.7129629850387573,0.5133333206176758,0.8962593674659729,0.27349793910980225
224,1,elu,rmsprop,0.003,0.2,0.001,1554,COMPLETED,0.8783128261566162,0.7165775299072266,0.4466666579246521,0.8907730579376221,0.2955280840396881
48,1,elu,adam,0.0003,0.0,1e-06,0865,COMPLETED,0.8783029913902283,0.7419354915618896,0.5366666913032532,0.9027431607246399,0.2803187668323517
192,1,elu,rmsprop,0.001,0.1,0.0001,1594,COMPLETED,0.8783000707626343,0.7285714149475098,0.5099999904632568,0.8982543349266052,0.29770782589912415
48,2,relu,rmsprop,0.01,0.2,0.0001,0546,COMPLETED,0.8782932758331299,0.75,0.3499999940395355,0.885286808013916,0.3146631121635437
224,1,relu,rmsprop,0.003,0.2,0.0,1507,COMPLETED,0.8782835006713867,0.7233009934425354,0.49666666984558105,0.8962593674659729,0.2750491499900818
160,4,relu,adam,0.001,0.2,0.001,0650,COMPLETED,0.8782776594161987,0.7056451439857483,0.5833333134651184,0.9012469053268433,0.29880577325820923
80,3,relu,rmsprop,0.01,0.1,1e-05,1162,COMPLETED,0.8782628774642944,0.8316831588745117,0.2800000011920929,0.8837905526161194,0.35336068272590637
240,3,elu,adam,0.0003,0.0,0.001,0300,COMPLETED,0.8782619833946228,0.7136563658714294,0.5400000214576721,0.8987531065940857,0.31842225790023804
64,2,tanh,rmsprop,0.001,0.30000000000000004,0.0,1400,COMPLETED,0.8782579898834229,0.710659921169281,0.46666666865348816,0.891770601272583,0.27582257986068726
144,3,elu,rmsprop,0.0003,0.30000000000000004,0.0,1227,COMPLETED,0.8782570362091064,0.6946902871131897,0.5233333110809326,0.8942643404006958,0.2719966173171997
112,2,relu,rmsprop,0.003,0.4,0.0,0333,COMPLETED,0.8782532215118408,0.7867646813392639,0.3566666543483734,0.8892768025398254,0.2814745306968689
48,3,tanh,adam,0.003,0.1,0.0,1923,COMPLETED,0.8782346248626709,0.7211538553237915,0.5,0.8962593674659729,0.27365541458129883
16,2,elu,rmsprop,0.003,0.2,0.0001,1098,COMPLETED,0.8782316446304321,0.7486910820007324,0.476666659116745,0.8977556228637695,0.2880614697933197
240,1,tanh,rmsprop,0.0003,0.2,1e-06,0421,COMPLETED,0.8782209157943726,0.7023255825042725,0.503333330154419,0.8937655687332153,0.27401870489120483
240,1,elu,adam,0.003,0.1,0.0001,1684,COMPLETED,0.878210186958313,0.747474730014801,0.4933333396911621,0.8992518782615662,0.2991812229156494
112,4,relu,rmsprop,0.01,0.0,0.001,0256,COMPLETED,0.878203272819519,0.7615384459495544,0.33000001311302185,0.8842892646789551,0.30329862236976624
112,3,elu,adam,0.001,0.2,0.0001,0106,COMPLETED,0.8781925439834595,0.7327188849449158,0.5299999713897705,0.9007481336593628,0.29744794964790344
64,4,elu,adam,0.003,0.4,0.0,0207,COMPLETED,0.8781827688217163,0.737864077091217,0.5066666603088379,0.8992518782615662,0.27832502126693726
32,4,elu,adam,0.001,0.30000000000000004,1e-05,1480,COMPLETED,0.8781768679618835,0.6926229596138,0.5633333325386047,0.8972568511962891,0.27447065711021423
192,1,relu,rmsprop,0.003,0.4,0.0,0910,COMPLETED,0.8781730532646179,0.7346938848495483,0.47999998927116394,0.8962593674659729,0.27621692419052124
48,1,relu,rmsprop,0.0003,0.0,0.001,0667,COMPLETED,0.8781729936599731,0.7155555486679077,0.5366666913032532,0.8987531065940857,0.3089900314807892
16,1,tanh,adam,0.001,0.30000000000000004,0.0001,0393,COMPLETED,0.8781613111495972,0.7317073345184326,0.5,0.8977556228637695,0.27592650055885315
80,4,elu,adam,0.0003,0.4,1e-05,0700,COMPLETED,0.8781564235687256,0.6753731369972229,0.6033333539962769,0.8972568511962891,0.274861216545105
256,3,elu,adam,0.001,0.1,0.001,1959,COMPLETED,0.8781554698944092,0.72052401304245,0.550000011920929,0.9007481336593628,0.29017743468284607
192,2,relu,rmsprop,0.003,0.0,0.0001,0394,COMPLETED,0.8781338930130005,0.7401130199432373,0.43666666746139526,0.8927680850028992,0.3099386990070343
64,3,relu,rmsprop,0.0003,0.4,0.0001,1755,COMPLETED,0.8781300187110901,0.7004608511924744,0.5066666603088379,0.8937655687332153,0.2988279163837433
256,2,elu,adam,0.001,0.2,1e-05,1623,COMPLETED,0.8781260848045349,0.7323943376541138,0.5199999809265137,0.8997506499290466,0.2793967127799988
240,2,tanh,adam,0.0003,0.1,1e-05,1583,COMPLETED,0.8781231641769409,0.7314814925193787,0.5266666412353516,0.9002493619918823,0.2842150032520294
32,2,tanh,adam,0.001,0.1,1e-05,0023,COMPLETED,0.8780958652496338,0.7281106114387512,0.5266666412353516,0.8997506499290466,0.2748643159866333
176,3,elu,adam,0.001,0.30000000000000004,0.0,0311,COMPLETED,0.8780909180641174,0.7112069129943848,0.550000011920929,0.8992518782615662,0.27172306180000305
240,1,relu,rmsprop,0.0003,0.2,1e-05,0767,COMPLETED,0.8780869245529175,0.692307710647583,0.5400000214576721,0.895261824131012,0.2855161428451538
48,3,tanh,adam,0.01,0.4,1e-05,1338,COMPLETED,0.8780811429023743,0.7421383857727051,0.3933333456516266,0.888778030872345,0.29297614097595215
112,3,tanh,rmsprop,0.01,0.4,0.0,0166,COMPLETED,0.8780499696731567,0.6858407258987427,0.5166666507720947,0.8922693133354187,0.28059256076812744
208,1,elu,rmsprop,0.003,0.1,0.0001,1020,COMPLETED,0.8780322074890137,0.7225130796432495,0.46000000834465027,0.8927680850028992,0.2985166311264038
80,1,relu,rmsprop,0.001,0.4,1e-06,0602,COMPLETED,0.8780205249786377,0.708695650100708,0.5433333516120911,0.8982543349266052,0.2779255211353302
32,3,relu,adam,0.01,0.4,0.0,0837,COMPLETED,0.8780176639556885,0.6932772994041443,0.550000011920929,0.8962593674659729,0.2855081856250763
224,4,relu,adam,0.001,0.30000000000000004,0.0,0855,COMPLETED,0.8780155777931213,0.6962025165557861,0.550000011920929,0.8967580795288086,0.2869434654712677
32,3,elu,rmsprop,0.001,0.1,0.001,1649,COMPLETED,0.878005862236023,0.7179487347602844,0.46666666865348816,0.8927680850028992,0.29618245363235474
16,1,tanh,adam,0.001,0.30000000000000004,0.0,0242,COMPLETED,0.8780009746551514,0.7170731425285339,0.49000000953674316,0.8947631120681763,0.2708733379840851
160,3,tanh,rmsprop,0.0003,0.1,1e-06,1150,COMPLETED,0.8779980540275574,0.7471910119056702,0.44333332777023315,0.8942643404006958,0.2757999897003174
224,1,relu,rmsprop,0.001,0.2,0.001,0572,COMPLETED,0.8779921531677246,0.7201834917068481,0.5233333110809326,0.8982543349266052,0.31935223937034607
16,2,elu,rmsprop,0.0003,0.1,0.0,1902,COMPLETED,0.8779911994934082,0.7336448431015015,0.5233333110809326,0.9002493619918823,0.27560415863990784
16,1,elu,rmsprop,0.001,0.2,0.0,1354,COMPLETED,0.8779844045639038,0.699999988079071,0.5133333206176758,0.8942643404006958,0.28201931715011597
176,3,elu,rmsprop,0.01,0.0,0.0001,1508,COMPLETED,0.8779804706573486,0.7535211443901062,0.3566666543483734,0.8862842917442322,0.31124138832092285
224,2,relu,rmsprop,0.001,0.4,0.0,0920,COMPLETED,0.8779746294021606,0.7365591526031494,0.4566666781902313,0.8942643404006958,0.27594614028930664
16,4,tanh,rmsprop,0.01,0.0,1e-05,0110,COMPLETED,0.8779746294021606,0.7676056623458862,0.3633333444595337,0.8882793188095093,0.2847523093223572
16,3,tanh,adam,0.01,0.30000000000000004,0.0,0090,COMPLETED,0.8779745697975159,0.6787330508232117,0.5,0.8897755742073059,0.27767983078956604
64,3,relu,rmsprop,0.0003,0.30000000000000004,0.001,1076,COMPLETED,0.8779706954956055,0.7196261882781982,0.5133333206176758,0.8972568511962891,0.31979605555534363
256,2,relu,rmsprop,0.001,0.0,1e-05,1699,COMPLETED,0.8779696822166443,0.745945930480957,0.46000000834465027,0.8957605957984924,0.2804345190525055
48,3,tanh,adam,0.001,0.1,0.0,1766,COMPLETED,0.8779648542404175,0.7018348574638367,0.5099999904632568,0.8942643404006958,0.27360647916793823
192,3,tanh,rmsprop,0.001,0.1,0.001,0871,COMPLETED,0.8779618740081787,0.71875,0.46000000834465027,0.8922693133354187,0.2946412265300751
192,3,relu,rmsprop,0.0003,0.4,0.001,1995,COMPLETED,0.8779618740081787,0.695652186870575,0.47999998927116394,0.8907730579376221,0.40430203080177307
176,3,tanh,adam,0.0003,0.0,0.0001,1455,COMPLETED,0.8779609203338623,0.7230046987533569,0.5133333206176758,0.8977556228637695,0.3217094838619232
256,4,relu,rmsprop,0.001,0.1,0.0001,0199,COMPLETED,0.8779462575912476,0.7317073345184326,0.5,0.8977556228637695,0.33108413219451904
192,4,tanh,rmsprop,0.0003,0.0,1e-05,1373,COMPLETED,0.8779433369636536,0.7340425252914429,0.46000000834465027,0.8942643404006958,0.28168606758117676
48,1,elu,adam,0.001,0.2,0.001,1211,COMPLETED,0.8779403567314148,0.720588207244873,0.49000000953674316,0.895261824131012,0.2886469066143036
160,2,tanh,adam,0.0003,0.30000000000000004,0.0,0916,COMPLETED,0.8779324889183044,0.7190476059913635,0.503333330154419,0.8962593674659729,0.27705222368240356
112,1,relu,adam,0.003,0.2,0.001,1382,COMPLETED,0.8779286742210388,0.7373272180557251,0.5333333611488342,0.901745617389679,0.2986695170402527
224,1,elu,adam,0.001,0.1,0.001,1971,COMPLETED,0.8779237270355225,0.7333333492279053,0.550000011920929,0.9027431607246399,0.28709128499031067
112,2,tanh,adam,0.0003,0.30000000000000004,1e-05,0398,COMPLETED,0.8779218196868896,0.7216981053352356,0.5099999904632568,0.8972568511962891,0.27903294563293457
176,3,tanh,rmsprop,0.003,0.4,1e-06,1014,COMPLETED,0.8779198527336121,0.7081339955329895,0.4933333396911621,0.8937655687332153,0.275760293006897
256,2,relu,adam,0.001,0.1,0.0,1443,COMPLETED,0.8779188990592957,0.7136752009391785,0.5566666722297668,0.9002493619918823,0.27748870849609375
128,2,relu,adam,0.001,0.1,0.001,0611,COMPLETED,0.8779178857803345,0.7397260069847107,0.5400000214576721,0.9027431607246399,0.31170377135276794
144,1,elu,rmsprop,0.001,0.2,0.0001,0858,COMPLETED,0.8779062032699585,0.7177033424377441,0.5,0.8957605957984924,0.2954387962818146
80,4,relu,adam,0.001,0.1,0.0,0233,COMPLETED,0.8778983354568481,0.7078189253807068,0.5733333230018616,0.9007481336593628,0.27824127674102783
96,4,relu,rmsprop,0.001,0.0,0.0001,0884,COMPLETED,0.8778904676437378,0.7303921580314636,0.49666666984558105,0.8972568511962891,0.3055110275745392
64,1,tanh,adam,0.01,0.30000000000000004,1e-05,0105,COMPLETED,0.877888560295105,0.7579618096351624,0.39666667580604553,0.8907730579376221,0.28337395191192627
160,3,elu,adam,0.0003,0.1,1e-05,1884,COMPLETED,0.8778846263885498,0.7354260087013245,0.54666668176651,0.9027431607246399,0.27831384539604187
112,4,elu,rmsprop,0.01,0.0,0.001,1203,COMPLETED,0.8778836727142334,0.7611940503120422,0.3400000035762787,0.885286808013916,0.312298446893692
208,2,relu,adam,0.0003,0.0,1e-05,1526,COMPLETED,0.8778817653656006,0.7154471278190613,0.5866666436195374,0.9032418727874756,0.2834223210811615
192,3,relu,adam,0.01,0.30000000000000004,0.0,1679,COMPLETED,0.8778797388076782,0.8374999761581421,0.22333332896232605,0.8773067593574524,0.2978152632713318
256,1,elu,adam,0.001,0.1,0.001,1148,COMPLETED,0.8778572678565979,0.7383177280426025,0.5266666412353516,0.9012469053268433,0.2872830629348755
112,2,tanh,adam,0.003,0.30000000000000004,1e-05,1851,COMPLETED,0.8778543472290039,0.7405405640602112,0.4566666781902313,0.8947631120681763,0.27620017528533936
192,2,relu,adam,0.001,0.30000000000000004,0.001,1383,COMPLETED,0.8778533935546875,0.7272727489471436,0.5600000023841858,0.9027431607246399,0.30810463428497314
112,2,relu,rmsprop,0.001,0.30000000000000004,0.001,0899,COMPLETED,0.8778416514396667,0.7360405921936035,0.4833333194255829,0.8967580795288086,0.32168149948120117
32,1,elu,rmsprop,0.003,0.0,0.0,1411,COMPLETED,0.8778387308120728,0.7188940048217773,0.5199999809265137,0.8977556228637695,0.2736112177371979
208,2,relu,rmsprop,0.003,0.0,0.0001,1308,COMPLETED,0.87783282995224,0.728205144405365,0.47333332896232605,0.8947631120681763,0.33867010474205017
112,2,tanh,rmsprop,0.01,0.4,1e-06,1298,COMPLETED,0.8778191804885864,0.7281553149223328,0.5,0.8972568511962891,0.27877041697502136
176,3,elu,adam,0.003,0.30000000000000004,0.0,1048,COMPLETED,0.8778113126754761,0.7236180901527405,0.47999998927116394,0.8947631120681763,0.3392954170703888
112,1,relu,rmsprop,0.0003,0.0,1e-05,0186,COMPLETED,0.8778064250946045,0.692307710647583,0.5400000214576721,0.895261824131012,0.28029051423072815
192,3,relu,adam,0.003,0.30000000000000004,1e-05,0860,COMPLETED,0.8778035044670105,0.7450000047683716,0.49666666984558105,0.8992518782615662,0.3043772280216217
128,1,relu,rmsprop,0.003,0.1,0.0001,0020,COMPLETED,0.8777986764907837,0.7463414669036865,0.5099999904632568,0.9007481336593628,0.30020081996917725
208,1,relu,rmsprop,0.0003,0.2,1e-05,1395,COMPLETED,0.8777946829795837,0.6883116960525513,0.5299999713897705,0.8937655687332153,0.28402602672576904
80,3,tanh,adam,0.0003,0.30000000000000004,1e-06,0071,COMPLETED,0.8777810335159302,0.6932772994041443,0.550000011920929,0.8962593674659729,0.2784368395805359
144,4,tanh,rmsprop,0.001,0.30000000000000004,0.0001,1993,COMPLETED,0.8777751922607422,0.7098445892333984,0.4566666781902313,0.8907730579376221,0.3201660215854645
112,2,elu,rmsprop,0.001,0.0,1e-05,1937,COMPLETED,0.8777742385864258,0.75,0.4399999976158142,0.8942643404006958,0.280221551656723
224,1,tanh,adam,0.0003,0.1,0.001,0801,COMPLETED,0.8777692914009094,0.71100914478302,0.5166666507720947,0.8962593674659729,0.2994249165058136
256,1,tanh,adam,0.003,0.0,0.0001,0536,COMPLETED,0.877765417098999,0.7512953281402588,0.4833333194255829,0.8987531065940857,0.2956204414367676
48,1,elu,rmsprop,0.0003,0.0,0.0001,1178,COMPLETED,0.8777643442153931,0.6977777481079102,0.5233333110809326,0.8947631120681763,0.29036685824394226
176,1,elu,adam,0.003,0.30000000000000004,0.0001,1748,COMPLETED,0.8777605295181274,0.7373737096786499,0.4866666793823242,0.8972568511962891,0.2940892279148102
64,4,tanh,rmsprop,0.0003,0.30000000000000004,1e-06,0452,COMPLETED,0.8777585625648499,0.6574802994728088,0.5566666722297668,0.8902742862701416,0.2813401520252228
96,4,relu,rmsprop,0.003,0.4,0.0001,0614,COMPLETED,0.8777565956115723,0.7272727489471436,0.5066666603088379,0.8977556228637695,0.33792534470558167
32,2,relu,rmsprop,0.001,0.1,0.0001,1550,COMPLETED,0.8777477741241455,0.7095237970352173,0.49666666984558105,0.8942643404006958,0.293072372674942
256,1,tanh,adam,0.003,0.30000000000000004,1e-06,1309,COMPLETED,0.8777458667755127,0.7314814925193787,0.5266666412353516,0.9002493619918823,0.27845919132232666
176,1,relu,rmsprop,0.0003,0.4,1e-06,0729,COMPLETED,0.8777438998222351,0.701298713684082,0.5400000214576721,0.8967580795288086,0.27955782413482666
192,3,elu,adam,0.001,0.4,1e-06,0321,COMPLETED,0.8777428865432739,0.7179487347602844,0.5600000023841858,0.9012469053268433,0.2730253338813782
32,1,relu,rmsprop,0.001,0.2,1e-06,0130,COMPLETED,0.8777263164520264,0.7136363387107849,0.5233333110809326,0.8972568511962891,0.28436732292175293
48,3,tanh,rmsprop,0.003,0.30000000000000004,0.0001,1981,COMPLETED,0.8777253031730652,0.7104072570800781,0.5233333110809326,0.8967580795288086,0.2895559072494507
112,4,relu,adam,0.001,0.1,0.0001,1829,COMPLETED,0.8777135610580444,0.694915235042572,0.54666668176651,0.8962593674659729,0.3042212724685669
192,4,relu,rmsprop,0.0003,0.2,1e-05,1952,COMPLETED,0.877712607383728,0.7320573925971985,0.5099999904632568,0.8987531065940857,0.2836909890174866
240,1,tanh,adam,0.0003,0.4,0.0,0870,COMPLETED,0.8777086734771729,0.7142857313156128,0.5,0.895261824131012,0.2767258882522583
256,2,elu,adam,0.01,0.0,1e-05,0183,COMPLETED,0.8777077794075012,0.7701863646507263,0.41333332657814026,0.8937655687332153,0.3345302939414978
64,3,elu,rmsprop,0.0003,0.4,1e-05,0624,COMPLETED,0.8776940107345581,0.6946902871131897,0.5233333110809326,0.8942643404006958,0.2794627547264099
96,3,relu,adam,0.003,0.1,1e-06,1479,COMPLETED,0.8776891827583313,0.7029288411140442,0.5600000023841858,0.8987531065940857,0.28077128529548645
112,4,tanh,adam,0.003,0.0,0.0001,0500,COMPLETED,0.8776872158050537,0.6820083856582642,0.5433333516120911,0.8937655687332153,0.30726689100265503
112,1,relu,adam,0.01,0.4,0.0001,1800,COMPLETED,0.8776872158050537,0.7305389046669006,0.40666666626930237,0.888778030872345,0.30562758445739746
128,4,elu,adam,0.001,0.1,1e-06,1157,COMPLETED,0.8776656985282898,0.7174887657165527,0.5333333611488342,0.8987531065940857,0.27865082025527954
48,2,relu,rmsprop,0.001,0.1,0.001,0187,COMPLETED,0.8776627779006958,0.7346938848495483,0.47999998927116394,0.8962593674659729,0.3105117380619049
80,3,relu,adam,0.0003,0.2,1e-05,0550,COMPLETED,0.8776608109474182,0.7046413421630859,0.5566666722297668,0.8987531065940857,0.2819770872592926
224,3,elu,rmsprop,0.01,0.0,0.001,1587,COMPLETED,0.8776608109474182,0.7337278127670288,0.41333332657814026,0.8897755742073059,0.3065173029899597
176,3,tanh,adam,0.003,0.30000000000000004,1e-05,1272,COMPLETED,0.8776588439941406,0.7515151500701904,0.41333332657814026,0.891770601272583,0.2871054708957672
144,4,elu,adam,0.001,0.4,1e-06,0850,COMPLETED,0.8776578903198242,0.6932271122932434,0.5799999833106995,0.8987531065940857,0.27167725563049316
16,2,tanh,rmsprop,0.01,0.0,0.0,0051,COMPLETED,0.8776558637619019,0.7129186391830444,0.49666666984558105,0.8947631120681763,0.27329352498054504
192,1,relu,rmsprop,0.001,0.30000000000000004,1e-05,1089,COMPLETED,0.8776490688323975,0.7155555486679077,0.5366666913032532,0.8987531065940857,0.279649943113327
224,4,relu,rmsprop,0.001,0.0,1e-06,1832,COMPLETED,0.8776471614837646,0.7514124512672424,0.44333332777023315,0.8947631120681763,0.2781943380832672
192,4,relu,rmsprop,0.001,0.4,0.0001,1702,COMPLETED,0.8776471018791199,0.7309644818305969,0.47999998927116394,0.8957605957984924,0.33146172761917114
144,3,tanh,adam,0.003,0.2,1e-06,1983,COMPLETED,0.8776470422744751,0.75,0.44999998807907104,0.895261824131012,0.27453678846359253
112,4,relu,adam,0.003,0.30000000000000004,0.0,1301,COMPLETED,0.8776187896728516,0.7382199168205261,0.4699999988079071,0.8957605957984924,0.28425726294517517
160,4,tanh,rmsprop,0.003,0.0,0.001,0126,COMPLETED,0.8776148557662964,0.7290640473365784,0.4933333396911621,0.8967580795288086,0.30220046639442444
176,1,elu,rmsprop,0.001,0.30000000000000004,0.0001,0426,COMPLETED,0.877608060836792,0.7163461446762085,0.49666666984558105,0.895261824131012,0.2957759201526642
192,3,elu,rmsprop,0.001,0.1,0.001,1889,COMPLETED,0.8776060342788696,0.7252747416496277,0.4399999976158142,0.8912718296051025,0.29592010378837585
48,2,relu,rmsprop,0.0003,0.4,0.001,1552,COMPLETED,0.8776012063026428,0.7169811129570007,0.5066666603088379,0.8962593674659729,0.3197373151779175
112,4,relu,adam,0.003,0.2,1e-05,0104,COMPLETED,0.8775953054428101,0.7368420958518982,0.5133333206176758,0.8997506499290466,0.29116934537887573
32,2,relu,rmsprop,0.003,0.30000000000000004,1e-05,0429,COMPLETED,0.8775913715362549,0.75,0.4099999964237213,0.8912718296051025,0.28357136249542236
144,2,tanh,adam,0.001,0.1,0.001,0354,COMPLETED,0.8775796890258789,0.7272727489471436,0.5333333611488342,0.9002493619918823,0.2903151214122772
112,4,elu,adam,0.001,0.30000000000000004,1e-05,0697,COMPLETED,0.8775631189346313,0.7201834917068481,0.5233333110809326,0.8982543349266052,0.2774030566215515
176,3,relu,adam,0.003,0.2,1e-06,0800,COMPLETED,0.8775629997253418,0.7323943376541138,0.5199999809265137,0.8997506499290466,0.28938934206962585
176,1,relu,rmsprop,0.003,0.1,0.0,1561,COMPLETED,0.8775582313537598,0.7317073345184326,0.5,0.8977556228637695,0.2747267484664917
240,3,elu,adam,0.0003,0.1,0.0001,0059,COMPLETED,0.8775424957275391,0.7375565767288208,0.5433333516120911,0.9027431607246399,0.33004799485206604
208,4,relu,rmsprop,0.001,0.2,1e-06,0852,COMPLETED,0.8775249123573303,0.7473683953285217,0.47333332896232605,0.8972568511962891,0.28140050172805786
16,2,elu,rmsprop,0.001,0.30000000000000004,1e-06,0923,COMPLETED,0.8775004744529724,0.6909871101379395,0.5366666913032532,0.8947631120681763,0.27545076608657837
112,2,relu,adam,0.003,0.4,1e-06,1375,COMPLETED,0.8774995803833008,0.770588219165802,0.43666666746139526,0.8962593674659729,0.27997294068336487
256,2,tanh,adam,0.003,0.30000000000000004,1e-06,0319,COMPLETED,0.8774985671043396,0.7434554696083069,0.47333332896232605,0.8967580795288086,0.27872133255004883
112,3,relu,rmsprop,0.001,0.1,0.001,1685,COMPLETED,0.8774877786636353,0.7395833134651184,0.47333332896232605,0.8962593674659729,0.31255486607551575
128,1,elu,rmsprop,0.0003,0.2,1e-05,0155,COMPLETED,0.8774789571762085,0.699999988079071,0.5133333206176758,0.8942643404006958,0.2836855351924896
32,1,relu,rmsprop,0.003,0.1,1e-05,0889,COMPLETED,0.8774672746658325,0.7285714149475098,0.5099999904632568,0.8982543349266052,0.27985405921936035
160,2,relu,adam,0.003,0.4,1e-05,0730,COMPLETED,0.8774662613868713,0.7309644818305969,0.47999998927116394,0.8957605957984924,0.2837676703929901
144,1,tanh,adam,0.003,0.0,1e-05,1407,COMPLETED,0.8774574995040894,0.7345971465110779,0.5166666507720947,0.8997506499290466,0.2872001826763153
16,4,relu,rmsprop,0.003,0.1,0.0001,1437,COMPLETED,0.8774545192718506,0.7174887657165527,0.5333333611488342,0.8987531065940857,0.292959988117218
256,3,elu,adam,0.001,0.2,0.001,1290,COMPLETED,0.877446711063385,0.7570621371269226,0.4466666579246521,0.8957605957984924,0.29390978813171387
240,4,relu,rmsprop,0.001,0.0,1e-05,0969,COMPLETED,0.8774456977844238,0.7670454382896423,0.44999998807907104,0.8972568511962891,0.28892678022384644
32,3,tanh,adam,0.0003,0.2,0.0001,0026,COMPLETED,0.877443790435791,0.6976743936538696,0.5,0.8927680850028992,0.2829543948173523
144,1,relu,rmsprop,0.003,0.2,0.0,1536,COMPLETED,0.8774368762969971,0.7209302186965942,0.5166666507720947,0.8977556228637695,0.2755092978477478
192,1,relu,adam,0.003,0.0,0.0,0190,COMPLETED,0.8774282336235046,0.7136752009391785,0.5566666722297668,0.9002493619918823,0.2806324064731598
112,3,relu,adam,0.01,0.2,1e-06,1740,COMPLETED,0.8774271607398987,0.7852349281311035,0.38999998569488525,0.8927680850028992,0.2937467396259308
96,1,relu,adam,0.003,0.4,0.001,1733,COMPLETED,0.8774261474609375,0.7401960492134094,0.503333330154419,0.8992518782615662,0.3071114420890808
96,2,elu,adam,0.01,0.2,1e-05,0772,COMPLETED,0.8774232864379883,0.8190476298332214,0.2866666615009308,0.8837905526161194,0.3327001631259918
160,2,tanh,rmsprop,0.0003,0.0,1e-05,1994,COMPLETED,0.8774223327636719,0.7357512712478638,0.47333332896232605,0.8957605957984924,0.27689191699028015
192,3,elu,rmsprop,0.0003,0.1,0.0,1321,COMPLETED,0.8774173855781555,0.7400000095367432,0.4933333396911621,0.8982543349266052,0.2716905474662781
256,2,relu,rmsprop,0.001,0.4,0.0,0079,COMPLETED,0.8774164915084839,0.7382199168205261,0.4699999988079071,0.8957605957984924,0.27759307622909546
160,3,relu,rmsprop,0.003,0.30000000000000004,0.0001,1793,COMPLETED,0.8774164319038391,0.7577639818191528,0.40666666626930237,0.891770601272583,0.3257916569709778
128,3,relu,adam,0.001,0.0,0.001,0158,COMPLETED,0.8774116039276123,0.7217391133308411,0.5533333420753479,0.9012469053268433,0.30647021532058716
48,4,relu,rmsprop,0.0003,0.4,0.001,0566,COMPLETED,0.8774017691612244,0.7037037014961243,0.5699999928474426,0.8997506499290466,0.33053237199783325
144,2,elu,rmsprop,0.001,0.2,1e-05,1092,COMPLETED,0.8773988485336304,0.7460317611694336,0.4699999988079071,0.8967580795288086,0.27926817536354065
16,3,elu,rmsprop,0.01,0.4,0.0001,0349,COMPLETED,0.8773988485336304,0.7058823704719543,0.47999998927116394,0.8922693133354187,0.30761799216270447
128,4,relu,rmsprop,0.001,0.0,0.0001,1595,COMPLETED,0.8773870468139648,0.7384615540504456,0.47999998927116394,0.8967580795288086,0.3168570101261139
192,1,elu,rmsprop,0.003,0.0,0.001,0453,COMPLETED,0.8773821592330933,0.7031963467597961,0.5133333206176758,0.8947631120681763,0.3015011250972748
240,3,elu,adam,0.0003,0.0,1e-05,0877,COMPLETED,0.8773743510246277,0.7407407164573669,0.5333333611488342,0.9022443890571594,0.2833404839038849
64,1,tanh,adam,0.01,0.30000000000000004,0.0,1441,COMPLETED,0.8773665428161621,0.7341040372848511,0.4233333468437195,0.8907730579376221,0.27763640880584717
80,1,elu,rmsprop,0.0003,0.2,1e-05,1576,COMPLETED,0.8773577213287354,0.6982758641242981,0.5400000214576721,0.8962593674659729,0.2813214659690857
208,4,tanh,rmsprop,0.003,0.30000000000000004,0.0001,0781,COMPLETED,0.8773528933525085,0.7050691246986389,0.5099999904632568,0.8947631120681763,0.3090493381023407
112,3,tanh,adam,0.01,0.30000000000000004,1e-06,1012,COMPLETED,0.8773471117019653,0.71875,0.38333332538604736,0.885286808013916,0.2847137451171875
16,4,relu,adam,0.001,0.1,0.0001,1197,COMPLETED,0.877345085144043,0.6983470916748047,0.5633333325386047,0.8982543349266052,0.2851952314376831
160,2,relu,rmsprop,0.001,0.4,0.001,0015,COMPLETED,0.8773255348205566,0.738916277885437,0.5,0.8987531065940857,0.32642391324043274
256,1,elu,rmsprop,0.0003,0.0,0.0001,1605,COMPLETED,0.877323567867279,0.698630154132843,0.5099999904632568,0.8937655687332153,0.2968903183937073
128,3,tanh,adam,0.0003,0.1,0.001,0893,COMPLETED,0.8773196935653687,0.7286432385444641,0.4833333194255829,0.8957605957984924,0.31822311878204346
32,2,tanh,rmsprop,0.01,0.4,0.0,0960,COMPLETED,0.8773186802864075,0.7038626670837402,0.54666668176651,0.8977556228637695,0.27277955412864685
144,2,relu,rmsprop,0.003,0.4,1e-06,0749,COMPLETED,0.8773078918457031,0.7890625,0.33666667342185974,0.8872817754745483,0.28586485981941223
144,3,relu,adam,0.01,0.4,0.0,0439,COMPLETED,0.8773040175437927,0.8421052694320679,0.1599999964237213,0.8698254227638245,0.30186277627944946
48,3,relu,rmsprop,0.003,0.30000000000000004,1e-06,0674,COMPLETED,0.8772941827774048,0.7388888597488403,0.44333332777023315,0.8932668566703796,0.27976515889167786
128,1,relu,rmsprop,0.0003,0.2,1e-06,1459,COMPLETED,0.8772913217544556,0.6906779408454895,0.5433333516120911,0.895261824131012,0.28690120577812195
256,4,relu,rmsprop,0.0003,0.0,1e-06,1233,COMPLETED,0.877286434173584,0.7395833134651184,0.47333332896232605,0.8962593674659729,0.2764865458011627
240,4,tanh,adam,0.001,0.2,0.0001,1618,COMPLETED,0.877286434173584,0.7177033424377441,0.5,0.8957605957984924,0.34179481863975525
224,3,relu,rmsprop,0.001,0.4,0.0,0608,COMPLETED,0.87728351354599,0.7569060921669006,0.4566666781902313,0.8967580795288086,0.27883684635162354
80,2,relu,rmsprop,0.001,0.0,0.001,0413,COMPLETED,0.8772697448730469,0.7162162065505981,0.5299999713897705,0.8982543349266052,0.33558326959609985
160,1,elu,adam,0.003,0.2,0.0,0651,COMPLETED,0.8772658109664917,0.7260273694992065,0.5299999713897705,0.8997506499290466,0.29915326833724976
192,3,elu,adam,0.0003,0.1,0.001,0412,COMPLETED,0.8772639632225037,0.7511961460113525,0.5233333110809326,0.9027431607246399,0.33802467584609985
256,2,elu,adam,0.001,0.30000000000000004,1e-06,1132,COMPLETED,0.8772580623626709,0.7309417128562927,0.5433333516120911,0.901745617389679,0.2758239507675171
128,2,elu,rmsprop,0.001,0.2,1e-05,0753,COMPLETED,0.8772560954093933,0.75,0.41999998688697815,0.8922693133354187,0.280889630317688
192,2,relu,adam,0.003,0.2,0.001,1840,COMPLETED,0.8772492408752441,0.7222222089767456,0.5633333325386047,0.9022443890571594,0.297010213136673
176,4,elu,rmsprop,0.0003,0.4,1e-05,1489,COMPLETED,0.8772473335266113,0.6987447738647461,0.5566666722297668,0.8977556228637695,0.27869105339050293
80,1,tanh,adam,0.003,0.2,0.001,0428,COMPLETED,0.877245306968689,0.7239819169044495,0.5333333611488342,0.8997506499290466,0.28836435079574585
16,3,tanh,adam,0.001,0.0,0.0001,1283,COMPLETED,0.8772355318069458,0.7239819169044495,0.5333333611488342,0.8997506499290466,0.2754637897014618
64,4,relu,rmsprop,0.001,0.2,0.0001,1524,COMPLETED,0.8772296905517578,0.7163461446762085,0.49666666984558105,0.895261824131012,0.3003942370414734
64,3,relu,adam,0.01,0.0,0.0001,1190,COMPLETED,0.8772170543670654,0.7033898234367371,0.5533333420753479,0.8982543349266052,0.29664725065231323
64,3,tanh,rmsprop,0.001,0.4,1e-05,1865,COMPLETED,0.8772013783454895,0.6905829310417175,0.5133333206176758,0.8927680850028992,0.2801051139831543
16,1,relu,rmsprop,0.003,0.4,0.0,0990,COMPLETED,0.8771886825561523,0.7336956262588501,0.44999998807907104,0.8932668566703796,0.2772447466850281
240,4,relu,rmsprop,0.001,0.30000000000000004,1e-06,0991,COMPLETED,0.8771700859069824,0.7225130796432495,0.46000000834465027,0.8927680850028992,0.28547361493110657
176,2,tanh,adam,0.001,0.2,1e-05,0424,COMPLETED,0.877169132232666,0.7268292903900146,0.49666666984558105,0.8967580795288086,0.28130820393562317
160,4,relu,adam,0.0003,0.0,0.0,0103,COMPLETED,0.8771651983261108,0.7028112411499023,0.5833333134651184,0.9007481336593628,0.2782133221626282
192,3,relu,rmsprop,0.0003,0.1,0.0001,1972,COMPLETED,0.8771651983261108,0.7272727489471436,0.5066666603088379,0.8977556228637695,0.32166752219200134
144,2,tanh,adam,0.0003,0.1,1e-06,1890,COMPLETED,0.8771651983261108,0.7230046987533569,0.5133333206176758,0.8977556228637695,0.2756766080856323
16,1,tanh,adam,0.01,0.2,0.0,0947,COMPLETED,0.8771563768386841,0.7033492922782898,0.49000000953674316,0.8927680850028992,0.2776949405670166
160,3,relu,adam,0.001,0.1,0.0,1611,COMPLETED,0.8771554231643677,0.687747061252594,0.5799999833106995,0.8977556228637695,0.2794569134712219
144,3,tanh,rmsprop,0.01,0.4,0.0,1548,COMPLETED,0.8771466612815857,0.7696969509124756,0.4233333468437195,0.8947631120681763,0.272489994764328
144,4,elu,adam,0.001,0.1,0.001,1228,COMPLETED,0.8771446347236633,0.7400000095367432,0.4933333396911621,0.8982543349266052,0.2912178337574005
48,3,relu,rmsprop,0.003,0.30000000000000004,0.0,0765,COMPLETED,0.8771387338638306,0.8196721076965332,0.3333333432674408,0.8892768025398254,0.2799849808216095
176,1,relu,rmsprop,0.003,0.30000000000000004,1e-05,0236,COMPLETED,0.8771231770515442,0.7330096960067749,0.503333330154419,0.8982543349266052,0.2811508774757385
192,3,elu,rmsprop,0.003,0.30000000000000004,0.0001,0273,COMPLETED,0.8771182894706726,0.8086956739425659,0.3100000023841858,0.8857855200767517,0.3200739026069641
224,4,elu,rmsprop,0.0003,0.2,0.0,0613,COMPLETED,0.877116322517395,0.7461140155792236,0.47999998927116394,0.8977556228637695,0.27446186542510986
160,4,relu,rmsprop,0.01,0.0,0.0,1397,COMPLETED,0.8770996928215027,0.8415841460227966,0.28333333134651184,0.8847880363464355,0.29672500491142273
64,3,elu,rmsprop,0.003,0.1,1e-05,0912,COMPLETED,0.8770948648452759,0.7368420958518982,0.46666666865348816,0.895261824131012,0.28563451766967773
96,2,relu,adam,0.003,0.2,1e-05,0270,COMPLETED,0.8770840764045715,0.7247706651687622,0.5266666412353516,0.8992518782615662,0.28602296113967896
208,4,relu,adam,0.0003,0.1,1e-05,1590,COMPLETED,0.877082109451294,0.6905660629272461,0.6100000143051147,0.9007481336593628,0.2863810956478119
32,2,tanh,adam,0.01,0.4,0.0,0494,COMPLETED,0.8770606517791748,0.7530864477157593,0.40666666626930237,0.8912718296051025,0.27730780839920044
16,3,tanh,adam,0.0003,0.1,0.0001,1681,COMPLETED,0.8770548105239868,0.7095237970352173,0.49666666984558105,0.8942643404006958,0.27691853046417236
144,3,relu,rmsprop,0.0003,0.4,0.0,0786,COMPLETED,0.8770352005958557,0.712195098400116,0.4866666793823242,0.8937655687332153,0.2781270146369934
160,1,elu,rmsprop,0.0003,0.2,1e-06,0757,COMPLETED,0.8770302534103394,0.7027027010917664,0.5199999809265137,0.895261824131012,0.2766193747520447
192,4,elu,rmsprop,0.003,0.2,0.0001,0739,COMPLETED,0.8770195245742798,0.765625,0.3266666531562805,0.8842892646789551,0.3116206228733063
48,4,tanh,rmsprop,0.01,0.2,1e-05,0493,COMPLETED,0.8769892454147339,0.6928104758262634,0.35333332419395447,0.8798004984855652,0.2929007112979889
160,3,relu,adam,0.01,0.0,1e-05,1151,COMPLETED,0.8769726753234863,0.7460317611694336,0.4699999988079071,0.8967580795288086,0.2995021641254425
80,1,tanh,adam,0.003,0.0,0.001,1286,COMPLETED,0.8769726753234863,0.7397260069847107,0.5400000214576721,0.9027431607246399,0.2913321256637573
240,3,relu,rmsprop,0.001,0.2,0.0001,0098,COMPLETED,0.876964807510376,0.7569060921669006,0.4566666781902313,0.8967580795288086,0.32823583483695984
128,1,elu,rmsprop,0.0003,0.0,1e-05,0019,COMPLETED,0.876961886882782,0.6919642686843872,0.5166666507720947,0.8932668566703796,0.2797074317932129
96,2,tanh,rmsprop,0.001,0.2,0.001,1355,COMPLETED,0.8769618272781372,0.7098445892333984,0.4566666781902313,0.8907730579376221,0.29305559396743774
80,3,elu,rmsprop,0.0003,0.1,1e-05,1630,COMPLETED,0.876958966255188,0.7258883118629456,0.476666659116745,0.8947631120681763,0.27737781405448914
144,2,elu,rmsprop,0.003,0.30000000000000004,1e-06,1522,COMPLETED,0.8769540786743164,0.7716049551963806,0.4166666567325592,0.8942643404006958,0.27926966547966003
208,4,relu,adam,0.003,0.1,0.0,1231,COMPLETED,0.876953125,0.6844262480735779,0.5566666722297668,0.895261824131012,0.2900255024433136
80,1,relu,rmsprop,0.001,0.30000000000000004,0.0001,1924,COMPLETED,0.8769471645355225,0.7207207083702087,0.5333333611488342,0.8992518782615662,0.29385507106781006
176,2,relu,rmsprop,0.001,0.1,0.0001,0355,COMPLETED,0.8769305944442749,0.7365591526031494,0.4566666781902313,0.8942643404006958,0.30134347081184387
144,4,tanh,rmsprop,0.001,0.2,0.0001,0668,COMPLETED,0.8769295811653137,0.7104072570800781,0.5233333110809326,0.8967580795288086,0.2974337637424469
16,4,relu,adam,0.003,0.0,0.0,1404,COMPLETED,0.8769120573997498,0.6995708346366882,0.5433333516120911,0.8967580795288086,0.2712642550468445
64,2,tanh,adam,0.01,0.1,1e-06,1206,COMPLETED,0.8769110441207886,0.7437499761581421,0.39666667580604553,0.8892768025398254,0.2804255485534668
224,3,relu,adam,0.001,0.2,0.001,1862,COMPLETED,0.8769041299819946,0.7281106114387512,0.5266666412353516,0.8997506499290466,0.30102452635765076
64,4,elu,rmsprop,0.01,0.0,0.0001,1483,COMPLETED,0.8769031763076782,0.7650602459907532,0.4233333468437195,0.8942643404006958,0.306136816740036
32,1,tanh,adam,0.001,0.0,0.0,1754,COMPLETED,0.8768982887268066,0.7129629850387573,0.5133333206176758,0.8962593674659729,0.2810218930244446
16,1,tanh,adam,0.003,0.4,0.0,1229,COMPLETED,0.876897394657135,0.7149999737739563,0.476666659116745,0.8932668566703796,0.2745321989059448
144,3,relu,adam,0.0003,0.0,1e-06,0361,COMPLETED,0.8768876194953918,0.7142857313156128,0.5833333134651184,0.9027431607246399,0.28312525153160095
192,1,relu,rmsprop,0.001,0.4,1e-05,1620,COMPLETED,0.8768836855888367,0.7207207083702087,0.5333333611488342,0.8992518782615662,0.28389784693717957
160,1,tanh,rmsprop,0.003,0.30000000000000004,0.0001,0746,COMPLETED,0.8768787384033203,0.7263157963752747,0.46000000834465027,0.8932668566703796,0.2869546711444855
48,1,tanh,rmsprop,0.0003,0.2,1e-06,0946,COMPLETED,0.8768592476844788,0.6933333277702332,0.5199999809265137,0.8937655687332153,0.27576714754104614
64,4,tanh,rmsprop,0.0003,0.30000000000000004,0.0,0474,COMPLETED,0.8768514394760132,0.650602400302887,0.5400000214576721,0.8877805471420288,0.28164276480674744
240,2,relu,adam,0.01,0.0,1e-05,0373,COMPLETED,0.8768495321273804,0.7250000238418579,0.4833333194255829,0.895261824131012,0.2981283366680145
176,2,relu,rmsprop,0.0003,0.4,1e-05,1213,COMPLETED,0.876847505569458,0.7244898080825806,0.47333332896232605,0.8942643404006958,0.2818807065486908
112,4,tanh,rmsprop,0.0003,0.0,1e-05,1385,COMPLETED,0.8768454790115356,0.75,0.4399999976158142,0.8942643404006958,0.2822636365890503
208,3,relu,rmsprop,0.001,0.0,0.0,0689,COMPLETED,0.8768406510353088,0.74301677942276,0.44333332777023315,0.8937655687332153,0.2746986746788025
176,4,tanh,adam,0.003,0.30000000000000004,1e-06,0263,COMPLETED,0.8768318891525269,0.7857142686843872,0.4399999976158142,0.8982543349266052,0.2772214710712433
160,2,relu,rmsprop,0.003,0.4,0.0001,1172,COMPLETED,0.8768093585968018,0.7762237787246704,0.3700000047683716,0.8897755742073059,0.32988569140434265
144,4,relu,rmsprop,0.001,0.4,0.0,0708,COMPLETED,0.876807451248169,0.7236180901527405,0.47999998927116394,0.8947631120681763,0.28987884521484375
256,1,relu,rmsprop,0.003,0.4,1e-06,0839,COMPLETED,0.8768005967140198,0.7446808218955994,0.46666666865348816,0.8962593674659729,0.2788955867290497
16,4,elu,rmsprop,0.01,0.1,1e-05,1963,COMPLETED,0.8767898678779602,0.7513812184333801,0.4533333480358124,0.8957605957984924,0.28047871589660645
240,2,relu,rmsprop,0.001,0.2,0.0001,0260,COMPLETED,0.8767898082733154,0.7323232293128967,0.4833333194255829,0.8962593674659729,0.31028392910957336
128,3,tanh,rmsprop,0.0003,0.0,0.0,1674,COMPLETED,0.8767878413200378,0.7643678188323975,0.44333332777023315,0.8962593674659729,0.274869441986084
64,1,tanh,adam,0.01,0.2,1e-05,1155,COMPLETED,0.8767644166946411,0.707446813583374,0.44333332777023315,0.8892768025398254,0.288395494222641
80,2,tanh,rmsprop,0.003,0.2,1e-06,0234,COMPLETED,0.8767448663711548,0.745945930480957,0.46000000834465027,0.8957605957984924,0.2759498953819275
256,3,relu,adam,0.01,0.0,1e-05,1129,COMPLETED,0.8767350912094116,0.7512953281402588,0.4833333194255829,0.8987531065940857,0.29779255390167236
96,3,relu,rmsprop,0.0003,0.0,1e-05,1029,COMPLETED,0.8767223954200745,0.7025862336158752,0.5433333516120911,0.8972568511962891,0.27717941999435425
96,1,relu,rmsprop,0.0003,0.30000000000000004,1e-05,0954,COMPLETED,0.8767213821411133,0.7030567526817322,0.5366666913032532,0.8967580795288086,0.281907856464386
160,4,relu,rmsprop,0.01,0.0,1e-06,1447,COMPLETED,0.8767194151878357,0.8414633870124817,0.23000000417232513,0.8783042430877686,0.30546456575393677
128,1,relu,adam,0.01,0.1,0.0001,0601,COMPLETED,0.8767096996307373,0.7427184581756592,0.5099999904632568,0.9002493619918823,0.30616793036460876
208,4,relu,adam,0.003,0.2,1e-06,1727,COMPLETED,0.8767048120498657,0.7298578023910522,0.5133333206176758,0.8987531065940857,0.286344975233078
96,4,tanh,rmsprop,0.001,0.1,0.0001,1912,COMPLETED,0.8767018914222717,0.7362637519836426,0.4466666579246521,0.8932668566703796,0.30548956990242004
144,3,relu,adam,0.001,0.2,1e-06,1104,COMPLETED,0.8766862154006958,0.71100914478302,0.5166666507720947,0.8962593674659729,0.27780795097351074
64,2,tanh,adam,0.001,0.0,0.0,1843,COMPLETED,0.8766822814941406,0.7307692170143127,0.5066666603088379,0.8982543349266052,0.2762143313884735
112,1,tanh,adam,0.0003,0.1,1e-05,0735,COMPLETED,0.8766822814941406,0.7123287916183472,0.5199999809265137,0.8967580795288086,0.28003600239753723
80,4,tanh,rmsprop,0.003,0.0,1e-06,0574,COMPLETED,0.8766763806343079,0.7037037014961243,0.5066666603088379,0.8942643404006958,0.27734094858169556
160,2,relu,adam,0.01,0.0,1e-05,0315,COMPLETED,0.8766725063323975,0.7272727489471436,0.5066666603088379,0.8977556228637695,0.2979094386100769
224,2,tanh,rmsprop,0.003,0.1,0.0001,0725,COMPLETED,0.8766617774963379,0.7411764860153198,0.41999998688697815,0.8912718296051025,0.30066144466400146
64,4,tanh,rmsprop,0.001,0.2,1e-06,0706,COMPLETED,0.8766569495201111,0.691919207572937,0.4566666781902313,0.8882793188095093,0.2780224680900574
112,2,relu,adam,0.001,0.0,1e-06,0885,COMPLETED,0.8766382932662964,0.7224669456481934,0.54666668176651,0.9007481336593628,0.2771352529525757
224,1,relu,rmsprop,0.001,0.0,1e-06,0607,COMPLETED,0.8766334056854248,0.7181817889213562,0.5266666412353516,0.8982543349266052,0.27810782194137573
48,2,relu,rmsprop,0.0003,0.1,1e-06,1081,COMPLETED,0.8766246438026428,0.7136752009391785,0.5566666722297668,0.9002493619918823,0.28097832202911377
160,2,relu,rmsprop,0.001,0.1,0.0,1736,COMPLETED,0.8766050338745117,0.75,0.5,0.9002493619918823,0.2729056477546692
208,1,relu,rmsprop,0.0003,0.2,1e-06,1143,COMPLETED,0.8766040802001953,0.6909871101379395,0.5366666913032532,0.8947631120681763,0.279502809047699
48,2,elu,rmsprop,0.003,0.2,1e-05,0206,COMPLETED,0.8766021728515625,0.7745664715766907,0.4466666579246521,0.8977556228637695,0.28831931948661804
80,2,tanh,rmsprop,0.0003,0.0,0.0,0933,COMPLETED,0.8766021728515625,0.7291666865348816,0.46666666865348816,0.8942643404006958,0.2747681438922882
32,4,elu,rmsprop,0.0003,0.30000000000000004,0.001,0374,COMPLETED,0.8766001462936401,0.7157360315322876,0.4699999988079071,0.8927680850028992,0.30143240094184875
256,2,relu,rmsprop,0.003,0.0,0.0001,1070,COMPLETED,0.8765884637832642,0.7559523582458496,0.4233333468437195,0.8932668566703796,0.31491756439208984
96,2,elu,adam,0.003,0.0,0.001,1367,COMPLETED,0.8765875101089478,0.7217391133308411,0.5533333420753479,0.9012469053268433,0.29192179441452026
32,4,relu,rmsprop,0.0003,0.0,0.0001,0863,COMPLETED,0.8765854835510254,0.7142857313156128,0.5333333611488342,0.8982543349266052,0.2897834777832031
208,3,tanh,adam,0.003,0.1,0.0001,0030,COMPLETED,0.8765601515769958,0.7248677015304565,0.4566666781902313,0.8927680850028992,0.3113342821598053
256,4,tanh,adam,0.001,0.2,1e-06,0955,COMPLETED,0.8765581846237183,0.7439024448394775,0.40666666626930237,0.8902742862701416,0.27859967947006226
176,3,elu,adam,0.001,0.2,0.0001,1834,COMPLETED,0.8765572309494019,0.7324561476707458,0.5566666722297668,0.9032418727874756,0.30636903643608093
80,3,relu,rmsprop,0.001,0.1,0.001,1056,COMPLETED,0.8765542507171631,0.7487179636955261,0.4866666793823242,0.8987531065940857,0.31008392572402954
176,2,relu,rmsprop,0.001,0.4,0.0,0203,COMPLETED,0.8765532374382019,0.7323232293128967,0.4833333194255829,0.8962593674659729,0.2769525349140167
16,1,relu,rmsprop,0.001,0.2,1e-06,1460,COMPLETED,0.8765484094619751,0.7058823704719543,0.47999998927116394,0.8922693133354187,0.2797155976295471
176,2,relu,rmsprop,0.003,0.4,0.0001,1523,COMPLETED,0.8765464425086975,0.7610062956809998,0.4033333361148834,0.891770601272583,0.3181785047054291
32,1,relu,adam,0.003,0.0,0.001,0482,COMPLETED,0.8765444755554199,0.7190082669258118,0.5799999833106995,0.9032418727874756,0.2964789569377899
112,4,relu,rmsprop,0.001,0.4,0.001,1682,COMPLETED,0.8765395879745483,0.737864077091217,0.5066666603088379,0.8992518782615662,0.32971692085266113
16,3,elu,rmsprop,0.001,0.30000000000000004,0.001,0744,COMPLETED,0.8765347003936768,0.7142857313156128,0.4333333373069763,0.8892768025398254,0.2987830936908722
96,4,elu,rmsprop,0.003,0.4,0.0001,0951,COMPLETED,0.87652987241745,0.7194570302963257,0.5299999713897705,0.8987531065940857,0.30901479721069336
112,1,relu,rmsprop,0.003,0.2,1e-06,0142,COMPLETED,0.8765298128128052,0.729468584060669,0.503333330154419,0.8977556228637695,0.276039183139801
112,4,relu,adam,0.01,0.2,0.0001,0037,COMPLETED,0.8765249252319336,0.8191489577293396,0.2566666603088379,0.8802992701530457,0.3170734941959381
32,2,tanh,rmsprop,0.003,0.1,0.001,0179,COMPLETED,0.8765220046043396,0.710659921169281,0.46666666865348816,0.891770601272583,0.293448805809021
112,2,relu,adam,0.001,0.0,1e-05,0118,COMPLETED,0.8765181303024292,0.7136929631233215,0.5733333230018616,0.901745617389679,0.286500483751297
176,2,tanh,rmsprop,0.003,0.1,1e-06,0081,COMPLETED,0.8765170574188232,0.75,0.41999998688697815,0.8922693133354187,0.2780536413192749
208,1,elu,rmsprop,0.0003,0.0,0.0001,1149,COMPLETED,0.8765132427215576,0.7069767713546753,0.5066666603088379,0.8947631120681763,0.29635342955589294
208,3,elu,rmsprop,0.0003,0.4,0.0001,0074,COMPLETED,0.8765131831169128,0.7109004855155945,0.5,0.8947631120681763,0.32218897342681885
112,3,tanh,adam,0.01,0.30000000000000004,0.0,1761,COMPLETED,0.8764945864677429,0.7535211443901062,0.3566666543483734,0.8862842917442322,0.28094682097435
192,3,elu,rmsprop,0.001,0.30000000000000004,1e-05,1111,COMPLETED,0.8764818906784058,0.725806474685669,0.44999998807907104,0.8922693133354187,0.2815072238445282
240,2,relu,adam,0.001,0.0,0.0001,0265,COMPLETED,0.8764721751213074,0.6879699230194092,0.6100000143051147,0.9002493619918823,0.31302666664123535
128,3,elu,adam,0.0003,0.0,1e-06,1066,COMPLETED,0.8764682412147522,0.7363636493682861,0.5400000214576721,0.9022443890571594,0.28040647506713867
240,3,elu,rmsprop,0.0003,0.2,1e-06,0580,COMPLETED,0.876461386680603,0.7666666507720947,0.46000000834465027,0.8982543349266052,0.27629637718200684
128,3,tanh,adam,0.0003,0.2,0.001,1742,COMPLETED,0.876461386680603,0.7004608511924744,0.5066666603088379,0.8937655687332153,0.38701140880584717
64,2,tanh,rmsprop,0.01,0.0,1e-06,1687,COMPLETED,0.8764574527740479,0.7569444179534912,0.3633333444595337,0.8872817754745483,0.2813558280467987
48,2,relu,adam,0.0003,0.0,0.0001,1093,COMPLETED,0.8764222860336304,0.7214611768722534,0.5266666412353516,0.8987531065940857,0.2923373281955719
16,2,relu,adam,0.01,0.0,0.001,1442,COMPLETED,0.8764144778251648,0.746268630027771,0.5,0.8997506499290466,0.2886774241924286
64,4,elu,rmsprop,0.001,0.1,1e-06,0556,COMPLETED,0.8764135241508484,0.760869562625885,0.46666666865348816,0.8982543349266052,0.27483707666397095
128,2,elu,rmsprop,0.0003,0.1,0.0,1142,COMPLETED,0.8764095902442932,0.7354497313499451,0.4633333384990692,0.8947631120681763,0.27477332949638367
224,3,relu,adam,0.01,0.0,1e-05,0582,COMPLETED,0.8764037489891052,0.7298578023910522,0.5133333206176758,0.8987531065940857,0.2973509132862091
224,1,tanh,adam,0.003,0.1,1e-05,0842,COMPLETED,0.8763939142227173,0.7339901328086853,0.49666666984558105,0.8977556228637695,0.28453001379966736
48,3,tanh,rmsprop,0.0003,0.4,1e-05,1775,COMPLETED,0.8763890862464905,0.6748971343040466,0.54666668176651,0.8927680850028992,0.28756433725357056
208,3,relu,adam,0.003,0.1,0.0001,0096,COMPLETED,0.8763802647590637,0.7235022783279419,0.5233333110809326,0.8987531065940857,0.30567002296447754
64,1,elu,rmsprop,0.001,0.2,0.001,0824,COMPLETED,0.8763724565505981,0.7091836929321289,0.4633333384990692,0.8912718296051025,0.2992708683013916
64,3,relu,rmsprop,0.003,0.30000000000000004,1e-06,0399,COMPLETED,0.8763694763183594,0.8142856955528259,0.1899999976158142,0.872319221496582,0.29172253608703613
32,4,relu,rmsprop,0.003,0.1,0.0001,0147,COMPLETED,0.8763567209243774,0.7225130796432495,0.46000000834465027,0.8927680850028992,0.3145734667778015
96,4,elu,rmsprop,0.001,0.30000000000000004,0.001,0238,COMPLETED,0.8763538599014282,0.7344632744789124,0.4333333373069763,0.891770601272583,0.30068549513816833
80,4,relu,adam,0.01,0.1,1e-05,0224,COMPLETED,0.8763538599014282,0.725806474685669,0.44999998807907104,0.8922693133354187,0.298414945602417
160,2,elu,adam,0.001,0.1,0.0001,0552,COMPLETED,0.8763421177864075,0.7594339847564697,0.5366666913032532,0.9052368998527527,0.298443078994751
112,4,relu,rmsprop,0.0003,0.0,0.0,1268,COMPLETED,0.8763314485549927,0.7330096960067749,0.503333330154419,0.8982543349266052,0.27550363540649414
64,2,elu,rmsprop,0.001,0.0,1e-06,0415,COMPLETED,0.8763186931610107,0.748603343963623,0.4466666579246521,0.8947631120681763,0.27606287598609924
256,3,tanh,rmsprop,0.0003,0.1,1e-05,0994,COMPLETED,0.8763108849525452,0.761904776096344,0.4266666769981384,0.8942643404006958,0.2845541536808014
80,2,tanh,adam,0.01,0.2,1e-05,1429,COMPLETED,0.8763030767440796,0.6933962106704712,0.49000000953674316,0.8912718296051025,0.302700012922287
160,4,relu,adam,0.003,0.2,0.001,0480,COMPLETED,0.876298189163208,0.6860465407371521,0.5899999737739563,0.8982543349266052,0.30482012033462524
192,3,relu,rmsprop,0.01,0.1,0.001,1600,COMPLETED,0.8762893676757812,0.7737226486206055,0.35333332419395447,0.8877805471420288,0.3104773759841919
48,3,elu,rmsprop,0.0003,0.4,1e-06,1380,COMPLETED,0.8762854337692261,0.6866952776908875,0.5333333611488342,0.8937655687332153,0.2779633104801178
112,3,elu,adam,0.003,0.30000000000000004,0.0001,1806,COMPLETED,0.8762776255607605,0.7473118305206299,0.4633333384990692,0.8962593674659729,0.30101633071899414
128,3,relu,rmsprop,0.003,0.2,0.0,1541,COMPLETED,0.8762727379798889,0.7674418687820435,0.4399999976158142,0.8962593674659729,0.27971702814102173
144,2,elu,adam,0.001,0.0,0.0,0310,COMPLETED,0.8762717247009277,0.75,0.5099999904632568,0.9012469053268433,0.27635708451271057
16,2,elu,rmsprop,0.003,0.1,0.001,0847,COMPLETED,0.8762677907943726,0.7514124512672424,0.44333332777023315,0.8947631120681763,0.29582494497299194
48,1,relu,adam,0.01,0.4,1e-06,1223,COMPLETED,0.876245379447937,0.7784430980682373,0.4333333373069763,0.8967580795288086,0.31297722458839417
32,1,elu,rmsprop,0.003,0.2,1e-06,0998,COMPLETED,0.8762375116348267,0.7219512462615967,0.4933333396911621,0.8957605957984924,0.27711400389671326
64,4,relu,rmsprop,0.001,0.30000000000000004,1e-05,1626,COMPLETED,0.8762239217758179,0.7169811129570007,0.5066666603088379,0.8962593674659729,0.293040007352829
16,4,tanh,adam,0.001,0.0,0.001,0544,COMPLETED,0.8762238621711731,0.7302325367927551,0.5233333110809326,0.8997506499290466,0.2961955666542053
256,3,elu,adam,0.0003,0.0,0.001,0520,COMPLETED,0.8762180209159851,0.7224669456481934,0.54666668176651,0.9007481336593628,0.32547351717948914
208,1,relu,adam,0.01,0.0,0.0001,1100,COMPLETED,0.8762160539627075,0.7071129679679871,0.5633333325386047,0.8997506499290466,0.30206525325775146
160,2,tanh,rmsprop,0.003,0.2,1e-05,0569,COMPLETED,0.8762151002883911,0.7383720874786377,0.4233333468437195,0.8912718296051025,0.28343790769577026
112,2,elu,rmsprop,0.001,0.2,0.001,0976,COMPLETED,0.8762072324752808,0.7234042286872864,0.4533333480358124,0.8922693133354187,0.2978811264038086
112,3,relu,rmsprop,0.001,0.30000000000000004,0.0001,1534,COMPLETED,0.876205325126648,0.7357512712478638,0.47333332896232605,0.8957605957984924,0.30904242396354675
112,4,elu,rmsprop,0.003,0.0,0.001,0712,COMPLETED,0.8762032985687256,0.7362637519836426,0.4466666579246521,0.8932668566703796,0.29649609327316284
32,1,relu,rmsprop,0.003,0.0,1e-05,0298,COMPLETED,0.8761974573135376,0.7216981053352356,0.5099999904632568,0.8972568511962891,0.2803257703781128
80,1,tanh,adam,0.01,0.1,0.0,1569,COMPLETED,0.8761974573135376,0.7443181872367859,0.43666666746139526,0.8932668566703796,0.28336015343666077
160,3,elu,rmsprop,0.0003,0.30000000000000004,1e-06,1629,COMPLETED,0.8761965036392212,0.7303921580314636,0.49666666984558105,0.8972568511962891,0.27478453516960144
16,3,elu,rmsprop,0.01,0.2,0.0001,1302,COMPLETED,0.8761681318283081,0.7627118825912476,0.44999998807907104,0.8967580795288086,0.30662235617637634
64,1,tanh,rmsprop,0.01,0.0,0.0001,1960,COMPLETED,0.8761622905731201,0.707317054271698,0.4833333194255829,0.8927680850028992,0.2981017529964447
32,4,tanh,adam,0.001,0.0,0.0001,1045,COMPLETED,0.8761574029922485,0.7214611768722534,0.5266666412353516,0.8987531065940857,0.2868375778198242
160,3,relu,rmsprop,0.001,0.4,0.0,1490,COMPLETED,0.8761544227600098,0.7513812184333801,0.4533333480358124,0.8957605957984924,0.2788960337638855
192,2,relu,rmsprop,0.003,0.4,1e-05,1390,COMPLETED,0.8761515021324158,0.8088235259056091,0.36666667461395264,0.8922693133354187,0.3006131947040558
112,2,elu,rmsprop,0.003,0.0,0.0,1787,COMPLETED,0.8761505484580994,0.7471264600753784,0.4333333373069763,0.8932668566703796,0.27995210886001587
32,1,tanh,adam,0.0003,0.30000000000000004,0.0,0835,COMPLETED,0.876149594783783,0.7092511057853699,0.5366666913032532,0.8977556228637695,0.275383323431015
208,4,relu,rmsprop,0.0003,0.2,1e-06,1161,COMPLETED,0.8761485815048218,0.688034176826477,0.5366666913032532,0.8942643404006958,0.27823108434677124
224,1,relu,adam,0.003,0.0,0.001,1916,COMPLETED,0.8761447072029114,0.7120000123977661,0.5933333039283752,0.9032418727874756,0.29817697405815125
64,3,elu,rmsprop,0.001,0.30000000000000004,0.001,0779,COMPLETED,0.8761378526687622,0.739393949508667,0.40666666626930237,0.8897755742073059,0.3005724847316742
96,1,relu,rmsprop,0.01,0.30000000000000004,0.0001,0244,COMPLETED,0.876133918762207,0.7582417726516724,0.23000000417232513,0.8738154768943787,0.32992613315582275
32,3,relu,rmsprop,0.01,0.2,1e-05,0252,COMPLETED,0.8761270046234131,0.8219178318977356,0.20000000298023224,0.8738154768943787,0.3067677319049835
16,1,tanh,rmsprop,0.01,0.1,1e-06,0684,COMPLETED,0.8761162757873535,0.7058823704719543,0.47999998927116394,0.8922693133354187,0.2766949236392975
16,4,tanh,adam,0.001,0.2,0.001,1209,COMPLETED,0.8761162757873535,0.7048457860946655,0.5333333611488342,0.8967580795288086,0.28583383560180664
192,4,relu,rmsprop,0.0003,0.1,1e-06,0790,COMPLETED,0.8761153817176819,0.7350000143051147,0.49000000953674316,0.8972568511962891,0.27367880940437317
80,4,relu,rmsprop,0.0003,0.30000000000000004,0.0,1482,COMPLETED,0.8761075139045715,0.7064220309257507,0.5133333206176758,0.895261824131012,0.2842359244823456
192,2,relu,rmsprop,0.003,0.4,0.0001,1044,COMPLETED,0.876096785068512,0.7413793206214905,0.4300000071525574,0.8922693133354187,0.3164081573486328
80,3,tanh,rmsprop,0.0003,0.4,1e-05,1701,COMPLETED,0.8760859966278076,0.6764705777168274,0.5366666913032532,0.8922693133354187,0.28382572531700134
48,1,elu,adam,0.01,0.1,0.0001,1112,COMPLETED,0.8760821223258972,0.7222222089767456,0.5633333325386047,0.9022443890571594,0.3019371032714844
144,2,elu,rmsprop,0.001,0.1,0.0,1930,COMPLETED,0.8760782480239868,0.7709497213363647,0.46000000834465027,0.8987531065940857,0.274962842464447
64,1,tanh,rmsprop,0.01,0.2,0.0001,1306,COMPLETED,0.8760762214660645,0.7371428608894348,0.4300000071525574,0.891770601272583,0.2966495156288147
144,2,relu,adam,0.003,0.30000000000000004,1e-06,1465,COMPLETED,0.8760665059089661,0.7276995182037354,0.5166666507720947,0.8987531065940857,0.28052568435668945
192,1,elu,adam,0.003,0.0,1e-05,0200,COMPLETED,0.8760654926300049,0.7511520981788635,0.5433333516120911,0.9047381281852722,0.28608664870262146
80,3,relu,rmsprop,0.0003,0.4,1e-06,0940,COMPLETED,0.8760635852813721,0.6966824531555176,0.49000000953674316,0.891770601272583,0.2779048979282379
240,4,relu,rmsprop,0.0003,0.0,0.001,1678,COMPLETED,0.8760615587234497,0.7422680258750916,0.47999998927116394,0.8972568511962891,0.6432726979255676
48,4,elu,adam,0.01,0.0,1e-06,0316,COMPLETED,0.8760576844215393,0.7259615659713745,0.503333330154419,0.8972568511962891,0.28880375623703003
16,1,tanh,rmsprop,0.001,0.0,1e-05,0763,COMPLETED,0.8760498762130737,0.6757990717887878,0.4933333396911621,0.888778030872345,0.2796103358268738
144,3,relu,rmsprop,0.0003,0.4,1e-06,1939,COMPLETED,0.8760478496551514,0.7192118167877197,0.4866666793823242,0.8947631120681763,0.2781515121459961
48,2,tanh,adam,0.003,0.0,1e-05,1409,COMPLETED,0.8760440349578857,0.7268292903900146,0.49666666984558105,0.8967580795288086,0.2824065387248993
32,4,relu,adam,0.003,0.2,0.001,0521,COMPLETED,0.8760371208190918,0.6852589845657349,0.5733333230018616,0.8967580795288086,0.29633352160453796
48,2,relu,rmsprop,0.0003,0.4,0.0,0832,COMPLETED,0.8760303258895874,0.7058823704719543,0.47999998927116394,0.8922693133354187,0.27951523661613464
112,3,elu,rmsprop,0.001,0.2,0.0001,0512,COMPLETED,0.876029372215271,0.7400000095367432,0.4933333396911621,0.8982543349266052,0.29809290170669556
64,2,relu,rmsprop,0.01,0.0,0.001,0211,COMPLETED,0.8760273456573486,0.7718120813369751,0.38333332538604736,0.8907730579376221,0.306605726480484
48,3,relu,rmsprop,0.001,0.4,0.0001,0088,COMPLETED,0.8760205507278442,0.7117903828620911,0.5433333516120911,0.8987531065940857,0.3096384108066559
208,1,relu,rmsprop,0.001,0.0,0.001,0535,COMPLETED,0.8760078549385071,0.7235022783279419,0.5233333110809326,0.8987531065940857,0.31545501947402954
80,2,relu,rmsprop,0.001,0.1,1e-06,1405,COMPLETED,0.8760069012641907,0.7254902124404907,0.4933333396911621,0.8962593674659729,0.27630308270454407
128,4,relu,rmsprop,0.003,0.30000000000000004,1e-06,1212,COMPLETED,0.8759814500808716,0.75,0.4099999964237213,0.8912718296051025,0.28973695635795593
96,3,elu,adam,0.001,0.0,1e-05,1037,COMPLETED,0.8759735822677612,0.7327188849449158,0.5299999713897705,0.9007481336593628,0.28010067343711853
208,3,relu,rmsprop,0.0003,0.1,0.0,1875,COMPLETED,0.8759511113166809,0.7224880456924438,0.503333330154419,0.8967580795288086,0.2747545838356018
176,4,tanh,rmsprop,0.0003,0.0,0.0,1603,COMPLETED,0.8759462833404541,0.7444444298744202,0.4466666579246521,0.8942643404006958,0.27702200412750244
112,4,elu,adam,0.0003,0.4,0.001,0527,COMPLETED,0.8759452104568481,0.6903765797615051,0.550000011920929,0.8957605957984924,0.426496684551239
32,4,relu,rmsprop,0.0003,0.1,0.0001,1882,COMPLETED,0.8759393692016602,0.71100914478302,0.5166666507720947,0.8962593674659729,0.28778642416000366
192,3,relu,adam,0.001,0.0,0.001,0876,COMPLETED,0.8759315013885498,0.7142857313156128,0.5333333611488342,0.8982543349266052,0.3027239143848419
144,2,relu,rmsprop,0.001,0.30000000000000004,0.0001,1010,COMPLETED,0.8759198188781738,0.739130437374115,0.4533333480358124,0.8942643404006958,0.30349791049957275
160,2,relu,adam,0.001,0.0,1e-06,1652,COMPLETED,0.8759188055992126,0.701195240020752,0.5866666436195374,0.9007481336593628,0.27696314454078674
48,3,elu,adam,0.003,0.0,0.0001,0475,COMPLETED,0.875917911529541,0.7429906725883484,0.5299999713897705,0.9022443890571594,0.2902827858924866
192,4,relu,adam,0.001,0.2,1e-05,1627,COMPLETED,0.8759158849716187,0.7317073345184326,0.5,0.8977556228637695,0.2903379499912262
48,2,elu,rmsprop,0.0003,0.4,0.0,1263,COMPLETED,0.8759081363677979,0.6909090876579285,0.5066666603088379,0.8922693133354187,0.2757244408130646
256,1,elu,adam,0.0003,0.2,0.001,0032,COMPLETED,0.8759061098098755,0.7157360315322876,0.4699999988079071,0.8927680850028992,0.3131367564201355
176,2,relu,adam,0.01,0.4,1e-06,1730,COMPLETED,0.8759061098098755,0.8241758346557617,0.25,0.8798004984855652,0.30928441882133484
80,4,elu,adam,0.003,0.4,1e-05,1544,COMPLETED,0.8759032487869263,0.709956705570221,0.54666668176651,0.8987531065940857,0.27814793586730957
224,4,relu,rmsprop,0.0003,0.30000000000000004,0.0001,0826,COMPLETED,0.8758895397186279,0.7142857313156128,0.550000011920929,0.8997506499290466,0.3512045741081238
128,2,relu,adam,0.001,0.0,1e-06,0202,COMPLETED,0.8758768439292908,0.7124999761581421,0.5699999928474426,0.9012469053268433,0.28048330545425415
256,1,relu,rmsprop,0.003,0.1,1e-05,1269,COMPLETED,0.8758729696273804,0.7439613342285156,0.5133333206176758,0.9007481336593628,0.2882366180419922
208,3,relu,adam,0.01,0.4,1e-05,0376,COMPLETED,0.875853419303894,0.7749999761581421,0.10333333164453506,0.8613466620445251,0.3741229474544525
144,2,tanh,rmsprop,0.0003,0.30000000000000004,1e-06,0612,COMPLETED,0.8758397102355957,0.6903553009033203,0.4533333480358124,0.8877805471420288,0.2779877185821533
160,2,elu,rmsprop,0.0003,0.0,0.001,1746,COMPLETED,0.8758357167243958,0.7085427045822144,0.4699999988079071,0.891770601272583,0.34552744030952454
192,1,elu,rmsprop,0.0003,0.0,1e-05,1596,COMPLETED,0.8758328557014465,0.7069767713546753,0.5066666603088379,0.8947631120681763,0.27961018681526184
96,1,tanh,adam,0.003,0.0,1e-05,0834,COMPLETED,0.8758289217948914,0.7163461446762085,0.49666666984558105,0.895261824131012,0.28298014402389526
224,4,elu,rmsprop,0.0003,0.0,0.001,0125,COMPLETED,0.8758220672607422,0.743842363357544,0.503333330154419,0.8997506499290466,0.306828111410141
64,4,relu,rmsprop,0.01,0.0,0.0,1030,COMPLETED,0.8758191466331482,0.7936508059501648,0.3333333432674408,0.8872817754745483,0.29123932123184204
144,4,relu,adam,0.003,0.1,1e-06,1791,COMPLETED,0.8758191466331482,0.7580645084381104,0.4699999988079071,0.8982543349266052,0.2865859270095825
16,1,elu,rmsprop,0.0003,0.2,0.0,0072,COMPLETED,0.8758094310760498,0.6926407217979431,0.5333333611488342,0.8947631120681763,0.296570748090744
240,3,relu,rmsprop,0.003,0.0,1e-06,1719,COMPLETED,0.8757995963096619,0.7514451146125793,0.4333333373069763,0.8937655687332153,0.28957998752593994
112,1,tanh,adam,0.01,0.30000000000000004,0.0001,1763,COMPLETED,0.8757995963096619,0.7440476417541504,0.4166666567325592,0.8912718296051025,0.3147033154964447
32,4,tanh,rmsprop,0.01,0.1,1e-05,0968,COMPLETED,0.8757840394973755,0.7289156913757324,0.4033333361148834,0.8882793188095093,0.2831576466560364
128,1,relu,rmsprop,0.001,0.4,0.0001,0160,COMPLETED,0.8757799863815308,0.7013574838638306,0.5166666507720947,0.8947631120681763,0.29317325353622437
208,2,tanh,rmsprop,0.0003,0.4,0.0,0301,COMPLETED,0.8757790923118591,0.708791196346283,0.4300000071525574,0.8882793188095093,0.27857664227485657
240,4,elu,rmsprop,0.0003,0.0,0.0,1291,COMPLETED,0.8757761716842651,0.7633135914802551,0.4300000071525574,0.8947631120681763,0.27773135900497437
176,3,relu,adam,0.003,0.2,0.001,1692,COMPLETED,0.8757644295692444,0.7316017150878906,0.5633333325386047,0.903740644454956,0.2966907322406769
256,1,tanh,rmsprop,0.01,0.0,0.001,0872,COMPLETED,0.8757604360580444,0.7288135886192322,0.4300000071525574,0.8907730579376221,0.30624842643737793
80,3,tanh,adam,0.01,0.30000000000000004,1e-05,0914,COMPLETED,0.87575364112854,0.7333333492279053,0.4033333361148834,0.888778030872345,0.29893094301223755
64,1,tanh,adam,0.001,0.4,0.001,0702,COMPLETED,0.8757517337799072,0.720588207244873,0.49000000953674316,0.895261824131012,0.283286452293396
176,3,elu,rmsprop,0.001,0.0,0.001,1901,COMPLETED,0.8757458329200745,0.7412935495376587,0.49666666984558105,0.8987531065940857,0.29433485865592957
32,4,relu,adam,0.01,0.2,0.0001,1434,COMPLETED,0.8757419586181641,0.6376306414604187,0.6100000143051147,0.8897755742073059,0.3944426476955414
128,3,tanh,rmsprop,0.003,0.4,0.0001,0857,COMPLETED,0.8757380247116089,0.7254902124404907,0.4933333396911621,0.8962593674659729,0.3009921610355377
176,2,relu,rmsprop,0.01,0.2,0.0001,0891,COMPLETED,0.8757370710372925,0.8461538553237915,0.2199999988079071,0.8773067593574524,0.3355569541454315
112,1,elu,rmsprop,0.003,0.1,1e-06,1907,COMPLETED,0.8757370710372925,0.7309644818305969,0.47999998927116394,0.8957605957984924,0.27778419852256775
96,1,relu,rmsprop,0.001,0.30000000000000004,0.0,0926,COMPLETED,0.8757321834564209,0.6872246861457825,0.5199999809265137,0.8927680850028992,0.2810465693473816
240,4,elu,rmsprop,0.001,0.2,1e-06,0407,COMPLETED,0.8757174611091614,0.7485029697418213,0.4166666567325592,0.891770601272583,0.2784419655799866
208,3,tanh,rmsprop,0.003,0.1,0.0001,1772,COMPLETED,0.875707745552063,0.7365591526031494,0.4566666781902313,0.8942643404006958,0.30225667357444763
240,2,elu,rmsprop,0.001,0.1,0.0001,1173,COMPLETED,0.875701904296875,0.7473683953285217,0.47333332896232605,0.8972568511962891,0.30763906240463257
64,4,elu,rmsprop,0.001,0.2,0.0001,0898,COMPLETED,0.8756998777389526,0.720812201499939,0.47333332896232605,0.8937655687332153,0.2993495762348175
64,2,elu,adam,0.001,0.0,0.0001,0490,COMPLETED,0.8756930828094482,0.737864077091217,0.5066666603088379,0.8992518782615662,0.30082130432128906
112,1,elu,rmsprop,0.003,0.1,1e-05,1767,COMPLETED,0.8756911158561707,0.7258883118629456,0.476666659116745,0.8947631120681763,0.28157275915145874
160,1,relu,adam,0.01,0.4,1e-05,0637,COMPLETED,0.8756891489028931,0.6666666865348816,0.5866666436195374,0.8942643404006958,0.32863175868988037
208,3,relu,rmsprop,0.001,0.0,0.001,0249,COMPLETED,0.8756891489028931,0.7524752616882324,0.5066666603088379,0.9012469053268433,0.30612701177597046
112,3,relu,rmsprop,0.01,0.1,0.0001,1520,COMPLETED,0.8756842613220215,0.8111110925674438,0.2433333396911621,0.8783042430877686,0.32800135016441345
144,1,relu,rmsprop,0.003,0.1,1e-06,1120,COMPLETED,0.8756784200668335,0.7317073345184326,0.5,0.8977556228637695,0.2767734229564667
112,1,tanh,adam,0.0003,0.1,0.0001,1350,COMPLETED,0.875654935836792,0.723809540271759,0.5066666603088379,0.8972568511962891,0.2853659391403198
144,2,relu,rmsprop,0.01,0.30000000000000004,0.0001,0838,COMPLETED,0.875640332698822,0.8100000023841858,0.27000001072883606,0.8812967538833618,0.345706045627594
224,2,elu,rmsprop,0.001,0.2,0.0001,1516,COMPLETED,0.8756353855133057,0.7513812184333801,0.4533333480358124,0.8957605957984924,0.30471131205558777
80,3,elu,rmsprop,0.001,0.4,1e-05,1477,COMPLETED,0.8756080269813538,0.7085427045822144,0.4699999988079071,0.891770601272583,0.2783411741256714
192,1,elu,adam,0.003,0.30000000000000004,1e-06,0707,COMPLETED,0.875596284866333,0.7241379022598267,0.49000000953674316,0.8957605957984924,0.2901877164840698
64,1,elu,adam,0.0003,0.4,1e-05,0033,COMPLETED,0.8755952715873718,0.6964285969734192,0.5199999809265137,0.8942643404006958,0.2796960473060608
64,3,elu,rmsprop,0.003,0.1,0.001,0534,COMPLETED,0.8755913972854614,0.7528735399246216,0.43666666746139526,0.8942643404006958,0.29886898398399353
208,2,elu,rmsprop,0.0003,0.0,0.001,0101,COMPLETED,0.8755865097045898,0.7352941036224365,0.5,0.8982543349266052,0.3071478009223938
112,3,relu,adam,0.003,0.0,0.0,1597,COMPLETED,0.8755806684494019,0.7188940048217773,0.5199999809265137,0.8977556228637695,0.2799549996852875
48,1,tanh,adam,0.01,0.4,0.0001,0075,COMPLETED,0.8755728006362915,0.7329545617103577,0.4300000071525574,0.8912718296051025,0.29781249165534973
96,1,tanh,rmsprop,0.01,0.2,1e-06,0988,COMPLETED,0.8755689263343811,0.7396449446678162,0.4166666567325592,0.8907730579376221,0.28153812885284424
128,1,elu,rmsprop,0.0003,0.0,0.001,0433,COMPLETED,0.8755630254745483,0.7089201807975769,0.503333330154419,0.8947631120681763,0.3074467182159424
48,1,relu,adam,0.01,0.4,0.0001,1289,COMPLETED,0.8755610585212708,0.7559523582458496,0.4233333468437195,0.8932668566703796,0.2948024868965149
224,2,relu,adam,0.003,0.2,0.0,0363,COMPLETED,0.8755610585212708,0.7290640473365784,0.4933333396911621,0.8967580795288086,0.2933911979198456
80,1,tanh,adam,0.0003,0.4,0.001,0859,COMPLETED,0.8755513429641724,0.711442768573761,0.476666659116745,0.8927680850028992,0.2976731061935425
96,1,elu,rmsprop,0.0003,0.2,1e-06,0846,COMPLETED,0.875550389289856,0.6944444179534912,0.5,0.8922693133354187,0.284205824136734
16,2,relu,adam,0.01,0.4,0.0001,0762,COMPLETED,0.8755474090576172,0.751724123954773,0.3633333444595337,0.8867830634117126,0.29637157917022705
144,4,tanh,adam,0.003,0.0,0.0001,1599,COMPLETED,0.8755464553833008,0.6864407062530518,0.5400000214576721,0.8942643404006958,0.3074929416179657
240,3,relu,adam,0.003,0.4,0.001,0009,COMPLETED,0.875543475151062,0.7229437232017517,0.5566666722297668,0.901745617389679,0.30497482419013977
128,4,tanh,adam,0.01,0.30000000000000004,0.0,0109,COMPLETED,0.8755406141281128,0.8118811845779419,0.273333340883255,0.8817955255508423,0.2838265895843506
224,1,relu,adam,0.003,0.1,1e-06,1895,COMPLETED,0.875540554523468,0.7039999961853027,0.5866666436195374,0.9012469053268433,0.2829800248146057
176,1,relu,rmsprop,0.01,0.30000000000000004,0.0001,0423,COMPLETED,0.875528872013092,0.7739726305007935,0.3766666650772095,0.8902742862701416,0.32184669375419617
80,1,elu,rmsprop,0.003,0.0,0.001,0061,COMPLETED,0.8755288124084473,0.7425742745399475,0.5,0.8992518782615662,0.2950902581214905
16,1,tanh,adam,0.001,0.30000000000000004,0.001,0031,COMPLETED,0.875523030757904,0.7049999833106995,0.4699999988079071,0.8912718296051025,0.279455304145813
96,2,relu,adam,0.0003,0.0,1e-05,1033,COMPLETED,0.8755122423171997,0.737089216709137,0.5233333110809326,0.9007481336593628,0.2835403382778168
192,1,elu,rmsprop,0.0003,0.1,0.0,1418,COMPLETED,0.8755092620849609,0.6933333277702332,0.5199999809265137,0.8937655687332153,0.2808440923690796
160,3,tanh,rmsprop,0.01,0.30000000000000004,0.0,1421,COMPLETED,0.8755063414573669,0.6858407258987427,0.5166666507720947,0.8922693133354187,0.2756197452545166
128,2,relu,adam,0.01,0.4,1e-05,0967,COMPLETED,0.8754799962043762,0.7524752616882324,0.25333333015441895,0.875810444355011,0.3506770730018616
96,2,relu,rmsprop,0.003,0.2,1e-05,0470,COMPLETED,0.8754712343215942,0.7763975262641907,0.4166666567325592,0.8947631120681763,0.2869473397731781
160,2,relu,rmsprop,0.001,0.1,1e-05,1121,COMPLETED,0.8754624128341675,0.75,0.5,0.9002493619918823,0.2785085439682007
224,4,relu,rmsprop,0.001,0.1,1e-06,1540,COMPLETED,0.8754535913467407,0.7486631274223328,0.46666666865348816,0.8967580795288086,0.2792656123638153
192,2,elu,rmsprop,0.003,0.1,0.001,0018,COMPLETED,0.8754428029060364,0.7368420958518982,0.41999998688697815,0.8907730579376221,0.30045199394226074
128,4,elu,rmsprop,0.0003,0.0,0.001,1393,COMPLETED,0.8754281997680664,0.7464115023612976,0.5199999809265137,0.901745617389679,0.4082023501396179
32,1,relu,rmsprop,0.01,0.0,0.001,0174,COMPLETED,0.8754271268844604,0.7515528202056885,0.4033333361148834,0.8907730579376221,0.30664628744125366
192,4,elu,adam,0.003,0.4,0.0001,0368,COMPLETED,0.8754056096076965,0.7083333134651184,0.5666666626930237,0.9002493619918823,0.3250877559185028
224,4,relu,adam,0.01,0.0,0.0,0807,COMPLETED,0.8754017949104309,0.7911392450332642,0.4166666567325592,0.8962593674659729,0.289813369512558
192,2,relu,rmsprop,0.003,0.1,0.0001,1028,COMPLETED,0.875391960144043,0.7348066568374634,0.44333332777023315,0.8927680850028992,0.3262811601161957
256,3,tanh,adam,0.001,0.1,0.001,1215,COMPLETED,0.8753880858421326,0.7049999833106995,0.4699999988079071,0.8912718296051025,0.2929440438747406
192,3,tanh,adam,0.001,0.0,0.0001,0593,COMPLETED,0.875386118888855,0.7398843765258789,0.4266666769981384,0.891770601272583,0.32488536834716797
48,3,relu,rmsprop,0.003,0.2,0.001,1158,COMPLETED,0.8753636479377747,0.7323232293128967,0.4833333194255829,0.8962593674659729,0.3132164776325226
160,3,elu,rmsprop,0.0003,0.0,1e-06,1327,COMPLETED,0.8753597736358643,0.7243243455886841,0.4466666579246521,0.891770601272583,0.2756882905960083
32,3,tanh,adam,0.003,0.1,0.001,1922,COMPLETED,0.8753597736358643,0.7272727489471436,0.5066666603088379,0.8977556228637695,0.2903907895088196
240,2,relu,adam,0.003,0.4,1e-06,1900,COMPLETED,0.8753538727760315,0.7701149582862854,0.4466666579246521,0.8972568511962891,0.29300788044929504
112,4,relu,adam,0.003,0.1,0.0,1714,COMPLETED,0.8753381967544556,0.7230769395828247,0.4699999988079071,0.8937655687332153,0.2977961003780365
144,4,tanh,rmsprop,0.0003,0.1,1e-05,0232,COMPLETED,0.8753352761268616,0.7458563446998596,0.44999998807907104,0.8947631120681763,0.2815938889980316
80,1,relu,rmsprop,0.003,0.2,1e-06,1588,COMPLETED,0.8753244876861572,0.7330096960067749,0.503333330154419,0.8982543349266052,0.2776017189025879
176,3,elu,rmsprop,0.001,0.1,1e-05,1705,COMPLETED,0.8753030300140381,0.75,0.4300000071525574,0.8932668566703796,0.2822189927101135
32,2,elu,rmsprop,0.001,0.0,0.0,0879,COMPLETED,0.8753011226654053,0.7409326434135437,0.476666659116745,0.8967580795288086,0.27513208985328674
80,2,relu,rmsprop,0.0003,0.4,0.001,1486,COMPLETED,0.8752971291542053,0.7142857313156128,0.5166666507720947,0.8967580795288086,0.3300374746322632
16,3,tanh,rmsprop,0.01,0.2,1e-05,1214,COMPLETED,0.8752961754798889,0.7319587469100952,0.47333332896232605,0.895261824131012,0.2859344184398651
160,3,relu,adam,0.01,0.0,0.0001,1613,COMPLETED,0.875274658203125,0.7155555486679077,0.5366666913032532,0.8987531065940857,0.2932543158531189
16,4,relu,adam,0.0003,0.0,1e-05,0306,COMPLETED,0.8752727508544922,0.6896551847457886,0.5333333611488342,0.8942643404006958,0.2864200472831726
128,2,elu,rmsprop,0.003,0.4,1e-06,1715,COMPLETED,0.8752726912498474,0.8015267252922058,0.3499999940395355,0.8897755742073059,0.28283384442329407
240,4,tanh,rmsprop,0.0003,0.0,0.0,1243,COMPLETED,0.8752629160881042,0.762499988079071,0.40666666626930237,0.8922693133354187,0.2800951600074768
160,1,tanh,adam,0.01,0.30000000000000004,1e-06,1553,COMPLETED,0.8752590417861938,0.7629629373550415,0.34333333373069763,0.8857855200767517,0.288631796836853
256,1,tanh,adam,0.003,0.2,0.001,0002,COMPLETED,0.8752551674842834,0.714893639087677,0.5600000023841858,0.9007481336593628,0.29094526171684265
144,2,elu,rmsprop,0.001,0.2,0.001,1765,COMPLETED,0.8752453923225403,0.7231638431549072,0.4266666769981384,0.8897755742073059,0.2980645000934601
64,1,tanh,rmsprop,0.0003,0.1,0.001,1802,COMPLETED,0.8752326965332031,0.6859903335571289,0.47333332896232605,0.888778030872345,0.3023531138896942
240,4,relu,rmsprop,0.001,0.0,0.001,1117,COMPLETED,0.8752022981643677,0.7424242496490479,0.49000000953674316,0.8982543349266052,0.31029385328292847
64,3,relu,rmsprop,0.003,0.2,0.0001,1320,COMPLETED,0.8752003908157349,0.7555555701255798,0.4533333480358124,0.8962593674659729,0.32053622603416443
64,2,tanh,rmsprop,0.001,0.0,1e-06,1086,COMPLETED,0.8751965165138245,0.7411764860153198,0.41999998688697815,0.8912718296051025,0.2755470275878906
16,2,relu,rmsprop,0.001,0.0,1e-06,0809,COMPLETED,0.8751857280731201,0.6902654767036438,0.5199999809265137,0.8932668566703796,0.2788449227809906
240,4,elu,adam,0.003,0.4,0.0,0695,COMPLETED,0.8751837611198425,0.7916666865348816,0.12666666507720947,0.8643391728401184,0.31749090552330017
112,1,relu,rmsprop,0.003,0.4,0.001,1179,COMPLETED,0.8751681447029114,0.7409326434135437,0.476666659116745,0.8967580795288086,0.32554489374160767
160,2,relu,adam,0.01,0.30000000000000004,1e-05,0820,COMPLETED,0.8751476407051086,0.7165775299072266,0.4466666579246521,0.8907730579376221,0.3167872726917267
160,3,elu,rmsprop,0.0003,0.0,0.0001,1063,COMPLETED,0.8751447200775146,0.7379679083824158,0.46000000834465027,0.8947631120681763,0.32341447472572327
96,4,elu,rmsprop,0.0003,0.2,0.0,1709,COMPLETED,0.8751407861709595,0.7081339955329895,0.4933333396911621,0.8937655687332153,0.275676429271698
96,3,relu,rmsprop,0.0003,0.30000000000000004,0.0001,0945,COMPLETED,0.8751339316368103,0.7048457860946655,0.5333333611488342,0.8967580795288086,0.30395036935806274
48,2,relu,rmsprop,0.001,0.4,1e-05,1822,COMPLETED,0.875128984451294,0.7216494679450989,0.46666666865348816,0.8932668566703796,0.28292232751846313
32,1,relu,rmsprop,0.001,0.30000000000000004,0.0,1961,COMPLETED,0.8751084804534912,0.7085201740264893,0.5266666412353516,0.8967580795288086,0.27893364429473877
80,2,relu,rmsprop,0.001,0.2,0.0,0065,COMPLETED,0.8750997185707092,0.699999988079071,0.49000000953674316,0.8922693133354187,0.2778090536594391
176,3,relu,rmsprop,0.003,0.1,0.0,0289,COMPLETED,0.875098705291748,0.770588219165802,0.43666666746139526,0.8962593674659729,0.2921864688396454
208,4,relu,rmsprop,0.0003,0.4,1e-06,0387,COMPLETED,0.8750909566879272,0.7192118167877197,0.4866666793823242,0.8947631120681763,0.28587812185287476
208,3,elu,adam,0.0003,0.4,0.001,1073,COMPLETED,0.8750899434089661,0.7122641801834106,0.503333330154419,0.895261824131012,0.4346057176589966
160,3,relu,rmsprop,0.01,0.0,0.0001,0959,COMPLETED,0.8750811815261841,0.7450980544090271,0.3799999952316284,0.8877805471420288,0.31146568059921265
128,4,relu,rmsprop,0.003,0.4,1e-05,0629,COMPLETED,0.8750752210617065,0.8266666531562805,0.20666666328907013,0.8748129606246948,0.3095477521419525
112,3,relu,adam,0.003,0.30000000000000004,0.001,1077,COMPLETED,0.8750665187835693,0.7117903828620911,0.5433333516120911,0.8987531065940857,0.2976321280002594
48,2,relu,adam,0.01,0.0,0.0001,1928,COMPLETED,0.8750576376914978,0.7112069129943848,0.550000011920929,0.8992518782615662,0.29536956548690796
128,4,relu,rmsprop,0.003,0.4,0.0001,1509,COMPLETED,0.8750508427619934,0.7470588088035583,0.4233333468437195,0.8922693133354187,0.3331151008605957
224,4,elu,adam,0.001,0.30000000000000004,0.001,0691,COMPLETED,0.8750479221343994,0.7388888597488403,0.44333332777023315,0.8932668566703796,0.2966984808444977
240,1,tanh,adam,0.001,0.0,1e-05,1717,COMPLETED,0.8750468492507935,0.7211538553237915,0.5,0.8962593674659729,0.28645506501197815
64,4,tanh,adam,0.01,0.30000000000000004,0.0,0579,COMPLETED,0.8750420808792114,0.7612903118133545,0.3933333456516266,0.8907730579376221,0.281152606010437
48,3,relu,rmsprop,0.001,0.30000000000000004,1e-06,1493,COMPLETED,0.8750312924385071,0.7313432693481445,0.49000000953674316,0.8967580795288086,0.27658286690711975
160,1,tanh,rmsprop,0.001,0.2,0.001,0299,COMPLETED,0.8750264644622803,0.6952381134033203,0.4866666793823242,0.8912718296051025,0.29246246814727783
48,4,tanh,adam,0.0003,0.30000000000000004,0.0001,0269,COMPLETED,0.8750205039978027,0.6692307591438293,0.5799999833106995,0.8942643404006958,0.2958888113498688
240,3,relu,adam,0.003,0.30000000000000004,0.001,1920,COMPLETED,0.8750185966491699,0.692307710647583,0.5699999928474426,0.8977556228637695,0.300994336605072
160,4,elu,rmsprop,0.003,0.2,0.0,0617,COMPLETED,0.8750137090682983,0.8297872543334961,0.25999999046325684,0.8812967538833618,0.2865488827228546
208,3,elu,rmsprop,0.0003,0.0,0.001,1921,COMPLETED,0.8750137090682983,0.7342995405197144,0.5066666603088379,0.8987531065940857,0.3015577495098114
48,3,elu,rmsprop,0.01,0.1,0.0001,0961,COMPLETED,0.8750107288360596,0.8148148059844971,0.2933333218097687,0.8842892646789551,0.31064844131469727
256,2,elu,adam,0.01,0.1,1e-06,1091,COMPLETED,0.875006914138794,0.7181817889213562,0.5266666412353516,0.8982543349266052,0.39454779028892517
160,2,elu,rmsprop,0.01,0.1,0.001,1403,COMPLETED,0.875002920627594,0.7663551568984985,0.273333340883255,0.878803014755249,0.3238597512245178
160,3,elu,adam,0.001,0.1,1e-05,1616,COMPLETED,0.874994158744812,0.7130434513092041,0.54666668176651,0.8992518782615662,0.281196653842926
208,2,relu,adam,0.003,0.1,1e-05,1423,COMPLETED,0.8749843835830688,0.7416267991065979,0.5166666507720947,0.9007481336593628,0.28734856843948364
208,1,elu,adam,0.003,0.1,1e-06,1774,COMPLETED,0.8749842643737793,0.7307692170143127,0.5066666603088379,0.8982543349266052,0.2919701039791107
160,4,relu,adam,0.003,0.2,0.0001,0687,COMPLETED,0.8749745488166809,0.7122641801834106,0.503333330154419,0.895261824131012,0.3068024814128876
256,2,tanh,adam,0.001,0.0,1e-05,1318,COMPLETED,0.8749687075614929,0.7400000095367432,0.4933333396911621,0.8982543349266052,0.28726497292518616
80,3,tanh,rmsprop,0.01,0.30000000000000004,0.0001,1967,COMPLETED,0.8749550580978394,0.748344361782074,0.3766666650772095,0.8877805471420288,0.32126590609550476
144,4,elu,rmsprop,0.0003,0.1,0.0,0808,COMPLETED,0.8749462366104126,0.7070707082748413,0.46666666865348816,0.8912718296051025,0.2759878933429718
128,4,elu,rmsprop,0.003,0.4,1e-05,0483,COMPLETED,0.874941349029541,0.7861635088920593,0.4166666567325592,0.8957605957984924,0.2951614260673523
32,2,tanh,rmsprop,0.01,0.1,0.0001,1334,COMPLETED,0.8749325275421143,0.7272727489471436,0.47999998927116394,0.895261824131012,0.3029524087905884
144,3,relu,rmsprop,0.001,0.2,1e-06,0328,COMPLETED,0.8749315738677979,0.7136150002479553,0.5066666603088379,0.8957605957984924,0.2786666750907898
224,2,relu,adam,0.001,0.0,0.0,0145,COMPLETED,0.8749100565910339,0.7222222089767456,0.5633333325386047,0.9022443890571594,0.27769574522972107
256,4,relu,rmsprop,0.003,0.2,1e-06,1680,COMPLETED,0.8749032020568848,0.7727272510528564,0.39666667580604553,0.8922693133354187,0.2964641749858856
64,1,tanh,adam,0.001,0.0,0.0,0431,COMPLETED,0.8748993277549744,0.7251184582710266,0.5099999904632568,0.8977556228637695,0.2811620533466339
112,3,elu,adam,0.01,0.0,1e-06,1057,COMPLETED,0.874895453453064,0.6619718074798584,0.6266666650772095,0.8962593674659729,0.30174317955970764
48,2,tanh,adam,0.0003,0.2,0.0,0055,COMPLETED,0.8748875856399536,0.7045454382896423,0.5166666507720947,0.895261824131012,0.2770250737667084
256,4,relu,rmsprop,0.01,0.1,0.0001,0710,COMPLETED,0.8748807311058044,0.7571428418159485,0.17666666209697723,0.8683291673660278,0.3274669349193573
32,1,tanh,rmsprop,0.01,0.0,0.0001,0537,COMPLETED,0.874879777431488,0.7417582273483276,0.44999998807907104,0.8942643404006958,0.2859668731689453
224,4,elu,rmsprop,0.001,0.30000000000000004,0.0001,1578,COMPLETED,0.8748739361763,0.7541899681091309,0.44999998807907104,0.8957605957984924,0.3411976099014282
240,3,elu,rmsprop,0.0003,0.0,1e-05,0782,COMPLETED,0.8748700618743896,0.7368420958518982,0.46666666865348816,0.895261824131012,0.2820132374763489
48,4,elu,rmsprop,0.0003,0.30000000000000004,0.001,1881,COMPLETED,0.8748582601547241,0.6886792182922363,0.4866666793823242,0.8902742862701416,0.3247729241847992
80,3,tanh,adam,0.01,0.4,1e-05,1125,COMPLETED,0.8748562932014465,0.7634408473968506,0.23666666448116302,0.8748129606246948,0.30798253417015076
208,4,elu,adam,0.0003,0.0,1e-06,1560,COMPLETED,0.874851405620575,0.7252252101898193,0.5366666913032532,0.9002493619918823,0.28534135222435
16,4,elu,adam,0.01,0.2,0.0,0664,COMPLETED,0.8748505115509033,0.7393617033958435,0.4633333384990692,0.895261824131012,0.28850802779197693
48,4,tanh,rmsprop,0.01,0.30000000000000004,1e-05,1358,COMPLETED,0.8748456239700317,0.7382199168205261,0.4699999988079071,0.8957605957984924,0.2874032258987427
48,4,elu,rmsprop,0.0003,0.0,1e-06,1276,COMPLETED,0.874839723110199,0.75,0.49000000953674316,0.8992518782615662,0.27473482489585876
192,3,elu,rmsprop,0.0003,0.1,0.001,1670,COMPLETED,0.874839723110199,0.7305699586868286,0.4699999988079071,0.8947631120681763,0.44073018431663513
256,3,relu,adam,0.01,0.2,0.0,1360,COMPLETED,0.8748328685760498,0.8360655903816223,0.17000000178813934,0.8708229660987854,0.31498998403549194
48,1,relu,rmsprop,0.0003,0.0,0.0,1108,COMPLETED,0.874832808971405,0.693965494632721,0.5366666913032532,0.895261824131012,0.28958091139793396
48,2,tanh,adam,0.0003,0.4,0.0001,0288,COMPLETED,0.8748289346694946,0.6898148059844971,0.49666666984558105,0.8912718296051025,0.2881960868835449
32,2,relu,rmsprop,0.0003,0.2,1e-06,1783,COMPLETED,0.8748221397399902,0.6776859760284424,0.54666668176651,0.8932668566703796,0.2810008227825165
256,4,elu,rmsprop,0.0003,0.0,1e-05,1024,COMPLETED,0.874821126461029,0.7368420958518982,0.46666666865348816,0.895261824131012,0.2869914174079895
176,1,elu,adam,0.003,0.30000000000000004,0.001,0734,COMPLETED,0.874789834022522,0.7360405921936035,0.4833333194255829,0.8967580795288086,0.29369670152664185
224,4,relu,rmsprop,0.001,0.0,0.0001,1999,COMPLETED,0.8747859001159668,0.7643678188323975,0.44333332777023315,0.8962593674659729,0.34165680408477783
240,1,relu,rmsprop,0.0003,0.0,1e-05,0789,COMPLETED,0.8747849464416504,0.6942148804664612,0.5600000023841858,0.8972568511962891,0.2902526259422302
160,1,tanh,adam,0.01,0.4,1e-05,1786,COMPLETED,0.8747830390930176,0.7292817831039429,0.4399999976158142,0.891770601272583,0.31160590052604675
48,2,elu,adam,0.01,0.4,0.0001,0254,COMPLETED,0.8747634291648865,0.8235294222831726,0.23333333432674408,0.8778054714202881,0.319177508354187
128,3,relu,rmsprop,0.01,0.1,0.001,1345,COMPLETED,0.8747614622116089,0.7666666507720947,0.38333332538604736,0.8902742862701416,0.3101378083229065
128,3,relu,adam,0.001,0.0,1e-06,0686,COMPLETED,0.8747400045394897,0.6962025165557861,0.550000011920929,0.8967580795288086,0.289317786693573
96,2,tanh,adam,0.003,0.1,0.001,0722,COMPLETED,0.874731183052063,0.717391312122345,0.550000011920929,0.9002493619918823,0.29330092668533325
144,3,relu,adam,0.003,0.1,0.0,1839,COMPLETED,0.8747018575668335,0.720588207244873,0.49000000953674316,0.895261824131012,0.28398406505584717
224,1,elu,rmsprop,0.003,0.1,1e-05,0161,COMPLETED,0.8746861815452576,0.7382199168205261,0.4699999988079071,0.8957605957984924,0.28554773330688477
96,4,tanh,adam,0.003,0.1,0.0001,1645,COMPLETED,0.8746842741966248,0.7272727489471436,0.47999998927116394,0.895261824131012,0.31019827723503113
16,1,elu,rmsprop,0.0003,0.30000000000000004,0.001,0764,COMPLETED,0.8746823072433472,0.6891891956329346,0.5099999904632568,0.8922693133354187,0.2912987470626831
208,1,elu,adam,0.003,0.0,0.001,0478,COMPLETED,0.874675452709198,0.7063829898834229,0.5533333420753479,0.8987531065940857,0.29650071263313293
256,4,relu,adam,0.01,0.1,0.0001,1458,COMPLETED,0.8746656775474548,0.6791666746139526,0.5433333516120911,0.8932668566703796,0.3151806592941284
16,4,elu,adam,0.0003,0.0,0.0001,0188,COMPLETED,0.8746559619903564,0.7031963467597961,0.5133333206176758,0.8947631120681763,0.28906750679016113
64,1,relu,adam,0.01,0.4,0.0001,0775,COMPLETED,0.8746529817581177,0.74210524559021,0.4699999988079071,0.8962593674659729,0.3061103820800781
112,4,tanh,adam,0.003,0.1,0.0,1500,COMPLETED,0.8746324777603149,0.7692307829856873,0.4000000059604645,0.8922693133354187,0.2804644703865051
224,1,relu,rmsprop,0.003,0.4,1e-06,1966,COMPLETED,0.8746236562728882,0.7233009934425354,0.49666666984558105,0.8962593674659729,0.28107979893684387
160,2,relu,rmsprop,0.01,0.0,0.0001,1113,COMPLETED,0.8746217489242554,0.7666666507720947,0.38333332538604736,0.8902742862701416,0.31824058294296265
16,3,elu,adam,0.003,0.0,0.0001,0498,COMPLETED,0.8746157884597778,0.7401960492134094,0.503333330154419,0.8992518782615662,0.2826305329799652
192,1,elu,rmsprop,0.0003,0.30000000000000004,0.0001,1808,COMPLETED,0.874613881111145,0.6944444179534912,0.5,0.8922693133354187,0.29502713680267334
128,3,elu,adam,0.003,0.2,0.0,1795,COMPLETED,0.8746031522750854,0.6730037927627563,0.5899999737739563,0.8957605957984924,0.3570072650909424
160,4,relu,rmsprop,0.01,0.1,1e-05,1964,COMPLETED,0.8745845556259155,0.8507462739944458,0.1899999976158142,0.8738154768943787,0.36160165071487427
240,4,elu,adam,0.003,0.30000000000000004,1e-05,1564,COMPLETED,0.8745777010917664,0.7588235139846802,0.4300000071525574,0.8942643404006958,0.299299031496048
80,4,relu,rmsprop,0.001,0.30000000000000004,1e-06,1140,COMPLETED,0.8745757937431335,0.7067307829856873,0.49000000953674316,0.8932668566703796,0.2935991585254669
160,3,tanh,rmsprop,0.003,0.0,0.0001,1695,COMPLETED,0.8745591640472412,0.7383720874786377,0.4233333468437195,0.8912718296051025,0.30679935216903687
224,4,elu,adam,0.0003,0.2,0.0,0350,COMPLETED,0.8745474219322205,0.7124463319778442,0.5533333420753479,0.8997506499290466,0.2779957056045532
16,4,tanh,rmsprop,0.0003,0.30000000000000004,0.0001,0887,COMPLETED,0.8745474219322205,0.652830183506012,0.5766666531562805,0.8907730579376221,0.28438547253608704
96,3,relu,rmsprop,0.01,0.30000000000000004,0.0001,0740,COMPLETED,0.8745464086532593,0.75,0.10000000149011612,0.8603491187095642,0.3534836173057556
112,4,relu,adam,0.003,0.2,0.0001,1137,COMPLETED,0.8745375871658325,0.694779098033905,0.5766666531562805,0.8987531065940857,0.3105833828449249
80,2,relu,rmsprop,0.001,0.30000000000000004,0.0001,1744,COMPLETED,0.874512255191803,0.6929824352264404,0.5266666412353516,0.8942643404006958,0.2969138026237488
16,4,elu,rmsprop,0.001,0.4,0.001,1854,COMPLETED,0.8744926452636719,0.6965174078941345,0.46666666865348816,0.8897755742073059,0.30261367559432983
96,4,elu,rmsprop,0.003,0.30000000000000004,1e-06,1003,COMPLETED,0.8744906783103943,0.7570621371269226,0.4466666579246521,0.8957605957984924,0.2824295461177826
96,2,tanh,adam,0.01,0.30000000000000004,1e-06,0922,COMPLETED,0.8744877576828003,0.7078651785850525,0.41999998688697815,0.8872817754745483,0.2823840081691742
160,3,relu,rmsprop,0.001,0.2,1e-05,1464,COMPLETED,0.8744829297065735,0.7393617033958435,0.4633333384990692,0.895261824131012,0.28486916422843933
256,3,elu,adam,0.01,0.2,0.0,0120,COMPLETED,0.8744760751724243,0.7579618096351624,0.39666667580604553,0.8907730579376221,0.31537917256355286
48,4,relu,rmsprop,0.003,0.0,1e-05,0561,COMPLETED,0.8744751214981079,0.7407407164573669,0.46666666865348816,0.8957605957984924,0.2822195887565613
240,4,tanh,rmsprop,0.003,0.0,1e-06,0636,COMPLETED,0.874468207359314,0.732876718044281,0.3566666543483734,0.8842892646789551,0.2805682122707367
32,2,tanh,adam,0.0003,0.4,0.0,1704,COMPLETED,0.8744673132896423,0.6943231225013733,0.5299999713897705,0.8947631120681763,0.2771666347980499
144,4,elu,adam,0.0003,0.0,1e-06,0496,COMPLETED,0.8744614124298096,0.7244444489479065,0.5433333516120911,0.9007481336593628,0.277373731136322
224,3,elu,rmsprop,0.0003,0.30000000000000004,1e-05,1123,COMPLETED,0.8744604587554932,0.7203791737556458,0.5066666603088379,0.8967580795288086,0.27916792035102844
176,3,relu,rmsprop,0.001,0.0,1e-06,0703,COMPLETED,0.8744486570358276,0.74301677942276,0.44333332777023315,0.8937655687332153,0.2780602276325226
256,2,relu,adam,0.01,0.0,0.0,0397,COMPLETED,0.8744457960128784,0.7513513565063477,0.4633333384990692,0.8967580795288086,0.2912400960922241
176,2,elu,rmsprop,0.0003,0.1,0.001,1240,COMPLETED,0.8744379281997681,0.7291666865348816,0.46666666865348816,0.8942643404006958,0.3845912516117096
48,1,elu,rmsprop,0.003,0.0,1e-06,1154,COMPLETED,0.8744330406188965,0.7313432693481445,0.49000000953674316,0.8967580795288086,0.28033676743507385
96,2,elu,rmsprop,0.001,0.4,0.001,0699,COMPLETED,0.8744213581085205,0.737500011920929,0.3933333456516266,0.8882793188095093,0.30228540301322937
48,3,tanh,adam,0.0003,0.2,0.001,0194,COMPLETED,0.8744145035743713,0.7031963467597961,0.5133333206176758,0.8947631120681763,0.327548623085022
208,2,elu,adam,0.003,0.2,0.001,0805,COMPLETED,0.8744105100631714,0.7315789461135864,0.4633333384990692,0.8942643404006958,0.30237510800361633
224,2,elu,rmsprop,0.001,0.1,1e-05,0880,COMPLETED,0.8744086027145386,0.7431694269180298,0.4533333480358124,0.8947631120681763,0.28353068232536316
112,1,tanh,rmsprop,0.01,0.2,1e-06,0039,COMPLETED,0.8744046688079834,0.7445255517959595,0.3400000035762787,0.8837905526161194,0.28664931654930115
80,2,relu,adam,0.003,0.4,0.001,1852,COMPLETED,0.8744027614593506,0.7083333134651184,0.5666666626930237,0.9002493619918823,0.3044433891773224
144,1,elu,rmsprop,0.003,0.30000000000000004,0.0,0198,COMPLETED,0.8744017481803894,0.7309644818305969,0.47999998927116394,0.8957605957984924,0.27703866362571716
128,4,elu,rmsprop,0.001,0.30000000000000004,1e-05,0231,COMPLETED,0.8743997812271118,0.7373737096786499,0.4866666793823242,0.8972568511962891,0.2810228168964386
128,2,relu,rmsprop,0.01,0.4,0.001,1006,COMPLETED,0.874397873878479,0.7291666865348816,0.23333333432674408,0.872319221496582,0.317059189081192
64,3,relu,rmsprop,0.001,0.1,0.0001,1052,COMPLETED,0.8743919730186462,0.7254902124404907,0.4933333396911621,0.8962593674659729,0.2962266206741333
240,3,elu,adam,0.001,0.1,1e-06,0965,COMPLETED,0.8743841648101807,0.694915235042572,0.54666668176651,0.8962593674659729,0.306525319814682
192,2,tanh,rmsprop,0.003,0.1,0.0,1343,COMPLETED,0.8743646144866943,0.7599999904632568,0.44333332777023315,0.8957605957984924,0.2803412079811096
80,3,relu,rmsprop,0.01,0.0,0.0001,0745,COMPLETED,0.8743264675140381,0.75,0.4000000059604645,0.8902742862701416,0.30916768312454224
208,1,elu,rmsprop,0.003,0.0,1e-05,1436,COMPLETED,0.8743236064910889,0.7178217768669128,0.4833333194255829,0.8942643404006958,0.2837374806404114
128,2,relu,rmsprop,0.001,0.0,0.001,1054,COMPLETED,0.8743118643760681,0.7281553149223328,0.5,0.8972568511962891,0.325565904378891
208,2,tanh,rmsprop,0.003,0.1,0.0001,0162,COMPLETED,0.874305009841919,0.7225130796432495,0.46000000834465027,0.8927680850028992,0.30333805084228516
144,2,tanh,rmsprop,0.01,0.2,0.0,0785,COMPLETED,0.8743049502372742,0.8421052694320679,0.3199999928474426,0.8892768025398254,0.28555774688720703
160,3,elu,rmsprop,0.003,0.2,1e-05,0454,COMPLETED,0.8742972016334534,0.7535211443901062,0.3566666543483734,0.8862842917442322,0.3100464940071106
112,2,relu,adam,0.01,0.2,0.0,0793,COMPLETED,0.874277651309967,0.8288288116455078,0.30666667222976685,0.8867830634117126,0.29720035195350647
192,2,relu,adam,0.003,0.0,0.001,1297,COMPLETED,0.8742746710777283,0.7257384061813354,0.5733333230018616,0.903740644454956,0.29556095600128174
32,2,elu,rmsprop,0.01,0.4,1e-06,1336,COMPLETED,0.8742737174034119,0.7348066568374634,0.44333332777023315,0.8927680850028992,0.2825371026992798
176,4,relu,rmsprop,0.003,0.2,1e-05,1370,COMPLETED,0.8742687702178955,0.8155339956283569,0.2800000011920929,0.8827930092811584,0.29930877685546875
96,2,tanh,adam,0.0003,0.0,0.0,1305,COMPLETED,0.8742542266845703,0.71875,0.5366666913032532,0.8992518782615662,0.28157588839530945
176,1,tanh,adam,0.01,0.30000000000000004,0.0,0768,COMPLETED,0.8742541670799255,0.7268041372299194,0.4699999988079071,0.8942643404006958,0.29018712043762207
80,4,elu,rmsprop,0.001,0.30000000000000004,0.001,0274,COMPLETED,0.874252200126648,0.7434210777282715,0.3766666650772095,0.8872817754745483,0.3220856785774231
240,2,tanh,rmsprop,0.003,0.1,1e-06,0606,COMPLETED,0.8742482662200928,0.7592592835426331,0.4099999964237213,0.8922693133354187,0.2824273109436035
208,4,tanh,adam,0.003,0.4,1e-05,1858,COMPLETED,0.87424635887146,0.723809540271759,0.5066666603088379,0.8972568511962891,0.29316985607147217
16,4,tanh,adam,0.003,0.30000000000000004,1e-06,0600,COMPLETED,0.8742395639419556,0.6746987700462341,0.5600000023841858,0.8937655687332153,0.2775689363479614
224,3,relu,adam,0.01,0.1,0.0001,1638,COMPLETED,0.87422776222229,0.7487179636955261,0.4866666793823242,0.8987531065940857,0.2971440255641937
208,4,relu,adam,0.003,0.0,1e-05,0930,COMPLETED,0.8742238879203796,0.7224669456481934,0.54666668176651,0.9007481336593628,0.3017616271972656
80,1,elu,rmsprop,0.001,0.4,1e-05,1384,COMPLETED,0.8742199540138245,0.6990740895271301,0.503333330154419,0.8932668566703796,0.28164252638816833
128,4,tanh,adam,0.003,0.2,0.0001,1788,COMPLETED,0.8742101788520813,0.7159090638160706,0.41999998688697815,0.8882793188095093,0.31222420930862427
176,4,relu,rmsprop,0.003,0.2,1e-06,0149,COMPLETED,0.8742013573646545,0.7748344540596008,0.38999998569488525,0.891770601272583,0.28877586126327515
16,2,relu,rmsprop,0.001,0.2,0.0001,1299,COMPLETED,0.874199390411377,0.7300000190734863,0.4866666793823242,0.8962593674659729,0.29516202211380005
80,3,relu,adam,0.01,0.0,0.0001,1861,COMPLETED,0.8741974830627441,0.7188940048217773,0.5199999809265137,0.8977556228637695,0.2980298101902008
32,2,relu,rmsprop,0.001,0.4,0.0,0001,COMPLETED,0.8741847276687622,0.698019802570343,0.4699999988079071,0.8902742862701416,0.2815955877304077
256,3,elu,adam,0.01,0.0,0.0,0276,COMPLETED,0.8741534948348999,0.7405405640602112,0.4566666781902313,0.8947631120681763,0.28205448389053345
48,3,relu,adam,0.0003,0.0,1e-06,1075,COMPLETED,0.8741427659988403,0.6973684430122375,0.5299999713897705,0.895261824131012,0.28332677483558655
128,3,tanh,rmsprop,0.003,0.1,0.0001,1235,COMPLETED,0.8741426467895508,0.713567852973938,0.47333332896232605,0.8927680850028992,0.3011006712913513
224,2,elu,rmsprop,0.0003,0.0,0.001,0531,COMPLETED,0.8741329312324524,0.7329843044281006,0.46666666865348816,0.8947631120681763,0.30890360474586487
240,4,tanh,rmsprop,0.003,0.2,1e-05,0286,COMPLETED,0.8741260766983032,0.7095237970352173,0.49666666984558105,0.8942643404006958,0.2951182723045349
48,3,relu,rmsprop,0.0003,0.1,0.0,0811,COMPLETED,0.8741241693496704,0.7053571343421936,0.5266666412353516,0.8962593674659729,0.27887675166130066
64,1,tanh,rmsprop,0.003,0.30000000000000004,0.001,0698,COMPLETED,0.8741192817687988,0.710659921169281,0.46666666865348816,0.891770601272583,0.29234930872917175
192,2,tanh,rmsprop,0.001,0.0,1e-06,0173,COMPLETED,0.8741016387939453,0.7586206793785095,0.4399999976158142,0.895261824131012,0.2788086235523224
224,2,elu,rmsprop,0.003,0.2,1e-06,1601,COMPLETED,0.8740957975387573,0.8103448152542114,0.31333333253860474,0.8862842917442322,0.2861991226673126
112,2,elu,adam,0.003,0.30000000000000004,1e-06,0718,COMPLETED,0.8740869760513306,0.7486631274223328,0.46666666865348816,0.8967580795288086,0.29363736510276794
240,4,elu,adam,0.003,0.30000000000000004,0.0001,1138,COMPLETED,0.8740792274475098,0.717391312122345,0.550000011920929,0.9002493619918823,0.3320441246032715
176,1,relu,rmsprop,0.003,0.2,0.001,1282,COMPLETED,0.874076247215271,0.7409326434135437,0.476666659116745,0.8967580795288086,0.31940844655036926
224,4,elu,rmsprop,0.003,0.1,0.001,1207,COMPLETED,0.8740743398666382,0.7333333492279053,0.476666659116745,0.8957605957984924,0.3010791838169098
112,2,tanh,adam,0.0003,0.30000000000000004,0.001,0216,COMPLETED,0.8740654587745667,0.7085427045822144,0.4699999988079071,0.891770601272583,0.3202179968357086
176,4,relu,adam,0.003,0.4,0.0001,0902,COMPLETED,0.8740469217300415,0.6984127163887024,0.5866666436195374,0.9002493619918823,0.3317605257034302
240,2,elu,rmsprop,0.001,0.30000000000000004,0.0001,0064,COMPLETED,0.8740186095237732,0.7397959232330322,0.4833333194255829,0.8972568511962891,0.30498766899108887
160,3,relu,rmsprop,0.003,0.1,0.0001,1525,COMPLETED,0.874011754989624,0.7428571581840515,0.4333333373069763,0.8927680850028992,0.31214895844459534
144,2,elu,adam,0.003,0.1,1e-06,0648,COMPLETED,0.8739774823188782,0.7513513565063477,0.4633333384990692,0.8967580795288086,0.2892453968524933
128,1,tanh,adam,0.003,0.2,0.001,0919,COMPLETED,0.873971700668335,0.7227723002433777,0.4866666793823242,0.895261824131012,0.2891245484352112
224,4,tanh,adam,0.003,0.2,1e-05,0693,COMPLETED,0.8739668130874634,0.7236180901527405,0.47999998927116394,0.8947631120681763,0.3056643009185791
64,3,relu,rmsprop,0.01,0.2,1e-05,1495,COMPLETED,0.8739237785339355,0.7837837934494019,0.09666666388511658,0.8608478903770447,0.34812551736831665
16,4,elu,adam,0.0003,0.4,0.0001,0755,COMPLETED,0.8739091157913208,0.6941176652908325,0.5899999737739563,0.8997506499290466,0.2798372805118561
192,3,relu,adam,0.003,0.2,1e-06,0505,COMPLETED,0.8739091157913208,0.764397919178009,0.4866666793823242,0.9007481336593628,0.28560957312583923
192,1,elu,adam,0.003,0.0,1e-06,0006,COMPLETED,0.873906135559082,0.7298578023910522,0.5133333206176758,0.8987531065940857,0.2885143458843231
112,3,tanh,rmsprop,0.003,0.0,0.0,0540,COMPLETED,0.8739042282104492,0.7337278127670288,0.41333332657814026,0.8897755742073059,0.28164198994636536
48,2,relu,adam,0.003,0.2,0.001,1065,COMPLETED,0.873903214931488,0.7203390002250671,0.5666666626930237,0.9022443890571594,0.29670560359954834
80,4,tanh,rmsprop,0.003,0.1,0.0,0615,COMPLETED,0.873903214931488,0.7101449370384216,0.49000000953674316,0.8937655687332153,0.27544862031936646
16,3,relu,adam,0.01,0.1,0.0001,1452,COMPLETED,0.873894453048706,0.6968504190444946,0.5899999737739563,0.9002493619918823,0.2890593707561493
128,4,relu,adam,0.001,0.0,0.001,0253,COMPLETED,0.873871922492981,0.7039999961853027,0.5866666436195374,0.9012469053268433,0.30303651094436646
256,3,tanh,rmsprop,0.001,0.1,1e-06,1826,COMPLETED,0.8738611936569214,0.7379679083824158,0.46000000834465027,0.8947631120681763,0.27927884459495544
16,4,tanh,rmsprop,0.0003,0.30000000000000004,1e-06,1264,COMPLETED,0.873850405216217,0.6474820375442505,0.6000000238418579,0.8912718296051025,0.28290942311286926
160,1,elu,rmsprop,0.0003,0.2,0.001,0724,COMPLETED,0.873844563961029,0.6933962106704712,0.49000000953674316,0.8912718296051025,0.3241017460823059
208,4,tanh,rmsprop,0.01,0.1,1e-05,0654,COMPLETED,0.8738387227058411,0.7426900863647461,0.4233333468437195,0.891770601272583,0.36002317070961
32,2,relu,rmsprop,0.01,0.4,1e-06,0375,COMPLETED,0.8738260269165039,0.7722772359848022,0.25999999046325684,0.8778054714202881,0.29241782426834106
32,2,tanh,rmsprop,0.01,0.0,1e-06,0389,COMPLETED,0.8738162517547607,0.751724123954773,0.3633333444595337,0.8867830634117126,0.2843727171421051
176,4,elu,adam,0.001,0.4,0.001,0379,COMPLETED,0.8738123178482056,0.7707006335258484,0.4033333361148834,0.8927680850028992,0.2968909442424774
144,1,elu,rmsprop,0.0003,0.4,1e-05,1183,COMPLETED,0.8737908005714417,0.6891891956329346,0.5099999904632568,0.8922693133354187,0.2857738435268402
128,4,tanh,adam,0.001,0.0,1e-05,0501,COMPLETED,0.8737839460372925,0.7657142877578735,0.4466666579246521,0.8967580795288086,0.2846466600894928
128,2,elu,rmsprop,0.003,0.2,0.001,1910,COMPLETED,0.8737761378288269,0.7810218930244446,0.3566666543483734,0.888778030872345,0.30601966381073
80,2,relu,rmsprop,0.003,0.4,0.001,0878,COMPLETED,0.8737448453903198,0.7277227640151978,0.49000000953674316,0.8962593674659729,0.3285488188266754
128,2,elu,rmsprop,0.003,0.2,1e-05,1698,COMPLETED,0.8737438917160034,0.759036123752594,0.41999998688697815,0.8932668566703796,0.2847522497177124
144,3,relu,rmsprop,0.01,0.4,1e-05,1647,COMPLETED,0.873742938041687,0.0,0.0,0.8493765592575073,0.39970260858535767
128,2,elu,rmsprop,0.0003,0.0,1e-06,1413,COMPLETED,0.8737360239028931,0.7352941036224365,0.5,0.8982543349266052,0.27625536918640137
96,2,elu,adam,0.003,0.30000000000000004,1e-05,1364,COMPLETED,0.8736999034881592,0.7526316046714783,0.476666659116745,0.8982543349266052,0.2812447249889374
208,3,tanh,rmsprop,0.003,0.1,1e-05,1238,COMPLETED,0.873698890209198,0.7485029697418213,0.4166666567325592,0.891770601272583,0.2904382646083832
128,3,relu,adam,0.003,0.1,1e-06,0152,COMPLETED,0.8736950159072876,0.7161017060279846,0.5633333325386047,0.9012469053268433,0.28621265292167664
32,4,relu,adam,0.001,0.0,0.0001,1853,COMPLETED,0.873690128326416,0.6913580298423767,0.5600000023841858,0.8967580795288086,0.29414960741996765
128,3,relu,adam,0.01,0.4,1e-06,0093,COMPLETED,0.8736891746520996,0.8139534592628479,0.23333333432674408,0.8773067593574524,0.297525018453598
208,2,tanh,rmsprop,0.003,0.2,1e-06,1677,COMPLETED,0.8736803531646729,0.7458563446998596,0.44999998807907104,0.8947631120681763,0.2804248631000519
32,3,relu,rmsprop,0.001,0.30000000000000004,0.0,0958,COMPLETED,0.8736666440963745,0.6926605701446533,0.503333330154419,0.8922693133354187,0.2802410423755646
64,3,relu,rmsprop,0.0003,0.4,0.0,1533,COMPLETED,0.8736598491668701,0.6973684430122375,0.5299999713897705,0.895261824131012,0.2794775068759918
16,2,elu,rmsprop,0.0003,0.30000000000000004,1e-05,1110,COMPLETED,0.8736597895622253,0.6991150379180908,0.5266666412353516,0.895261824131012,0.2817879915237427
208,4,relu,adam,0.003,0.0,0.001,0351,COMPLETED,0.8736519813537598,0.7239819169044495,0.5333333611488342,0.8997506499290466,0.294910192489624
112,4,relu,rmsprop,0.001,0.1,0.0,1631,COMPLETED,0.8736481070518494,0.7254902124404907,0.4933333396911621,0.8962593674659729,0.27591902017593384
48,4,relu,rmsprop,0.001,0.30000000000000004,1e-05,0547,COMPLETED,0.8736480474472046,0.6972476840019226,0.5066666603088379,0.8932668566703796,0.2853319048881531
176,3,relu,rmsprop,0.003,0.2,0.0001,0381,COMPLETED,0.8736197352409363,0.7456647157669067,0.4300000071525574,0.8927680850028992,0.3186330497264862
80,3,relu,adam,0.003,0.0,1e-06,1886,COMPLETED,0.87360018491745,0.709956705570221,0.54666668176651,0.8987531065940857,0.2831977605819702
48,3,relu,adam,0.01,0.4,1e-06,1830,COMPLETED,0.873597264289856,0.7739726305007935,0.3766666650772095,0.8902742862701416,0.29123473167419434
192,3,relu,rmsprop,0.003,0.4,0.0001,0840,COMPLETED,0.873597264289856,0.7393617033958435,0.4633333384990692,0.895261824131012,0.336698055267334
128,4,elu,rmsprop,0.003,0.1,1e-05,1944,COMPLETED,0.873582661151886,0.8130841255187988,0.28999999165534973,0.8837905526161194,0.31018388271331787
32,2,relu,rmsprop,0.001,0.2,0.0001,0761,COMPLETED,0.8735805749893188,0.734375,0.4699999988079071,0.895261824131012,0.29451027512550354
176,3,elu,rmsprop,0.003,0.1,0.0,0848,COMPLETED,0.873575747013092,0.7751938104629517,0.3333333432674408,0.8857855200767517,0.28841036558151245
16,2,tanh,adam,0.01,0.0,0.0,0214,COMPLETED,0.8735718727111816,0.7127659320831299,0.4466666579246521,0.8902742862701416,0.2776697278022766
112,2,tanh,adam,0.01,0.2,1e-06,0169,COMPLETED,0.8735268712043762,0.7647058963775635,0.3466666638851166,0.8862842917442322,0.28363892436027527
112,2,relu,adam,0.01,0.4,0.0,1818,COMPLETED,0.8735092878341675,0.8125,0.25999999046325684,0.8802992701530457,0.3245953917503357
48,1,relu,adam,0.01,0.1,1e-05,0621,COMPLETED,0.8735054135322571,0.7061224579811096,0.5766666531562805,0.9007481336593628,0.2953416109085083
64,2,relu,adam,0.01,0.1,0.0,0694,COMPLETED,0.8734995126724243,0.7260273694992065,0.5299999713897705,0.8997506499290466,0.28866100311279297
48,1,relu,rmsprop,0.01,0.2,0.0001,1499,COMPLETED,0.8734818696975708,0.7352941036224365,0.3333333432674408,0.882294237613678,0.3187682628631592
176,4,relu,adam,0.001,0.1,0.0,1287,COMPLETED,0.873479962348938,0.7021276354789734,0.550000011920929,0.8977556228637695,0.28002962470054626
128,3,relu,adam,0.003,0.30000000000000004,0.001,0576,COMPLETED,0.8734750747680664,0.7256637215614319,0.54666668176651,0.9012469053268433,0.30535227060317993
64,1,tanh,rmsprop,0.0003,0.2,0.001,0122,COMPLETED,0.873462438583374,0.6919431090354919,0.4866666793823242,0.8907730579376221,0.3049878776073456
32,1,elu,rmsprop,0.01,0.30000000000000004,1e-06,1192,COMPLETED,0.873421311378479,0.7538461685180664,0.3266666531562805,0.8832917809486389,0.2886127531528473
80,1,relu,rmsprop,0.01,0.30000000000000004,1e-05,1741,COMPLETED,0.8734164237976074,0.7692307829856873,0.23333333432674408,0.8748129606246948,0.3398905396461487
224,3,elu,rmsprop,0.003,0.1,0.001,0178,COMPLETED,0.873409628868103,0.75,0.41999998688697815,0.8922693133354187,0.3032779395580292
80,2,relu,rmsprop,0.001,0.2,1e-06,0836,COMPLETED,0.8734047412872314,0.7142857313156128,0.4833333194255829,0.8937655687332153,0.28003138303756714
112,3,relu,rmsprop,0.003,0.30000000000000004,0.0001,1085,COMPLETED,0.8734037280082703,0.739130437374115,0.4533333480358124,0.8942643404006958,0.3222256302833557
192,2,elu,rmsprop,0.003,0.30000000000000004,0.001,0364,COMPLETED,0.8734036684036255,0.7432432174682617,0.36666667461395264,0.8862842917442322,0.31045663356781006
16,1,tanh,rmsprop,0.001,0.2,1e-06,0723,COMPLETED,0.8733929395675659,0.68544602394104,0.4866666793823242,0.8897755742073059,0.27673596143722534
208,3,relu,adam,0.01,0.30000000000000004,1e-05,0986,COMPLETED,0.87336266040802,0.821052610874176,0.25999999046325684,0.8807979822158813,0.3286619782447815
224,3,relu,adam,0.01,0.2,0.0001,1781,COMPLETED,0.8732972145080566,0.7553957104682922,0.3499999940395355,0.8857855200767517,0.34412720799446106
96,2,relu,rmsprop,0.003,0.1,0.001,0944,COMPLETED,0.8732961416244507,0.7337278127670288,0.41333332657814026,0.8897755742073059,0.3319914638996124
256,2,tanh,adam,0.003,0.0,0.001,0296,COMPLETED,0.8732923269271851,0.6705426573753357,0.5766666531562805,0.8942643404006958,0.3055799901485443
80,4,elu,rmsprop,0.01,0.1,0.001,1270,COMPLETED,0.8732854127883911,0.7614678740501404,0.27666667103767395,0.878803014755249,0.32005947828292847
176,2,relu,adam,0.001,0.0,0.0,1503,COMPLETED,0.8732765913009644,0.6741573214530945,0.6000000238418579,0.8967580795288086,0.27938127517700195
32,3,relu,rmsprop,0.0003,0.4,0.0,1656,COMPLETED,0.8732717633247375,0.7004608511924744,0.5066666603088379,0.8937655687332153,0.2799754738807678
176,3,relu,rmsprop,0.001,0.0,0.0001,1281,COMPLETED,0.87326979637146,0.7513513565063477,0.4633333384990692,0.8967580795288086,0.31475159525871277
80,1,tanh,rmsprop,0.01,0.1,0.0,1801,COMPLETED,0.8732649087905884,0.7267441749572754,0.4166666567325592,0.8892768025398254,0.2804182767868042
240,4,relu,rmsprop,0.001,0.0,0.0001,1792,COMPLETED,0.8732395172119141,0.7588235139846802,0.4300000071525574,0.8942643404006958,0.34615036845207214
192,2,relu,rmsprop,0.003,0.0,0.001,0467,COMPLETED,0.8732228875160217,0.7407407164573669,0.46666666865348816,0.8957605957984924,0.3075343370437622
144,2,relu,adam,0.01,0.0,1e-05,1654,COMPLETED,0.8732179999351501,0.7272727489471436,0.5333333611488342,0.9002493619918823,0.2987354099750519
48,4,tanh,adam,0.0003,0.30000000000000004,0.001,1644,COMPLETED,0.8732131123542786,0.7129629850387573,0.5133333206176758,0.8962593674659729,0.3230249881744385
224,4,relu,rmsprop,0.001,0.0,1e-05,1127,COMPLETED,0.873192548751831,0.75,0.44999998807907104,0.895261824131012,0.2876221537590027
176,4,elu,rmsprop,0.0003,0.0,1e-06,1424,COMPLETED,0.8731847405433655,0.7291666865348816,0.46666666865348816,0.8942643404006958,0.27919915318489075
64,2,relu,adam,0.01,0.30000000000000004,1e-05,1716,COMPLETED,0.8731798529624939,0.8372092843055725,0.23999999463558197,0.8793017268180847,0.31834152340888977
48,2,relu,adam,0.01,0.1,0.0,1502,COMPLETED,0.8731769323348999,0.7784090638160706,0.4566666781902313,0.8992518782615662,0.30642518401145935
80,2,relu,adam,0.003,0.0,0.0,1079,COMPLETED,0.8731740117073059,0.7112970948219299,0.5666666626930237,0.9007481336593628,0.27814561128616333
96,4,tanh,rmsprop,0.01,0.2,0.0,0056,COMPLETED,0.8731700778007507,0.7239583134651184,0.4633333384990692,0.8932668566703796,0.2757619321346283
176,2,tanh,adam,0.003,0.1,0.001,1425,COMPLETED,0.8731681108474731,0.6945606470108032,0.5533333420753479,0.8967580795288086,0.3026246726512909
192,1,elu,rmsprop,0.0003,0.4,1e-05,0228,COMPLETED,0.8731632232666016,0.6930232644081116,0.49666666984558105,0.891770601272583,0.28371450304985046
64,4,relu,rmsprop,0.01,0.1,0.001,1225,COMPLETED,0.8731504678726196,0.7904762029647827,0.27666667103767395,0.8807979822158813,0.31531792879104614
256,3,tanh,rmsprop,0.003,0.2,0.0,1027,COMPLETED,0.8731495141983032,0.822429895401001,0.2933333218097687,0.8847880363464355,0.28412970900535583
144,3,relu,adam,0.01,0.30000000000000004,0.0001,0769,COMPLETED,0.8731348514556885,0.7514792680740356,0.4233333468437195,0.8927680850028992,0.37219029664993286
16,2,relu,rmsprop,0.01,0.30000000000000004,0.001,0939,COMPLETED,0.8731338977813721,0.7727272510528564,0.2266666740179062,0.8743141889572144,0.3296244740486145
16,3,elu,rmsprop,0.01,0.1,0.0,0384,COMPLETED,0.8731300830841064,0.75,0.4699999988079071,0.8972568511962891,0.2781178653240204
256,1,relu,rmsprop,0.01,0.2,0.0001,1368,COMPLETED,0.8731290102005005,0.7767857313156128,0.28999999165534973,0.8812967538833618,0.3293193280696869
192,1,tanh,adam,0.01,0.30000000000000004,1e-06,1546,COMPLETED,0.8731290102005005,0.7368420958518982,0.3733333349227905,0.8862842917442322,0.2868040204048157
64,4,tanh,rmsprop,0.001,0.0,1e-05,1310,COMPLETED,0.8731280565261841,0.75,0.4399999976158142,0.8942643404006958,0.2813698351383209
48,3,elu,rmsprop,0.01,0.2,1e-05,1785,COMPLETED,0.8731231689453125,0.7789473533630371,0.24666666984558105,0.8768079876899719,0.299643874168396
160,2,tanh,rmsprop,0.003,0.1,1e-05,1743,COMPLETED,0.8731192350387573,0.7808219194412231,0.3799999952316284,0.8912718296051025,0.2867169678211212
16,4,elu,adam,0.0003,0.4,0.0,0502,COMPLETED,0.8731085062026978,0.6704980731010437,0.5833333134651184,0.8947631120681763,0.27511632442474365
176,3,elu,rmsprop,0.001,0.1,0.0001,1641,COMPLETED,0.8730762600898743,0.7393617033958435,0.4633333384990692,0.895261824131012,0.30665943026542664
160,3,relu,adam,0.003,0.2,0.0,0751,COMPLETED,0.8730078339576721,0.7551020383834839,0.4933333396911621,0.9002493619918823,0.28377917408943176
112,4,elu,rmsprop,0.01,0.0,1e-06,0437,COMPLETED,0.8730059266090393,0.7686567306518555,0.34333333373069763,0.8862842917442322,0.2888924479484558
160,2,elu,rmsprop,0.003,0.2,1e-05,1619,COMPLETED,0.8730058670043945,0.8031495809555054,0.3400000035762787,0.888778030872345,0.2869744598865509
48,1,tanh,rmsprop,0.01,0.4,0.0001,1122,COMPLETED,0.8730028867721558,0.7516340017318726,0.38333332538604736,0.888778030872345,0.2940164804458618
144,3,relu,rmsprop,0.01,0.4,0.0001,0119,COMPLETED,0.8729931116104126,0.7272727489471436,0.02666666731238365,0.852867841720581,0.3854162096977234
16,2,elu,rmsprop,0.003,0.4,0.001,1428,COMPLETED,0.8729931116104126,0.7421383857727051,0.3933333456516266,0.888778030872345,0.30392152070999146
192,2,tanh,adam,0.01,0.1,1e-06,1584,COMPLETED,0.8729844093322754,0.6901408433914185,0.49000000953674316,0.8907730579376221,0.30202361941337585
80,3,relu,adam,0.01,0.1,0.0001,1632,COMPLETED,0.8729843497276306,0.7935484051704407,0.4099999964237213,0.8957605957984924,0.32796767354011536
16,3,tanh,rmsprop,0.01,0.1,1e-06,0082,COMPLETED,0.8729472756385803,0.711442768573761,0.476666659116745,0.8927680850028992,0.2785242795944214
112,1,tanh,rmsprop,0.01,0.1,0.0001,0918,COMPLETED,0.8729374408721924,0.691919207572937,0.4566666781902313,0.8882793188095093,0.30405983328819275
144,4,tanh,rmsprop,0.01,0.1,1e-05,0396,COMPLETED,0.8729374408721924,0.7542372941970825,0.2966666519641876,0.8802992701530457,0.31917262077331543
224,3,tanh,rmsprop,0.01,0.0,1e-05,1239,COMPLETED,0.872923731803894,0.75,0.2800000011920929,0.8783042430877686,0.31654006242752075
96,4,elu,rmsprop,0.003,0.2,0.001,0810,COMPLETED,0.8729032278060913,0.7179487347602844,0.46666666865348816,0.8927680850028992,0.3027513325214386
224,2,relu,rmsprop,0.01,0.1,0.0001,0864,COMPLETED,0.8728934526443481,0.7692307829856873,0.2666666805744171,0.8783042430877686,0.3299175798892975
80,3,tanh,rmsprop,0.0003,0.4,0.0001,1446,COMPLETED,0.872883677482605,0.6752136945724487,0.5266666412353516,0.8912718296051025,0.3010924458503723
176,3,elu,adam,0.001,0.2,1e-05,0532,COMPLETED,0.8728797435760498,0.7318181991577148,0.5366666913032532,0.9012469053268433,0.28132301568984985
208,2,elu,adam,0.01,0.1,0.0001,1911,COMPLETED,0.8728641271591187,0.7124463319778442,0.5533333420753479,0.8997506499290466,0.3433743715286255
160,3,elu,rmsprop,0.0003,0.4,0.001,0499,COMPLETED,0.8728573322296143,0.698113203048706,0.4933333396911621,0.8922693133354187,0.5322028398513794
208,1,elu,rmsprop,0.003,0.4,0.001,0028,COMPLETED,0.8728504180908203,0.7094972133636475,0.4233333468437195,0.8877805471420288,0.3037194311618805
144,3,tanh,rmsprop,0.01,0.1,1e-05,0542,COMPLETED,0.8728368282318115,0.6853448152542114,0.5299999713897705,0.8932668566703796,0.33615824580192566
192,3,relu,rmsprop,0.01,0.0,0.0001,0205,COMPLETED,0.8728240728378296,0.7799999713897705,0.25999999046325684,0.8783042430877686,0.3176897168159485
256,4,relu,rmsprop,0.003,0.2,0.001,1847,COMPLETED,0.8728240728378296,0.7400000095367432,0.3700000047683716,0.8862842917442322,0.3192773461341858
112,2,tanh,rmsprop,0.003,0.0,1e-06,1047,COMPLETED,0.8728113770484924,0.7662337422370911,0.3933333456516266,0.8912718296051025,0.2832183241844177
48,2,relu,rmsprop,0.003,0.0,0.0,1462,COMPLETED,0.8728035688400269,0.7397959232330322,0.4833333194255829,0.8972568511962891,0.27819180488586426
256,2,relu,adam,0.01,0.0,1e-05,0434,COMPLETED,0.8728005290031433,0.7170731425285339,0.49000000953674316,0.8947631120681763,0.2999318838119507
96,3,relu,rmsprop,0.001,0.1,1e-05,1825,COMPLETED,0.8727966547012329,0.7264150977134705,0.5133333206176758,0.8982543349266052,0.2791736125946045
224,4,elu,rmsprop,0.001,0.4,0.001,0069,COMPLETED,0.8727849721908569,0.7251461744308472,0.41333332657814026,0.888778030872345,0.30601540207862854
160,4,relu,adam,0.01,0.0,0.0001,0993,COMPLETED,0.8727820515632629,0.7529411911964417,0.4266666769981384,0.8932668566703796,0.34008488059043884
96,3,relu,rmsprop,0.003,0.0,0.001,1729,COMPLETED,0.8727790713310242,0.7256097793579102,0.39666667580604553,0.8872817754745483,0.33110782504081726
16,1,relu,adam,0.01,0.0,0.0001,1187,COMPLETED,0.8727732300758362,0.7035573124885559,0.5933333039283752,0.901745617389679,0.2919582724571228
192,3,relu,adam,0.003,0.0,1e-06,1391,COMPLETED,0.8727732300758362,0.719298243522644,0.54666668176651,0.9002493619918823,0.28268757462501526
16,4,elu,rmsprop,0.003,0.4,1e-06,0649,COMPLETED,0.8727682828903198,0.6945606470108032,0.5533333420753479,0.8967580795288086,0.27888959646224976
48,4,relu,rmsprop,0.0003,0.30000000000000004,0.0001,0045,COMPLETED,0.8727682828903198,0.6982758641242981,0.5400000214576721,0.8962593674659729,0.3049464523792267
256,4,elu,adam,0.001,0.30000000000000004,0.0001,0977,COMPLETED,0.8727487325668335,0.7292576432228088,0.5566666722297668,0.9027431607246399,0.3505311608314514
192,3,relu,adam,0.001,0.0,1e-06,0391,COMPLETED,0.8727468252182007,0.7033898234367371,0.5533333420753479,0.8982543349266052,0.2801038920879364
16,4,relu,rmsprop,0.003,0.30000000000000004,1e-05,0822,COMPLETED,0.8727253675460815,0.6916666626930237,0.5533333420753479,0.8962593674659729,0.30142390727996826
176,2,tanh,rmsprop,0.01,0.30000000000000004,0.0001,1038,COMPLETED,0.8726842403411865,0.7405405640602112,0.4566666781902313,0.8947631120681763,0.32758742570877075
144,4,elu,rmsprop,0.0003,0.4,0.001,0371,COMPLETED,0.872670590877533,0.6850000023841858,0.4566666781902313,0.8872817754745483,0.46929240226745605
112,3,tanh,rmsprop,0.01,0.4,1e-06,1977,COMPLETED,0.8726451992988586,0.7222222089767456,0.38999998569488525,0.8862842917442322,0.2902047336101532
64,2,tanh,adam,0.001,0.30000000000000004,0.001,0681,COMPLETED,0.8726383447647095,0.7333333492279053,0.4399999976158142,0.8922693133354187,0.3225579857826233
80,3,elu,adam,0.003,0.2,1e-06,1836,COMPLETED,0.8726334571838379,0.7276785969734192,0.5433333516120911,0.9012469053268433,0.28298795223236084
144,2,elu,rmsprop,0.003,0.1,0.0,1878,COMPLETED,0.8726217746734619,0.7577639818191528,0.40666666626930237,0.891770601272583,0.2829255163669586
16,2,relu,rmsprop,0.0003,0.2,1e-06,1558,COMPLETED,0.8726099729537964,0.6995515823364258,0.5199999809265137,0.8947631120681763,0.28167539834976196
112,4,relu,rmsprop,0.003,0.0,0.001,1734,COMPLETED,0.8726099729537964,0.7615384459495544,0.33000001311302185,0.8842892646789551,0.33434048295021057
32,3,relu,adam,0.003,0.0,0.0001,0953,COMPLETED,0.8725571632385254,0.6861924529075623,0.54666668176651,0.8947631120681763,0.30482080578804016
64,4,elu,rmsprop,0.003,0.30000000000000004,0.001,0866,COMPLETED,0.8725551962852478,0.6946902871131897,0.5233333110809326,0.8942643404006958,0.30379781126976013
240,2,elu,adam,0.003,0.4,0.0001,0905,COMPLETED,0.872553288936615,0.7847222089767456,0.3766666650772095,0.8912718296051025,0.31973475217819214
96,4,relu,rmsprop,0.003,0.4,1e-05,1208,COMPLETED,0.8725415468215942,0.8526315689086914,0.27000001072883606,0.8837905526161194,0.3071459233760834
32,4,tanh,rmsprop,0.0003,0.4,1e-06,1363,COMPLETED,0.8725366592407227,0.6521739363670349,0.6000000238418579,0.8922693133354187,0.2899397611618042
48,2,tanh,adam,0.0003,0.2,0.001,1248,COMPLETED,0.8725171089172363,0.7010309100151062,0.4533333480358124,0.8892768025398254,0.3436005711555481
128,4,tanh,adam,0.001,0.1,0.001,0999,COMPLETED,0.8725171089172363,0.7455621361732483,0.41999998688697815,0.891770601272583,0.2944481372833252
256,3,relu,adam,0.003,0.4,0.001,0156,COMPLETED,0.872509241104126,0.7100840210914612,0.5633333325386047,0.9002493619918823,0.3315102458000183
176,3,relu,adam,0.01,0.0,0.0001,0022,COMPLETED,0.8725054264068604,0.7029288411140442,0.5600000023841858,0.8987531065940857,0.29595333337783813
48,3,relu,rmsprop,0.003,0.0,1e-06,1226,COMPLETED,0.872494637966156,0.7393617033958435,0.4633333384990692,0.895261824131012,0.28051722049713135
32,2,relu,rmsprop,0.0003,0.1,1e-05,1135,COMPLETED,0.8724926710128784,0.6902654767036438,0.5199999809265137,0.8932668566703796,0.2855525612831116
80,1,tanh,rmsprop,0.0003,0.2,0.001,1713,COMPLETED,0.8724887371063232,0.6915887594223022,0.4933333396911621,0.8912718296051025,0.30099087953567505
144,3,tanh,adam,0.01,0.4,1e-05,0633,COMPLETED,0.8724868297576904,0.7191011309623718,0.4266666769981384,0.8892768025398254,0.32649117708206177
96,2,elu,rmsprop,0.0003,0.4,0.001,0655,COMPLETED,0.8724867701530457,0.700507640838623,0.46000000834465027,0.8897755742073059,0.338349312543869
32,3,elu,rmsprop,0.01,0.4,0.0,1106,COMPLETED,0.8724790215492249,0.7486910820007324,0.476666659116745,0.8977556228637695,0.282520592212677
208,3,tanh,adam,0.0003,0.0,1e-05,0127,COMPLETED,0.8724789619445801,0.7373737096786499,0.4866666793823242,0.8972568511962891,0.28907808661460876
32,3,tanh,adam,0.01,0.4,0.0,0802,COMPLETED,0.8724682927131653,0.694915235042572,0.54666668176651,0.8962593674659729,0.2810917794704437
208,3,relu,adam,0.001,0.0,1e-05,0799,COMPLETED,0.8724643588066101,0.7095435857772827,0.5699999928474426,0.9007481336593628,0.2826138734817505
240,4,elu,rmsprop,0.001,0.0,0.0001,0982,COMPLETED,0.8724642992019653,0.738095223903656,0.41333332657814026,0.8902742862701416,0.32885774970054626
224,2,tanh,adam,0.003,0.1,0.0,0996,COMPLETED,0.8724437952041626,0.7286432385444641,0.4833333194255829,0.8957605957984924,0.2801837921142578
112,2,relu,rmsprop,0.003,0.2,1e-06,0565,COMPLETED,0.8724262118339539,0.7443181872367859,0.43666666746139526,0.8932668566703796,0.2807652950286865
48,2,relu,adam,0.01,0.30000000000000004,0.0001,1667,COMPLETED,0.8724203705787659,0.7395833134651184,0.47333332896232605,0.8962593674659729,0.3177906572818756
128,4,relu,rmsprop,0.01,0.2,1e-06,1549,COMPLETED,0.8724086284637451,0.6666666865348816,0.013333333656191826,0.8513715863227844,0.31653958559036255
128,3,elu,rmsprop,0.0003,0.4,0.001,1023,COMPLETED,0.872398853302002,0.6764705777168274,0.5366666913032532,0.8922693133354187,0.46357810497283936
160,3,relu,adam,0.003,0.30000000000000004,0.001,1386,COMPLETED,0.8723909854888916,0.6819923520088196,0.5933333039283752,0.8977556228637695,0.30399560928344727
128,1,relu,adam,0.01,0.4,0.0,0978,COMPLETED,0.8723871111869812,0.6790123581886292,0.550000011920929,0.8937655687332153,0.46249663829803467
32,3,relu,adam,0.01,0.2,1e-05,1887,COMPLETED,0.8723862171173096,0.7599999904632568,0.3799999952316284,0.8892768025398254,0.2931554913520813
160,1,tanh,adam,0.01,0.30000000000000004,0.0001,1220,COMPLETED,0.8723734617233276,0.7835820913314819,0.3499999940395355,0.8882793188095093,0.32596656680107117
240,3,tanh,rmsprop,0.003,0.1,1e-06,0091,COMPLETED,0.8723646402359009,0.713567852973938,0.47333332896232605,0.8927680850028992,0.28157371282577515
208,4,relu,rmsprop,0.01,0.0,0.0001,0680,COMPLETED,0.8723646402359009,0.7753623127937317,0.3566666543483734,0.8882793188095093,0.31433799862861633
208,4,tanh,rmsprop,0.0003,0.0,1e-06,0448,COMPLETED,0.8723636865615845,0.7701149582862854,0.4466666579246521,0.8972568511962891,0.27821770310401917
224,3,tanh,adam,0.003,0.2,0.0,0248,COMPLETED,0.8723587989807129,0.7069767713546753,0.5066666603088379,0.8947631120681763,0.28313684463500977
112,4,tanh,rmsprop,0.003,0.1,0.0001,0151,COMPLETED,0.8723568320274353,0.7643312215805054,0.4000000059604645,0.891770601272583,0.3149891197681427
96,4,relu,rmsprop,0.001,0.4,1e-05,1394,COMPLETED,0.8723509311676025,0.7277777791023254,0.43666666746139526,0.8912718296051025,0.2903654873371124
224,3,elu,rmsprop,0.01,0.30000000000000004,1e-05,1468,COMPLETED,0.872340202331543,0.7647058963775635,0.04333333298563957,0.8548628687858582,0.4386483430862427
64,1,elu,rmsprop,0.01,0.30000000000000004,0.0001,1609,COMPLETED,0.872340202331543,0.7179487347602844,0.2800000011920929,0.875810444355011,0.3163966238498688
160,2,relu,adam,0.01,0.1,0.001,1275,COMPLETED,0.8723372220993042,0.7371134161949158,0.476666659116745,0.8962593674659729,0.30199113488197327
32,3,tanh,adam,0.003,0.0,0.001,1513,COMPLETED,0.8723167181015015,0.7276785969734192,0.5433333516120911,0.9012469053268433,0.29093414545059204
48,3,relu,rmsprop,0.01,0.2,0.001,1642,COMPLETED,0.8722933530807495,0.7850467562675476,0.2800000011920929,0.8807979822158813,0.3200173079967499
80,3,elu,rmsprop,0.0003,0.4,0.001,1753,COMPLETED,0.872281551361084,0.6818181872367859,0.550000011920929,0.8942643404006958,0.4125558137893677
16,2,elu,rmsprop,0.0003,0.1,1e-06,1426,COMPLETED,0.87227863073349,0.691629946231842,0.5233333110809326,0.8937655687332153,0.2773887515068054
160,3,relu,adam,0.01,0.30000000000000004,1e-05,1128,COMPLETED,0.8722648620605469,0.8082191944122314,0.1966666728258133,0.8728179335594177,0.33506783843040466
32,1,tanh,rmsprop,0.01,0.2,0.001,0851,COMPLETED,0.8722590804100037,0.7411764860153198,0.41999998688697815,0.8912718296051025,0.3009207546710968
256,2,tanh,adam,0.01,0.30000000000000004,0.0,1872,COMPLETED,0.8722385168075562,0.6973684430122375,0.5299999713897705,0.895261824131012,0.279428094625473
208,2,relu,adam,0.01,0.0,1e-06,1637,COMPLETED,0.8722326159477234,0.7050691246986389,0.5099999904632568,0.8947631120681763,0.28777316212654114
96,3,tanh,rmsprop,0.0003,0.2,0.001,1435,COMPLETED,0.872217059135437,0.7089946866035461,0.4466666579246521,0.8897755742073059,0.43700936436653137
208,3,tanh,adam,0.003,0.1,1e-06,0342,COMPLETED,0.872215986251831,0.7118644118309021,0.41999998688697815,0.8877805471420288,0.28543350100517273
256,4,elu,rmsprop,0.003,0.30000000000000004,0.001,1514,COMPLETED,0.8722131252288818,0.7295597195625305,0.3866666555404663,0.8867830634117126,0.31318697333335876
48,2,relu,rmsprop,0.001,0.1,1e-05,1448,COMPLETED,0.8722004294395447,0.7162790894508362,0.5133333206176758,0.8967580795288086,0.28130999207496643
176,4,elu,rmsprop,0.003,0.1,0.001,0997,COMPLETED,0.8721954822540283,0.7469879388809204,0.41333332657814026,0.8912718296051025,0.30377712845802307
16,3,tanh,rmsprop,0.0003,0.30000000000000004,0.0001,1062,COMPLETED,0.8721886873245239,0.6812748908996582,0.5699999928474426,0.8957605957984924,0.28290337324142456
144,2,relu,adam,0.003,0.2,0.001,0089,COMPLETED,0.8721886277198792,0.7351598143577576,0.5366666913032532,0.901745617389679,0.3104284703731537
112,1,relu,rmsprop,0.01,0.4,1e-06,1055,COMPLETED,0.8721720576286316,0.8247422575950623,0.2666666805744171,0.8817955255508423,0.3142615258693695
48,4,tanh,adam,0.01,0.0,1e-05,0759,COMPLETED,0.8721593618392944,0.6470588445663452,0.5866666436195374,0.8902742862701416,0.29118096828460693
64,2,relu,adam,0.0003,0.0,1e-05,1823,COMPLETED,0.8721485733985901,0.7190476059913635,0.503333330154419,0.8962593674659729,0.2865202724933624
128,3,relu,rmsprop,0.001,0.30000000000000004,1e-06,0340,COMPLETED,0.8721330165863037,0.7184466123580933,0.4933333396911621,0.895261824131012,0.28170913457870483
208,3,tanh,adam,0.001,0.0,0.0001,0314,COMPLETED,0.8721193075180054,0.7559523582458496,0.4233333468437195,0.8932668566703796,0.3268878161907196
240,1,relu,rmsprop,0.01,0.30000000000000004,0.001,1247,COMPLETED,0.8720850944519043,0.7919999957084656,0.33000001311302185,0.8867830634117126,0.32507434487342834
192,3,relu,rmsprop,0.001,0.0,1e-05,0647,COMPLETED,0.872049868106842,0.7377049326896667,0.44999998807907104,0.8937655687332153,0.28705334663391113
240,3,relu,adam,0.01,0.2,0.0,1260,COMPLETED,0.8719775676727295,0.7428571581840515,0.4333333373069763,0.8927680850028992,0.2886579632759094
80,1,relu,rmsprop,0.003,0.1,0.001,1181,COMPLETED,0.8719648122787476,0.712195098400116,0.4866666793823242,0.8937655687332153,0.318307489156723
32,4,relu,rmsprop,0.01,0.2,0.0,1330,COMPLETED,0.8719559907913208,0.8648648858070374,0.1066666692495346,0.8638404011726379,0.3086722791194916
112,3,tanh,adam,0.01,0.0,0.0,1171,COMPLETED,0.8719140291213989,0.7386363744735718,0.4333333373069763,0.8922693133354187,0.27909767627716064
128,1,tanh,rmsprop,0.0003,0.4,0.0,0845,COMPLETED,0.8719100952148438,0.6730769276618958,0.46666666865348816,0.8862842917442322,0.28211864829063416
256,4,elu,adam,0.003,0.4,1e-05,1636,COMPLETED,0.871895432472229,0.7551020383834839,0.3700000047683716,0.8877805471420288,0.3067948818206787
16,1,tanh,adam,0.001,0.1,1e-06,0095,COMPLETED,0.8718885183334351,0.7198067903518677,0.49666666984558105,0.8957605957984924,0.2786107063293457
32,3,tanh,adam,0.001,0.30000000000000004,0.001,0626,COMPLETED,0.8718856573104858,0.7163461446762085,0.49666666984558105,0.895261824131012,0.28796079754829407
64,2,relu,rmsprop,0.0003,0.2,1e-06,0487,COMPLETED,0.8718611598014832,0.7056074738502502,0.503333330154419,0.8942643404006958,0.2832917273044586
240,3,elu,rmsprop,0.001,0.4,0.0,1633,COMPLETED,0.8718435764312744,0.6944444179534912,0.4166666567325592,0.885286808013916,0.28289225697517395
128,3,elu,rmsprop,0.003,0.30000000000000004,1e-05,0062,COMPLETED,0.8718357682228088,0.7543859481811523,0.4300000071525574,0.8937655687332153,0.2908983826637268
80,1,relu,rmsprop,0.01,0.1,0.0001,1764,COMPLETED,0.8718279600143433,0.7777777910232544,0.39666667580604553,0.8927680850028992,0.31896093487739563
64,4,relu,adam,0.001,0.0,1e-06,1877,COMPLETED,0.8718270063400269,0.6995708346366882,0.5433333516120911,0.8967580795288086,0.28151246905326843
64,3,elu,adam,0.01,0.4,0.0001,1989,COMPLETED,0.8718162178993225,0.7368420958518982,0.3733333349227905,0.8862842917442322,0.3397342562675476
256,4,relu,adam,0.01,0.1,1e-05,0817,COMPLETED,0.8718035221099854,0.7481481432914734,0.33666667342185974,0.8837905526161194,0.3342606723308563
208,2,elu,adam,0.01,0.2,0.0001,1864,COMPLETED,0.8718016147613525,0.7526316046714783,0.476666659116745,0.8982543349266052,0.3600856065750122
160,4,elu,rmsprop,0.0003,0.0,0.0001,1925,COMPLETED,0.8718005418777466,0.7368420958518982,0.46666666865348816,0.895261824131012,0.3370429277420044
128,4,tanh,adam,0.0003,0.30000000000000004,0.001,0741,COMPLETED,0.8717947006225586,0.7028301954269409,0.49666666984558105,0.8932668566703796,0.5017236471176147
192,2,relu,rmsprop,0.003,0.30000000000000004,0.001,1488,COMPLETED,0.8717937469482422,0.7301587462425232,0.46000000834465027,0.8937655687332153,0.3277866542339325
160,3,elu,adam,0.001,0.2,1e-05,0758,COMPLETED,0.8717830181121826,0.7435897588729858,0.4833333194255829,0.8977556228637695,0.28025805950164795
112,3,elu,adam,0.003,0.2,1e-05,1160,COMPLETED,0.871775209903717,0.7604166865348816,0.4866666793823242,0.9002493619918823,0.29464635252952576
192,2,relu,rmsprop,0.003,0.2,0.001,1342,COMPLETED,0.8717644214630127,0.74301677942276,0.44333332777023315,0.8937655687332153,0.32423338294029236
128,3,relu,rmsprop,0.01,0.4,0.0001,0460,COMPLETED,0.8717477917671204,0.7567567825317383,0.09333333373069763,0.8598503470420837,0.3723606765270233
64,3,relu,adam,0.01,0.30000000000000004,0.0,0596,COMPLETED,0.8717360496520996,0.843137264251709,0.1433333307504654,0.8678303956985474,0.30399075150489807
128,3,tanh,rmsprop,0.003,0.2,0.001,1497,COMPLETED,0.871734082698822,0.728205144405365,0.47333332896232605,0.8947631120681763,0.30511122941970825
192,3,tanh,rmsprop,0.003,0.0,1e-05,1313,COMPLETED,0.8717292547225952,0.6839080452919006,0.39666667580604553,0.882294237613678,0.2909754812717438
96,3,tanh,adam,0.003,0.0,0.0,0595,COMPLETED,0.8717116117477417,0.746835470199585,0.3933333456516266,0.8892768025398254,0.2829054296016693
112,4,elu,adam,0.003,0.0,1e-06,0754,COMPLETED,0.8717067837715149,0.7049999833106995,0.4699999988079071,0.8912718296051025,0.28788620233535767
64,2,elu,adam,0.01,0.1,0.0001,1953,COMPLETED,0.8717048168182373,0.7305389046669006,0.40666666626930237,0.888778030872345,0.3153097927570343
240,1,elu,rmsprop,0.003,0.4,0.001,0897,COMPLETED,0.8716979622840881,0.7005347609519958,0.43666666746139526,0.8877805471420288,0.30438047647476196
96,3,relu,rmsprop,0.01,0.4,1e-06,1402,COMPLETED,0.8716950416564941,0.7818182110786438,0.1433333307504654,0.865835428237915,0.30637437105178833
64,2,elu,rmsprop,0.01,0.1,0.0001,0983,COMPLETED,0.8716901540756226,0.7473683953285217,0.23666666448116302,0.8738154768943787,0.3183996081352234
208,3,elu,rmsprop,0.003,0.4,0.001,1969,COMPLETED,0.8716773986816406,0.704081654548645,0.46000000834465027,0.8902742862701416,0.31143516302108765
112,2,tanh,adam,0.01,0.1,0.0001,0283,COMPLETED,0.8716744780540466,0.7303370833396912,0.4333333373069763,0.8912718296051025,0.32918882369995117
64,2,elu,rmsprop,0.01,0.4,1e-05,1136,COMPLETED,0.8716647028923035,0.8016529083251953,0.3233333230018616,0.8867830634117126,0.31675073504447937
160,1,tanh,rmsprop,0.01,0.1,0.001,1628,COMPLETED,0.8716608285903931,0.7516778707504272,0.3733333349227905,0.8877805471420288,0.3108133375644684
256,4,tanh,rmsprop,0.01,0.1,0.0,1218,COMPLETED,0.8716539740562439,0.7203390002250671,0.28333333134651184,0.8763092160224915,0.2883410155773163
32,1,relu,rmsprop,0.01,0.0,0.0001,0468,COMPLETED,0.871629536151886,0.7471264600753784,0.4333333373069763,0.8932668566703796,0.3006604015827179
48,3,tanh,rmsprop,0.01,0.4,1e-06,1194,COMPLETED,0.871626615524292,0.7472527623176575,0.4533333480358124,0.895261824131012,0.2782847583293915
80,2,elu,rmsprop,0.003,0.4,0.001,1816,COMPLETED,0.8716099262237549,0.73758864402771,0.3466666638851166,0.8837905526161194,0.3089129626750946
192,4,tanh,adam,0.0003,0.30000000000000004,0.001,0584,COMPLETED,0.8716080188751221,0.698630154132843,0.5099999904632568,0.8937655687332153,0.6616349816322327
144,2,elu,rmsprop,0.001,0.1,1e-05,0331,COMPLETED,0.8715835809707642,0.7580645084381104,0.4699999988079071,0.8982543349266052,0.28102433681488037
128,2,relu,rmsprop,0.003,0.0,1e-06,1986,COMPLETED,0.8715474009513855,0.7526881694793701,0.46666666865348816,0.8972568511962891,0.27995580434799194
96,4,relu,adam,0.01,0.30000000000000004,0.0,1828,COMPLETED,0.8715258836746216,0.8545454740524292,0.15666666626930237,0.8698254227638245,0.30873554944992065
48,2,relu,rmsprop,0.01,0.1,1e-05,0663,COMPLETED,0.8715083003044128,0.7868852615356445,0.3199999928474426,0.885286808013916,0.30059725046157837
240,3,relu,rmsprop,0.01,0.2,1e-05,1456,COMPLETED,0.871503472328186,0.800000011920929,0.11999999731779099,0.8638404011726379,0.4064478576183319
32,2,elu,rmsprop,0.003,0.1,0.0001,1665,COMPLETED,0.8714926838874817,0.7329545617103577,0.4300000071525574,0.8912718296051025,0.29131051898002625
32,4,elu,adam,0.001,0.0,0.0,0627,COMPLETED,0.8714858293533325,0.7487437129020691,0.49666666984558105,0.8997506499290466,0.27664056420326233
144,4,elu,rmsprop,0.003,0.0,1e-05,0628,COMPLETED,0.8714838624000549,0.7682119011878967,0.3866666555404663,0.8907730579376221,0.2928617596626282
160,3,relu,rmsprop,0.001,0.30000000000000004,1e-05,1018,COMPLETED,0.8714672327041626,0.739130437374115,0.4533333480358124,0.8942643404006958,0.2868814766407013
208,4,relu,rmsprop,0.01,0.4,1e-05,1498,COMPLETED,0.8714604377746582,1.0,0.019999999552965164,0.8533665537834167,0.4247662425041199
16,2,tanh,rmsprop,0.001,0.30000000000000004,0.001,0777,COMPLETED,0.8714584708213806,0.6960784196853638,0.47333332896232605,0.8902742862701416,0.292837530374527
176,4,relu,rmsprop,0.003,0.4,0.0,1820,COMPLETED,0.8714496493339539,0.7611940503120422,0.17000000178813934,0.8678303956985474,0.2997284233570099
16,1,relu,rmsprop,0.0003,0.1,1e-05,0882,COMPLETED,0.8714427947998047,0.6995708346366882,0.5433333516120911,0.8967580795288086,0.2879211902618408
256,4,relu,rmsprop,0.003,0.0,1e-06,1487,COMPLETED,0.8714369535446167,0.7605633735656738,0.36000001430511475,0.8872817754745483,0.29194459319114685
112,2,elu,rmsprop,0.01,0.0,0.001,0913,COMPLETED,0.8714311122894287,0.7584269642829895,0.44999998807907104,0.8962593674659729,0.3073427975177765
80,1,relu,rmsprop,0.0003,0.1,1e-06,1469,COMPLETED,0.8714115023612976,0.6952789425849915,0.5400000214576721,0.8957605957984924,0.28616079688072205
224,2,relu,rmsprop,0.003,0.1,0.0,0213,COMPLETED,0.8713948726654053,0.7471910119056702,0.44333332777023315,0.8942643404006958,0.2912573516368866
192,4,elu,rmsprop,0.003,0.0,0.0001,1723,COMPLETED,0.8713812232017517,0.7528089880943298,0.4466666579246521,0.895261824131012,0.30498579144477844
144,3,relu,adam,0.001,0.0,1e-06,0917,COMPLETED,0.8713734745979309,0.7078189253807068,0.5733333230018616,0.9007481336593628,0.2789734899997711
208,3,tanh,adam,0.003,0.1,0.001,0137,COMPLETED,0.8713685274124146,0.7174887657165527,0.5333333611488342,0.8987531065940857,0.31048518419265747
160,2,elu,adam,0.01,0.0,0.001,0050,COMPLETED,0.8713548183441162,0.6798245906829834,0.5166666507720947,0.8912718296051025,0.3174017071723938
32,3,elu,rmsprop,0.003,0.4,0.001,1470,COMPLETED,0.8713440895080566,0.7423312664031982,0.4033333361148834,0.8897755742073059,0.3072301149368286
256,2,elu,rmsprop,0.001,0.4,0.001,0645,COMPLETED,0.8713372945785522,0.7272727489471436,0.4000000059604645,0.8877805471420288,0.3039565980434418
224,4,relu,rmsprop,0.0003,0.1,1e-06,0357,COMPLETED,0.8713138103485107,0.7162790894508362,0.5133333206176758,0.8967580795288086,0.2768433094024658
208,4,tanh,adam,0.003,0.30000000000000004,1e-05,1176,COMPLETED,0.8712952136993408,0.7267759442329407,0.44333332777023315,0.891770601272583,0.29816684126853943
224,2,elu,rmsprop,0.003,0.4,0.001,0410,COMPLETED,0.8712805509567261,0.7179487347602844,0.3733333349227905,0.8842892646789551,0.31481873989105225
224,3,relu,adam,0.003,0.0,0.0001,1467,COMPLETED,0.8712179660797119,0.7313432693481445,0.49000000953674316,0.8967580795288086,0.33198118209838867
192,2,relu,rmsprop,0.01,0.0,0.0001,0420,COMPLETED,0.8711534738540649,0.7678571343421936,0.4300000071525574,0.895261824131012,0.31556326150894165
80,4,relu,rmsprop,0.003,0.4,1e-06,1058,COMPLETED,0.8711495399475098,0.8090909123420715,0.2966666519641876,0.8842892646789551,0.2914770245552063
176,2,relu,rmsprop,0.01,0.4,0.0001,1064,COMPLETED,0.8711349368095398,0.8245614171028137,0.15666666626930237,0.8688279390335083,0.36762139201164246
240,2,relu,adam,0.01,0.4,0.0,1262,COMPLETED,0.871129035949707,0.8524590134620667,0.1733333319425583,0.8718204498291016,0.3207700550556183
160,3,elu,rmsprop,0.001,0.2,0.0001,0794,COMPLETED,0.8711261749267578,0.7365591526031494,0.4566666781902313,0.8942643404006958,0.31697797775268555
240,3,tanh,rmsprop,0.01,0.1,0.0,1265,COMPLETED,0.8711172938346863,0.7243243455886841,0.4466666579246521,0.891770601272583,0.29576367139816284
112,4,relu,rmsprop,0.001,0.30000000000000004,1e-06,0631,COMPLETED,0.8710908889770508,0.7053571343421936,0.5266666412353516,0.8962593674659729,0.283225953578949
160,3,tanh,adam,0.003,0.1,1e-06,0346,COMPLETED,0.8710772395133972,0.7314285635948181,0.4266666769981384,0.8907730579376221,0.28086239099502563
192,3,tanh,rmsprop,0.01,0.30000000000000004,1e-06,1296,COMPLETED,0.8710469603538513,0.7245509028434753,0.4033333361148834,0.8877805471420288,0.29106807708740234
64,1,relu,rmsprop,0.01,0.2,1e-06,1389,COMPLETED,0.871044933795929,0.7795275449752808,0.33000001311302185,0.8857855200767517,0.301853209733963
224,3,relu,adam,0.003,0.4,0.001,0597,COMPLETED,0.8710147142410278,0.6933333277702332,0.5199999809265137,0.8937655687332153,0.4167029559612274
240,1,tanh,rmsprop,0.0003,0.4,0.001,0227,COMPLETED,0.8710147142410278,0.6960784196853638,0.47333332896232605,0.8902742862701416,0.336498498916626
48,4,relu,rmsprop,0.003,0.4,0.0,0670,COMPLETED,0.8710136413574219,0.7599999904632568,0.3166666626930237,0.8827930092811584,0.29044109582901
208,3,relu,adam,0.01,0.0,0.001,1659,COMPLETED,0.8709911704063416,0.7105262875556946,0.5400000214576721,0.8982543349266052,0.29359033703804016
80,3,tanh,rmsprop,0.001,0.2,0.001,0255,COMPLETED,0.8709765672683716,0.7470588088035583,0.4233333468437195,0.8922693133354187,0.341587096452713
128,3,relu,rmsprop,0.01,0.1,1e-06,0210,COMPLETED,0.8709756135940552,0.8227847814559937,0.21666666865348816,0.875810444355011,0.3019876480102539
96,1,elu,rmsprop,0.01,0.2,0.0001,0417,COMPLETED,0.8709393739700317,0.7238805890083313,0.3233333230018616,0.8802992701530457,0.3143691122531891
48,3,elu,rmsprop,0.01,0.2,0.001,0652,COMPLETED,0.870915949344635,0.78125,0.25,0.8773067593574524,0.3230578303337097
160,4,tanh,rmsprop,0.003,0.1,0.001,1991,COMPLETED,0.8708973526954651,0.7164948582649231,0.4633333384990692,0.8922693133354187,0.30626004934310913
160,2,elu,rmsprop,0.001,0.0,1e-05,0435,COMPLETED,0.8708915114402771,0.7351351380348206,0.4533333480358124,0.8937655687332153,0.2841262221336365
32,2,elu,rmsprop,0.0003,0.1,0.0,0007,COMPLETED,0.8708826899528503,0.7050691246986389,0.5099999904632568,0.8947631120681763,0.2805468440055847
96,3,relu,adam,0.01,0.4,1e-06,0892,COMPLETED,0.8708710074424744,0.8037382960319519,0.2866666615009308,0.8827930092811584,0.2975212037563324
32,4,elu,rmsprop,0.01,0.2,0.0,1026,COMPLETED,0.8708651065826416,0.8163265585899353,0.2666666805744171,0.8812967538833618,0.29066920280456543
192,4,relu,adam,0.001,0.1,0.0,0716,COMPLETED,0.8708592057228088,0.695652186870575,0.5333333611488342,0.895261824131012,0.2873170077800751
32,3,elu,adam,0.01,0.1,0.001,0441,COMPLETED,0.8708211183547974,0.7611940503120422,0.3400000035762787,0.885286808013916,0.31113675236701965
16,3,tanh,rmsprop,0.001,0.4,0.0,0491,COMPLETED,0.8708103895187378,0.646616518497467,0.5733333230018616,0.8892768025398254,0.28174054622650146
144,3,elu,rmsprop,0.001,0.4,0.001,0515,COMPLETED,0.8708075284957886,0.7419354915618896,0.38333332538604736,0.8877805471420288,0.33772650361061096
16,4,tanh,rmsprop,0.003,0.0,1e-05,1510,COMPLETED,0.8707908391952515,0.737500011920929,0.3933333456516266,0.8882793188095093,0.2837325632572174
64,1,relu,adam,0.01,0.2,0.001,0869,COMPLETED,0.8707878589630127,0.7109004855155945,0.5,0.8947631120681763,0.324640154838562
160,2,elu,rmsprop,0.001,0.0,0.0,0170,COMPLETED,0.8707761764526367,0.759036123752594,0.41999998688697815,0.8932668566703796,0.28043702244758606
192,1,tanh,rmsprop,0.01,0.30000000000000004,0.0,1909,COMPLETED,0.8707722425460815,0.75,0.33000001311302185,0.8832917809486389,0.28727835416793823
112,1,tanh,adam,0.01,0.1,0.001,0293,COMPLETED,0.8707566261291504,0.7219512462615967,0.4933333396911621,0.8957605957984924,0.3110995888710022
208,4,relu,adam,0.001,0.0,1e-05,0005,COMPLETED,0.8707486987113953,0.6983470916748047,0.5633333325386047,0.8982543349266052,0.2941006124019623
128,2,elu,rmsprop,0.001,0.0,1e-06,1388,COMPLETED,0.8707194328308105,0.7584269642829895,0.44999998807907104,0.8962593674659729,0.27904823422431946
256,2,elu,rmsprop,0.003,0.30000000000000004,0.001,0092,COMPLETED,0.8707194328308105,0.748031497001648,0.3166666626930237,0.8817955255508423,0.3147745132446289
96,2,elu,rmsprop,0.003,0.1,0.0,0587,COMPLETED,0.8707047700881958,0.7127071619033813,0.4300000071525574,0.888778030872345,0.2822555899620056
64,4,tanh,rmsprop,0.003,0.0,0.001,1261,COMPLETED,0.8707009553909302,0.7222222089767456,0.476666659116745,0.8942643404006958,0.2993320822715759
208,2,tanh,adam,0.003,0.0,1e-06,1134,COMPLETED,0.8706783652305603,0.746835470199585,0.3933333456516266,0.8892768025398254,0.2857655882835388
240,3,tanh,adam,0.01,0.2,1e-05,0403,COMPLETED,0.8706774711608887,0.7279411554336548,0.33000001311302185,0.8812967538833618,0.4116308391094208
224,3,elu,adam,0.003,0.0,0.0,1580,COMPLETED,0.8706373572349548,0.6704545617103577,0.5899999737739563,0.895261824131012,0.2918928265571594
176,1,tanh,adam,0.01,0.1,0.0001,0516,COMPLETED,0.8706314563751221,0.653333306312561,0.49000000953674316,0.8847880363464355,0.3293111026287079
96,2,relu,rmsprop,0.0003,0.0,0.0,1669,COMPLETED,0.8706177473068237,0.699999988079071,0.5133333206176758,0.8942643404006958,0.28188732266426086
112,2,elu,adam,0.003,0.4,0.001,0338,COMPLETED,0.870597243309021,0.7083333134651184,0.4533333480358124,0.8902742862701416,0.39065590500831604
16,3,tanh,rmsprop,0.0003,0.30000000000000004,1e-06,1042,COMPLETED,0.8705894351005554,0.675000011920929,0.5400000214576721,0.8922693133354187,0.2836194634437561
240,1,elu,adam,0.003,0.0,0.0,1244,COMPLETED,0.8705894351005554,0.7345971465110779,0.5166666507720947,0.8997506499290466,0.29028838872909546
256,1,tanh,rmsprop,0.01,0.4,1e-06,1416,COMPLETED,0.8705884218215942,0.6965517401695251,0.33666667342185974,0.878803014755249,0.2942819893360138
176,1,relu,adam,0.01,0.1,1e-05,0875,COMPLETED,0.8705845475196838,0.6538461446762085,0.5666666626930237,0.8902742862701416,0.3640882670879364
176,2,elu,adam,0.003,0.30000000000000004,0.0001,1505,COMPLETED,0.8705806732177734,0.7514124512672424,0.44333332777023315,0.8947631120681763,0.3114757537841797
32,4,relu,rmsprop,0.0003,0.4,1e-05,1725,COMPLETED,0.8705689311027527,0.6734693646430969,0.550000011920929,0.8927680850028992,0.2896013855934143
112,4,relu,rmsprop,0.01,0.4,0.0001,1195,COMPLETED,0.8705640435218811,0.7419354915618896,0.07666666805744171,0.8578553795814514,0.3830299377441406
240,1,tanh,adam,0.01,0.2,1e-06,1946,COMPLETED,0.8705630302429199,0.6804123520851135,0.4399999976158142,0.885286808013916,0.2951602041721344
144,4,relu,rmsprop,0.01,0.4,1e-05,1007,COMPLETED,0.8705590963363647,0.8113207817077637,0.1433333307504654,0.8668329119682312,0.3812880218029022
16,3,tanh,rmsprop,0.003,0.30000000000000004,0.001,1153,COMPLETED,0.8705493211746216,0.7083333134651184,0.4533333480358124,0.8902742862701416,0.2953363358974457
128,4,elu,rmsprop,0.01,0.0,1e-05,1253,COMPLETED,0.8705454468727112,0.7712418437004089,0.3933333456516266,0.891770601272583,0.3079110383987427
48,2,relu,rmsprop,0.01,0.2,0.001,0208,COMPLETED,0.8705316781997681,0.7593985199928284,0.33666667342185974,0.8847880363464355,0.31778138875961304
64,2,relu,rmsprop,0.003,0.1,1e-06,0949,COMPLETED,0.8704115152359009,0.7225130796432495,0.46000000834465027,0.8927680850028992,0.28168559074401855
256,4,tanh,rmsprop,0.0003,0.30000000000000004,0.001,1022,COMPLETED,0.8703910112380981,0.7166666388511658,0.4300000071525574,0.8892768025398254,0.4474756717681885
176,2,elu,adam,0.003,0.4,0.0001,0243,COMPLETED,0.8703646063804626,0.7552083134651184,0.4833333194255829,0.8992518782615662,0.30991458892822266
128,2,elu,adam,0.01,0.4,1e-06,1739,COMPLETED,0.8703470230102539,0.7810218930244446,0.3566666543483734,0.888778030872345,0.3544754385948181
96,2,tanh,rmsprop,0.003,0.2,0.001,1592,COMPLETED,0.8703069686889648,0.7298850417137146,0.4233333468437195,0.8902742862701416,0.30015483498573303
96,4,tanh,rmsprop,0.0003,0.4,0.001,1845,COMPLETED,0.8703020215034485,0.6994818449020386,0.44999998807907104,0.888778030872345,0.34914612770080566
48,4,elu,adam,0.003,0.4,0.001,0277,COMPLETED,0.870269775390625,0.7358490824699402,0.38999998569488525,0.8877805471420288,0.3003254532814026
80,4,tanh,rmsprop,0.003,0.2,0.001,0167,COMPLETED,0.8702619671821594,0.7165775299072266,0.4466666579246521,0.8907730579376221,0.3034045398235321
80,4,tanh,adam,0.01,0.4,0.0,1968,COMPLETED,0.8702199459075928,0.7354838848114014,0.3799999952316284,0.8867830634117126,0.28780806064605713
80,4,relu,rmsprop,0.01,0.4,1e-05,0317,COMPLETED,0.8702092170715332,0.7352941036224365,0.0833333358168602,0.8583540916442871,0.36623305082321167
128,4,relu,rmsprop,0.01,0.2,0.0001,1938,COMPLETED,0.870208203792572,0.7777777910232544,0.2566666603088379,0.8778054714202881,0.34032803773880005
240,2,tanh,rmsprop,0.01,0.30000000000000004,1e-05,0665,COMPLETED,0.8702072501182556,0.7071428298950195,0.33000001311302185,0.8793017268180847,0.3238758444786072
192,4,elu,rmsprop,0.003,0.30000000000000004,1e-05,0736,COMPLETED,0.8701866865158081,0.7547169923782349,0.2666666805744171,0.8773067593574524,0.3026803135871887
176,3,tanh,adam,0.01,0.30000000000000004,1e-05,1001,COMPLETED,0.8701456785202026,0.7426470518112183,0.33666667342185974,0.8832917809486389,0.33673977851867676
48,1,relu,rmsprop,0.01,0.2,0.0,1811,COMPLETED,0.8701426982879639,0.7753623127937317,0.3566666543483734,0.8882793188095093,0.29854243993759155
160,3,elu,adam,0.003,0.1,0.0001,1474,COMPLETED,0.8701192736625671,0.7142857313156128,0.46666666865348816,0.8922693133354187,0.32924050092697144
240,4,elu,rmsprop,0.001,0.30000000000000004,1e-06,1365,COMPLETED,0.8701026439666748,0.761904776096344,0.47999998927116394,0.8997506499290466,0.27857932448387146
64,3,elu,adam,0.01,0.2,1e-05,0182,COMPLETED,0.8700400590896606,0.7329192757606506,0.3933333456516266,0.8877805471420288,0.29530778527259827
32,3,tanh,rmsprop,0.01,0.0,0.0001,0925,COMPLETED,0.8700391054153442,0.7213114500045776,0.4399999976158142,0.8907730579376221,0.30301082134246826
128,3,relu,rmsprop,0.01,0.1,0.0,1043,COMPLETED,0.8700097799301147,0.7692307829856873,0.06666667014360428,0.857356607913971,0.3295323848724365
160,1,tanh,adam,0.01,0.1,1e-06,1361,COMPLETED,0.8699941635131836,0.710659921169281,0.46666666865348816,0.891770601272583,0.3036794364452362
224,3,relu,adam,0.01,0.0,0.001,1566,COMPLETED,0.8699912428855896,0.6983470916748047,0.5633333325386047,0.8982543349266052,0.2925749123096466
64,4,relu,adam,0.01,0.2,0.0001,0545,COMPLETED,0.8699745535850525,0.7631579041481018,0.28999999165534973,0.8802992701530457,0.33662307262420654
208,4,elu,rmsprop,0.0003,0.0,0.0,0658,COMPLETED,0.8699706792831421,0.761904776096344,0.47999998927116394,0.8997506499290466,0.2769272029399872
32,4,relu,adam,0.01,0.30000000000000004,0.0001,0312,COMPLETED,0.8699628710746765,0.6031249761581421,0.6433333158493042,0.8832917809486389,0.38028544187545776
240,2,elu,rmsprop,0.01,0.1,0.001,0165,COMPLETED,0.8699501752853394,0.751724123954773,0.3633333444595337,0.8867830634117126,0.32549506425857544
176,2,tanh,rmsprop,0.01,0.2,0.0001,0419,COMPLETED,0.869948148727417,0.7647058963775635,0.3033333420753479,0.8817955255508423,0.3279896378517151
64,3,elu,rmsprop,0.003,0.2,0.0001,1200,COMPLETED,0.8699315786361694,0.7349397540092468,0.40666666626930237,0.8892768025398254,0.3057998716831207
176,3,elu,adam,0.003,0.4,0.0001,1962,COMPLETED,0.8699051737785339,0.7611111402511597,0.4566666781902313,0.8972568511962891,0.3297019600868225
192,2,relu,rmsprop,0.01,0.1,0.001,1726,COMPLETED,0.8698993921279907,0.7833333611488342,0.31333333253860474,0.8842892646789551,0.31471747159957886
64,3,elu,rmsprop,0.001,0.0,0.0,0114,COMPLETED,0.869889497756958,0.7640449404716492,0.4533333480358124,0.8972568511962891,0.28120264410972595
128,4,relu,rmsprop,0.01,0.0,0.0,1491,COMPLETED,0.8698650598526001,0.8196721076965332,0.1666666716337204,0.8698254227638245,0.309557169675827
112,4,elu,adam,0.001,0.0,1e-05,0108,COMPLETED,0.8698543310165405,0.7437185645103455,0.4933333396911621,0.8987531065940857,0.2837912142276764
48,1,tanh,rmsprop,0.001,0.4,0.001,1949,COMPLETED,0.8698416352272034,0.6995074152946472,0.47333332896232605,0.8907730579376221,0.2945449948310852
224,1,tanh,rmsprop,0.01,0.2,0.0,0683,COMPLETED,0.869840681552887,0.7206704020500183,0.4300000071525574,0.8897755742073059,0.2865803837776184
64,4,elu,rmsprop,0.003,0.1,1e-06,1903,COMPLETED,0.8698387145996094,0.74301677942276,0.44333332777023315,0.8937655687332153,0.2835373282432556
208,2,elu,adam,0.003,0.30000000000000004,0.0001,1720,COMPLETED,0.8698298931121826,0.739130437374115,0.4533333480358124,0.8942643404006958,0.315753310918808
208,3,relu,rmsprop,0.01,0.4,1e-05,0831,COMPLETED,0.8698182106018066,0.782608687877655,0.05999999865889549,0.8568578362464905,0.38836124539375305
160,1,relu,rmsprop,0.01,0.30000000000000004,0.001,1118,COMPLETED,0.8698103427886963,0.8507462739944458,0.1899999976158142,0.8738154768943787,0.3316090703010559
224,2,relu,adam,0.01,0.30000000000000004,1e-06,0240,COMPLETED,0.8697742223739624,0.7931034564971924,0.15333333611488342,0.8673316836357117,0.3159860670566559
256,3,tanh,adam,0.003,0.30000000000000004,0.0,0622,COMPLETED,0.8697693347930908,0.7303921580314636,0.49666666984558105,0.8972568511962891,0.2779950201511383
112,4,tanh,adam,0.003,0.1,0.0001,1034,COMPLETED,0.8697253465652466,0.7564102411270142,0.3933333456516266,0.8902742862701416,0.3213440775871277
128,1,relu,adam,0.01,0.2,1e-05,0344,COMPLETED,0.869720458984375,0.6945812702178955,0.4699999988079071,0.8897755742073059,0.3348959684371948
176,4,relu,rmsprop,0.01,0.30000000000000004,1e-06,1676,COMPLETED,0.8697096109390259,0.75,0.05000000074505806,0.8553615808486938,0.3675054907798767
208,3,relu,rmsprop,0.01,0.2,0.0,1107,COMPLETED,0.8697057366371155,0.75,0.03999999910593033,0.8543640971183777,0.34115898609161377
96,4,relu,rmsprop,0.01,0.30000000000000004,0.0001,0466,COMPLETED,0.869661808013916,0.7749999761581421,0.10333333164453506,0.8613466620445251,0.3540860414505005
112,3,elu,rmsprop,0.01,0.1,1e-06,0052,COMPLETED,0.8696461319923401,0.7411764860153198,0.20999999344348907,0.8708229660987854,0.31705477833747864
208,3,elu,rmsprop,0.003,0.4,1e-06,1484,COMPLETED,0.8695991635322571,0.7701863646507263,0.41333332657814026,0.8937655687332153,0.2982887327671051
48,3,tanh,rmsprop,0.01,0.1,0.001,0097,COMPLETED,0.8695513010025024,0.727748692035675,0.4633333384990692,0.8937655687332153,0.3135325014591217
240,4,tanh,rmsprop,0.003,0.2,0.001,0390,COMPLETED,0.8695082068443298,0.698019802570343,0.4699999988079071,0.8902742862701416,0.30949920415878296
256,2,elu,adam,0.01,0.4,0.0,1929,COMPLETED,0.8694877624511719,0.782608687877655,0.30000001192092896,0.8827930092811584,0.3438117802143097
64,3,elu,rmsprop,0.001,0.1,1e-05,0370,COMPLETED,0.8694652915000916,0.733668327331543,0.4866666793823242,0.8967580795288086,0.27808281779289246
112,1,tanh,adam,0.01,0.0,0.001,0936,COMPLETED,0.8694604635238647,0.7122641801834106,0.503333330154419,0.895261824131012,0.3084039092063904
160,1,tanh,adam,0.01,0.1,0.001,1341,COMPLETED,0.8694369792938232,0.6748971343040466,0.54666668176651,0.8927680850028992,0.3182132840156555
16,4,elu,rmsprop,0.0003,0.30000000000000004,0.0,0418,COMPLETED,0.8693890571594238,0.654275119304657,0.5866666436195374,0.891770601272583,0.28023216128349304
32,4,relu,rmsprop,0.001,0.2,1e-05,1931,COMPLETED,0.8693753480911255,0.7018348574638367,0.5099999904632568,0.8942643404006958,0.285587877035141
16,4,elu,rmsprop,0.001,0.4,1e-05,1280,COMPLETED,0.8693441152572632,0.6450381875038147,0.5633333325386047,0.8882793188095093,0.28180375695228577
96,4,elu,adam,0.001,0.1,1e-06,0984,COMPLETED,0.8693236112594604,0.7156862616539001,0.4866666793823242,0.8942643404006958,0.2790437340736389
256,3,elu,adam,0.003,0.1,1e-06,0829,COMPLETED,0.8693010807037354,0.658088207244873,0.596666693687439,0.8932668566703796,0.33456432819366455
240,2,relu,rmsprop,0.01,0.30000000000000004,0.001,0941,COMPLETED,0.8692727088928223,0.7177419066429138,0.2966666519641876,0.8773067593574524,0.3231910765171051
240,2,relu,adam,0.01,0.1,0.001,1608,COMPLETED,0.8692550659179688,0.6977777481079102,0.5233333110809326,0.8947631120681763,0.31585463881492615
64,2,tanh,adam,0.01,0.0,0.0001,1461,COMPLETED,0.8692375421524048,0.7349397540092468,0.40666666626930237,0.8892768025398254,0.3114655613899231
256,2,elu,rmsprop,0.003,0.1,0.0001,0472,COMPLETED,0.8691486120223999,0.7597402334213257,0.38999998569488525,0.8902742862701416,0.32360565662384033
112,2,tanh,rmsprop,0.003,0.30000000000000004,0.001,0458,COMPLETED,0.8691261410713196,0.7257142663002014,0.4233333468437195,0.8897755742073059,0.30421584844589233
16,1,tanh,adam,0.0003,0.1,0.0,0942,COMPLETED,0.8690478801727295,0.6866359710693359,0.49666666984558105,0.8907730579376221,0.2822456359863281
16,2,relu,adam,0.01,0.30000000000000004,0.001,1109,COMPLETED,0.8690302968025208,0.7450980544090271,0.3799999952316284,0.8877805471420288,0.3103802502155304
160,3,tanh,adam,0.01,0.30000000000000004,0.0,0275,COMPLETED,0.869012713432312,0.6716417670249939,0.44999998807907104,0.8847880363464355,0.2827436923980713
176,1,tanh,rmsprop,0.01,0.1,1e-05,0886,COMPLETED,0.8689794540405273,0.7267441749572754,0.4166666567325592,0.8892768025398254,0.3121277689933777
176,3,elu,rmsprop,0.001,0.0,0.0,0662,COMPLETED,0.8689785003662109,0.7530864477157593,0.40666666626930237,0.8912718296051025,0.28581443428993225
16,2,relu,rmsprop,0.01,0.4,1e-06,0660,COMPLETED,0.868972659111023,0.8208954930305481,0.18333333730697632,0.8718204498291016,0.2962024211883545
128,4,elu,rmsprop,0.01,0.2,1e-06,0462,COMPLETED,0.8689725995063782,0.7142857313156128,0.03333333507180214,0.8533665537834167,0.3317195475101471
240,2,elu,rmsprop,0.003,0.4,0.001,1950,COMPLETED,0.8689647912979126,0.7517730593681335,0.35333332419395447,0.8857855200767517,0.31682929396629333
144,4,elu,rmsprop,0.01,0.30000000000000004,0.0001,0773,COMPLETED,0.8689628839492798,0.7166666388511658,0.2866666615009308,0.8763092160224915,0.36672767996788025
80,1,elu,rmsprop,0.01,0.2,1e-05,0034,COMPLETED,0.8689501285552979,0.699999988079071,0.41999998688697815,0.8862842917442322,0.29472148418426514
64,3,elu,rmsprop,0.01,0.0,0.0001,1718,COMPLETED,0.8689462542533875,0.7532467246055603,0.3866666555404663,0.8892768025398254,0.3167757987976074
176,3,tanh,rmsprop,0.01,0.0,0.0,1293,COMPLETED,0.8689325451850891,0.7020202279090881,0.4633333384990692,0.8902742862701416,0.28297626972198486
16,1,tanh,adam,0.003,0.4,0.001,0221,COMPLETED,0.8689002990722656,0.711442768573761,0.476666659116745,0.8927680850028992,0.2869117259979248
128,4,tanh,adam,0.003,0.0,1e-05,1097,COMPLETED,0.8688905835151672,0.6890756487846375,0.54666668176651,0.895261824131012,0.3066956102848053
48,3,elu,rmsprop,0.01,0.1,0.001,1369,COMPLETED,0.8688846826553345,0.7760000228881836,0.3233333230018616,0.8847880363464355,0.31142744421958923
256,1,tanh,adam,0.01,0.1,0.0001,0956,COMPLETED,0.868858277797699,0.656521737575531,0.503333330154419,0.8862842917442322,0.33838313817977905
32,2,tanh,adam,0.01,0.0,1e-05,0139,COMPLETED,0.8688523769378662,0.7358490824699402,0.38999998569488525,0.8877805471420288,0.28738340735435486
208,4,elu,rmsprop,0.003,0.1,0.0,0518,COMPLETED,0.8688064217567444,0.835616409778595,0.20333333313465118,0.8748129606246948,0.32107222080230713
224,2,elu,adam,0.003,0.2,1e-05,0445,COMPLETED,0.8687565922737122,0.7621951103210449,0.4166666567325592,0.8932668566703796,0.2906966507434845
32,4,tanh,adam,0.01,0.0,0.0,0844,COMPLETED,0.8687448501586914,0.7378048896789551,0.4033333361148834,0.8892768025398254,0.2844408452510834
160,1,relu,rmsprop,0.01,0.30000000000000004,1e-06,0737,COMPLETED,0.868742823600769,0.7360000014305115,0.30666667222976685,0.8798004984855652,0.3145736753940582
16,1,elu,rmsprop,0.0003,0.30000000000000004,1e-05,0087,COMPLETED,0.868740975856781,0.6798245906829834,0.5166666507720947,0.8912718296051025,0.2958797216415405
240,4,tanh,adam,0.001,0.4,0.001,1841,COMPLETED,0.8686861991882324,0.7345678806304932,0.39666667580604553,0.8882793188095093,0.6207190752029419
32,1,relu,adam,0.01,0.4,0.001,0067,COMPLETED,0.8686764240264893,0.742514967918396,0.41333332657814026,0.8907730579376221,0.3153723180294037
80,4,tanh,rmsprop,0.001,0.2,0.001,0943,COMPLETED,0.8686617612838745,0.7349397540092468,0.40666666626930237,0.8892768025398254,0.3206877112388611
80,4,elu,adam,0.001,0.0,0.0,0732,COMPLETED,0.8685610890388489,0.6982758641242981,0.5400000214576721,0.8962593674659729,0.3199111521244049
32,4,relu,rmsprop,0.0003,0.1,1e-06,0533,COMPLETED,0.8684673309326172,0.6774193644523621,0.5600000023841858,0.8942643404006958,0.28004565834999084
256,1,tanh,adam,0.01,0.2,1e-06,0766,COMPLETED,0.868466317653656,0.6666666865348816,0.47333332896232605,0.8857855200767517,0.3045242726802826
32,4,relu,rmsprop,0.003,0.4,1e-06,1175,COMPLETED,0.8684594631195068,0.6798245906829834,0.5166666507720947,0.8912718296051025,0.29517868161201477
240,4,elu,adam,0.0003,0.0,1e-05,1987,COMPLETED,0.8684301376342773,0.7416267991065979,0.5166666507720947,0.9007481336593628,0.288652628660202
176,4,tanh,rmsprop,0.001,0.0,0.0,1476,COMPLETED,0.8684300780296326,0.7417218685150146,0.3733333349227905,0.8867830634117126,0.2867603302001953
224,1,relu,adam,0.01,0.2,1e-06,0551,COMPLETED,0.868413507938385,0.6341463327407837,0.6066666841506958,0.888778030872345,0.4621061682701111
224,3,relu,rmsprop,0.01,0.2,0.001,0225,COMPLETED,0.8683997988700867,0.7446808218955994,0.23333333432674408,0.8733167052268982,0.33270949125289917
224,4,elu,adam,0.001,0.2,1e-05,0748,COMPLETED,0.8683587312698364,0.7345971465110779,0.5166666507720947,0.8997506499290466,0.2891770601272583
128,2,tanh,rmsprop,0.003,0.2,0.001,0715,COMPLETED,0.8682854175567627,0.7283950448036194,0.3933333456516266,0.8872817754745483,0.30119603872299194
240,2,relu,rmsprop,0.01,0.4,0.001,1184,COMPLETED,0.8682824969291687,0.7428571581840515,0.3466666638851166,0.8842892646789551,0.3411077857017517
48,4,elu,adam,0.001,0.0,0.0001,0307,COMPLETED,0.8682688474655151,0.75,0.47999998927116394,0.8982543349266052,0.2988453507423401
224,3,relu,adam,0.01,0.4,0.0001,1579,COMPLETED,0.8682502508163452,0.7469879388809204,0.41333332657814026,0.8912718296051025,0.37135589122772217
240,3,relu,rmsprop,0.01,0.2,1e-06,0382,COMPLETED,0.8682237863540649,0.7560975551605225,0.10333333164453506,0.8608478903770447,0.32852914929389954
176,1,tanh,rmsprop,0.01,0.30000000000000004,0.0,0257,COMPLETED,0.8681720495223999,0.7326732873916626,0.24666666984558105,0.8738154768943787,0.2943176031112671
64,4,tanh,rmsprop,0.01,0.30000000000000004,0.0001,0465,COMPLETED,0.8681642413139343,0.7575757503509521,0.3333333432674408,0.8842892646789551,0.32444825768470764
32,4,elu,rmsprop,0.01,0.1,0.001,0222,COMPLETED,0.8681329488754272,0.7538461685180664,0.3266666531562805,0.8832917809486389,0.3094315528869629
176,1,tanh,rmsprop,0.01,0.0,0.0001,1258,COMPLETED,0.8680967688560486,0.7231638431549072,0.4266666769981384,0.8897755742073059,0.3002292513847351
208,3,relu,rmsprop,0.01,0.0,1e-06,0294,COMPLETED,0.8680821657180786,0.8292682766914368,0.3400000035762787,0.8907730579376221,0.3194214403629303
96,2,relu,rmsprop,0.01,0.4,0.001,0008,COMPLETED,0.8680752515792847,0.7894737124443054,0.15000000596046448,0.8668329119682312,0.35314062237739563
224,3,tanh,rmsprop,0.01,0.4,0.0001,0040,COMPLETED,0.8680733442306519,0.84375,0.18000000715255737,0.872319221496582,0.3943867087364197
256,3,tanh,adam,0.003,0.1,0.001,1230,COMPLETED,0.8680528402328491,0.7102803587913513,0.5066666603088379,0.895261824131012,0.3105071187019348
240,4,tanh,adam,0.001,0.30000000000000004,0.001,0827,COMPLETED,0.8680459856987,0.7659574747085571,0.36000001430511475,0.8877805471420288,0.299888551235199
176,1,tanh,rmsprop,0.01,0.1,0.0001,0292,COMPLETED,0.8680429458618164,0.6834170818328857,0.4533333480358124,0.8867830634117126,0.318460613489151
176,3,elu,adam,0.003,0.2,0.001,0107,COMPLETED,0.8679912090301514,0.765625,0.3266666531562805,0.8842892646789551,0.42609137296676636
16,4,tanh,adam,0.0003,0.4,1e-06,0575,COMPLETED,0.8679726123809814,0.6501767039299011,0.6133333444595337,0.8927680850028992,0.2809988558292389
80,2,tanh,rmsprop,0.01,0.0,1e-06,1412,COMPLETED,0.8679696917533875,0.7096773982048035,0.4399999976158142,0.8892768025398254,0.2863158583641052
256,2,tanh,adam,0.003,0.2,1e-06,1804,COMPLETED,0.8679657578468323,0.6918919086456299,0.4266666769981384,0.8857855200767517,0.296562522649765
192,1,relu,adam,0.01,0.4,0.001,0559,COMPLETED,0.8679100871086121,0.7235293984413147,0.4099999964237213,0.8882793188095093,0.32507142424583435
16,4,relu,rmsprop,0.001,0.30000000000000004,1e-06,0485,COMPLETED,0.8679051399230957,0.6833333373069763,0.54666668176651,0.8942643404006958,0.2954496741294861
240,3,relu,rmsprop,0.01,0.4,0.001,0011,COMPLETED,0.8678992986679077,0.7272727489471436,0.4266666769981384,0.8902742862701416,0.32405346632003784
112,3,tanh,adam,0.003,0.0,1e-05,1314,COMPLETED,0.8678895831108093,0.6989796161651611,0.4566666781902313,0.8892768025398254,0.3036248981952667
16,3,elu,rmsprop,0.001,0.0,1e-06,1379,COMPLETED,0.8678436279296875,0.7224880456924438,0.503333330154419,0.8967580795288086,0.2794850766658783
208,2,tanh,rmsprop,0.001,0.4,0.001,1664,COMPLETED,0.8678191900253296,0.7290322780609131,0.3766666650772095,0.8857855200767517,0.3013916015625
256,2,relu,rmsprop,0.01,0.4,0.0,0771,COMPLETED,0.8678182363510132,0.7045454382896423,0.3100000023841858,0.8773067593574524,0.3101157248020172
144,4,tanh,rmsprop,0.001,0.30000000000000004,0.001,1947,COMPLETED,0.8677888512611389,0.7352941036224365,0.4166666567325592,0.8902742862701416,0.43996235728263855
128,4,elu,rmsprop,0.01,0.2,0.001,1635,COMPLETED,0.8677780628204346,0.761904776096344,0.0533333346247673,0.8558603525161743,0.3456280529499054
144,4,elu,rmsprop,0.001,0.30000000000000004,1e-05,0035,COMPLETED,0.867767333984375,0.7180851101875305,0.44999998807907104,0.8912718296051025,0.28654760122299194
80,4,elu,adam,0.001,0.0,1e-05,1927,COMPLETED,0.8677272796630859,0.7004608511924744,0.5066666603088379,0.8937655687332153,0.2989826798439026
176,4,relu,rmsprop,0.01,0.30000000000000004,0.001,0514,COMPLETED,0.8677067756652832,0.7529411911964417,0.2133333384990692,0.8718204498291016,0.33384132385253906
256,1,tanh,adam,0.01,0.1,0.001,0796,COMPLETED,0.8676862716674805,0.6763485670089722,0.5433333516120911,0.8927680850028992,0.32902270555496216
64,2,elu,rmsprop,0.003,0.0,0.0001,0220,COMPLETED,0.8676774501800537,0.7548387050628662,0.38999998569488525,0.8897755742073059,0.30026116967201233
192,3,relu,rmsprop,0.01,0.0,0.0,1420,COMPLETED,0.8676255941390991,0.7755101919174194,0.12666666507720947,0.8638404011726379,0.30743521451950073
128,1,relu,adam,0.01,0.30000000000000004,0.001,1025,COMPLETED,0.867615818977356,0.7569444179534912,0.3633333444595337,0.8872817754745483,0.3110402822494507
160,2,tanh,adam,0.01,0.0,0.0001,0124,COMPLETED,0.8675825595855713,0.6995074152946472,0.47333332896232605,0.8907730579376221,0.3474501669406891
160,4,elu,rmsprop,0.01,0.2,0.0001,1648,COMPLETED,0.8675767183303833,0.7326732873916626,0.24666666984558105,0.8738154768943787,0.37303805351257324
144,1,tanh,adam,0.01,0.0,1e-06,0017,COMPLETED,0.8675738573074341,0.7324841022491455,0.38333332538604736,0.8867830634117126,0.3009796738624573
112,4,relu,adam,0.01,0.0,0.001,0506,COMPLETED,0.8675543069839478,0.7171717286109924,0.47333332896232605,0.8932668566703796,0.29681646823883057
96,3,elu,adam,0.003,0.30000000000000004,0.001,1515,COMPLETED,0.8675523996353149,0.7543859481811523,0.4300000071525574,0.8937655687332153,0.3021550476551056
144,4,elu,rmsprop,0.01,0.4,0.0,0135,COMPLETED,0.8674858212471008,0.6909871101379395,0.5366666913032532,0.8947631120681763,0.3213723599910736
224,3,relu,rmsprop,0.01,0.1,1e-05,0634,COMPLETED,0.8674603700637817,0.8125,0.12999999523162842,0.8653366565704346,0.3538301885128021
128,3,relu,rmsprop,0.01,0.4,0.001,1976,COMPLETED,0.8674242496490479,0.7222222089767456,0.04333333298563957,0.8543640971183777,0.3452862501144409
48,2,elu,adam,0.01,0.0,1e-05,0140,COMPLETED,0.8674183487892151,0.7109004855155945,0.5,0.8947631120681763,0.2935885787010193
176,2,elu,adam,0.003,0.2,1e-06,1798,COMPLETED,0.8673987984657288,0.7198067903518677,0.49666666984558105,0.8957605957984924,0.293824702501297
240,1,tanh,adam,0.01,0.1,1e-05,1105,COMPLETED,0.8673235177993774,0.6810810565948486,0.41999998688697815,0.8837905526161194,0.34318989515304565
48,3,elu,rmsprop,0.003,0.0,1e-06,1943,COMPLETED,0.8672952055931091,0.7412587404251099,0.35333332419395447,0.8847880363464355,0.28716036677360535
240,4,elu,adam,0.01,0.0,0.0001,0044,COMPLETED,0.8672668933868408,0.7777777910232544,0.23333333432674408,0.8753117322921753,0.34153085947036743
112,2,tanh,adam,0.01,0.0,1e-06,0463,COMPLETED,0.8671759366989136,0.7005347609519958,0.43666666746139526,0.8877805471420288,0.28579866886138916
96,2,tanh,adam,0.003,0.30000000000000004,0.001,1439,COMPLETED,0.8671642541885376,0.7004830837249756,0.4833333194255829,0.891770601272583,0.29543545842170715
256,2,elu,adam,0.003,0.4,1e-06,1312,COMPLETED,0.8671514987945557,0.7314285635948181,0.4266666769981384,0.8907730579376221,0.2911674678325653
208,4,tanh,rmsprop,0.001,0.4,0.001,0814,COMPLETED,0.8671300411224365,0.7284768223762512,0.36666667461395264,0.8847880363464355,0.7455123066902161
96,2,tanh,adam,0.01,0.0,1e-06,1141,COMPLETED,0.8671212196350098,0.7636363506317139,0.2800000011920929,0.8793017268180847,0.29177242517471313
128,2,tanh,adam,0.01,0.30000000000000004,0.0001,0003,COMPLETED,0.8670928478240967,0.7371794581413269,0.38333332538604736,0.8872817754745483,0.3415853977203369
80,1,relu,adam,0.01,0.2,0.001,0677,COMPLETED,0.8669559955596924,0.7170731425285339,0.49000000953674316,0.8947631120681763,0.32015594840049744
48,2,elu,rmsprop,0.003,0.0,1e-06,1517,COMPLETED,0.8668846487998962,0.7515528202056885,0.4033333361148834,0.8907730579376221,0.28571584820747375
144,4,relu,rmsprop,0.01,0.30000000000000004,1e-06,0313,COMPLETED,0.8668777942657471,0.8518518805503845,0.15333333611488342,0.8693267107009888,0.335012286901474
64,3,elu,rmsprop,0.01,0.4,0.001,0477,COMPLETED,0.8668562769889832,0.7272727489471436,0.07999999821186066,0.8578553795814514,0.34908244013786316
80,1,relu,adam,0.01,0.0,0.0,1581,COMPLETED,0.8668475151062012,0.6498194932937622,0.6000000238418579,0.891770601272583,0.32921645045280457
176,2,tanh,adam,0.01,0.30000000000000004,1e-06,0529,COMPLETED,0.8668308854103088,0.6842105388641357,0.3033333420753479,0.8748129606246948,0.3053191900253296
208,4,relu,rmsprop,0.01,0.2,0.0,0555,COMPLETED,0.8667898178100586,0.8153846263885498,0.17666666209697723,0.8708229660987854,0.32539042830467224
128,2,tanh,adam,0.003,0.4,0.001,0322,COMPLETED,0.8667136430740356,0.7150837779045105,0.4266666769981384,0.888778030872345,0.3908557593822479
128,4,relu,adam,0.01,0.30000000000000004,0.0,0894,COMPLETED,0.8666969537734985,0.6969696879386902,0.46000000834465027,0.8892768025398254,0.2953907549381256
32,3,relu,adam,0.01,0.30000000000000004,0.001,0176,COMPLETED,0.8666598200798035,0.698113203048706,0.3700000047683716,0.8817955255508423,0.35701093077659607
256,4,elu,rmsprop,0.001,0.1,1e-05,0553,COMPLETED,0.8666588068008423,0.7447916865348816,0.476666659116745,0.8972568511962891,0.2954860031604767
16,4,elu,rmsprop,0.01,0.4,0.001,0570,COMPLETED,0.8666451573371887,0.746666669845581,0.3733333349227905,0.8872817754745483,0.32037046551704407
208,2,elu,rmsprop,0.01,0.4,0.0001,1300,COMPLETED,0.8666158318519592,0.7647058963775635,0.12999999523162842,0.8638404011726379,0.394372820854187
64,4,tanh,adam,0.003,0.2,0.001,0526,COMPLETED,0.8666070699691772,0.7515923380851746,0.3933333456516266,0.8897755742073059,0.3064459562301636
240,3,tanh,rmsprop,0.003,0.0,1e-06,0868,COMPLETED,0.8665806651115417,0.6994535326957703,0.4266666769981384,0.8867830634117126,0.2881775200366974
144,4,tanh,adam,0.001,0.4,0.001,0356,COMPLETED,0.866521954536438,0.7135416865348816,0.4566666781902313,0.8912718296051025,0.35100990533828735
256,2,elu,rmsprop,0.01,0.30000000000000004,1e-06,0025,COMPLETED,0.8664819002151489,0.7631579041481018,0.19333332777023315,0.8703241944313049,0.3758995234966278
192,2,tanh,rmsprop,0.01,0.2,0.0001,0348,COMPLETED,0.8664799928665161,0.7755101919174194,0.25333333015441895,0.8773067593574524,0.3314961791038513
144,3,tanh,adam,0.003,0.0,0.0,1279,COMPLETED,0.8664496541023254,0.6545454263687134,0.47999998927116394,0.8842892646789551,0.3123877942562103
128,3,relu,rmsprop,0.01,0.4,0.0,0073,COMPLETED,0.866439938545227,0.7333333492279053,0.036666665226221085,0.8538653254508972,0.3279232382774353
160,1,tanh,adam,0.01,0.2,0.001,0929,COMPLETED,0.8664134740829468,0.6860986351966858,0.5099999904632568,0.891770601272583,0.33069437742233276
224,1,tanh,rmsprop,0.01,0.30000000000000004,0.0,1199,COMPLETED,0.8663714528083801,0.7364341020584106,0.3166666626930237,0.8807979822158813,0.2944551110267639
80,1,tanh,adam,0.01,0.2,0.001,1591,COMPLETED,0.8663694858551025,0.7061855792999268,0.4566666781902313,0.8902742862701416,0.31513285636901855
256,4,tanh,rmsprop,0.01,0.2,0.0,1867,COMPLETED,0.8662570714950562,0.6741071343421936,0.503333330154419,0.8892768025398254,0.28220510482788086
192,3,elu,rmsprop,0.01,0.2,1e-05,0279,COMPLETED,0.8661749362945557,0.7722772359848022,0.25999999046325684,0.8778054714202881,0.3707198202610016
208,3,elu,adam,0.003,0.0,1e-06,1917,COMPLETED,0.8661690950393677,0.6753731369972229,0.6033333539962769,0.8972568511962891,0.314348429441452
96,1,tanh,rmsprop,0.01,0.2,0.001,0353,COMPLETED,0.8661525249481201,0.7716535329818726,0.3266666531562805,0.8847880363464355,0.3140604794025421
48,4,elu,adam,0.01,0.2,1e-06,0849,COMPLETED,0.8661495447158813,0.7123894095420837,0.5366666913032532,0.8982543349266052,0.2988051176071167
16,4,tanh,adam,0.003,0.4,0.001,1821,COMPLETED,0.8661065697669983,0.7192118167877197,0.4866666793823242,0.8947631120681763,0.2939051389694214
48,2,elu,adam,0.01,0.1,1e-05,1083,COMPLETED,0.8660792112350464,0.7529411911964417,0.4266666769981384,0.8932668566703796,0.29724743962287903
48,4,tanh,rmsprop,0.01,0.30000000000000004,0.0001,0172,COMPLETED,0.8660722970962524,0.7651006579399109,0.3799999952316284,0.8897755742073059,0.32057446241378784
144,2,tanh,adam,0.01,0.4,0.0001,1562,COMPLETED,0.8660264015197754,0.7105262875556946,0.44999998807907104,0.8902742862701416,0.36804017424583435
224,4,tanh,adam,0.01,0.0,1e-06,0192,COMPLETED,0.8660156726837158,0.6994818449020386,0.44999998807907104,0.888778030872345,0.31419500708580017
80,2,elu,adam,0.01,0.4,0.0001,0931,COMPLETED,0.8659550547599792,0.7762237787246704,0.3700000047683716,0.8897755742073059,0.32182544469833374
32,4,relu,adam,0.01,0.1,0.001,1204,COMPLETED,0.8659550547599792,0.791208803653717,0.23999999463558197,0.8768079876899719,0.34023088216781616
256,4,elu,adam,0.001,0.1,1e-05,1222,COMPLETED,0.8659247159957886,0.75,0.44999998807907104,0.895261824131012,0.2939837872982025
192,1,relu,rmsprop,0.01,0.2,1e-06,1234,COMPLETED,0.8659208416938782,0.7162162065505981,0.35333332419395447,0.882294237613678,0.314350962638855
80,3,elu,rmsprop,0.01,0.30000000000000004,0.001,1292,COMPLETED,0.8657937049865723,0.7605633735656738,0.18000000715255737,0.8688279390335083,0.3395170271396637
80,4,elu,adam,0.01,0.2,1e-06,1691,COMPLETED,0.8657341003417969,0.7682119011878967,0.3866666555404663,0.8907730579376221,0.2907852530479431
240,3,tanh,rmsprop,0.01,0.4,0.0001,0760,COMPLETED,0.8657057881355286,0.7532467246055603,0.19333332777023315,0.8698254227638245,0.39798879623413086
96,3,elu,rmsprop,0.01,0.2,0.0,0619,COMPLETED,0.8657008409500122,0.7142857313156128,0.20000000298023224,0.8683291673660278,0.3054921627044678
80,1,elu,adam,0.01,0.30000000000000004,1e-05,0285,COMPLETED,0.8656002283096313,0.7046632170677185,0.4533333480358124,0.8897755742073059,0.2928166091442108
192,3,tanh,adam,0.01,0.1,1e-05,0305,COMPLETED,0.8655962944030762,0.7678571343421936,0.4300000071525574,0.895261824131012,0.31109818816185
240,1,elu,adam,0.01,0.4,0.0001,0528,COMPLETED,0.8655669689178467,0.6824034452438354,0.5299999713897705,0.8927680850028992,0.34226053953170776
32,2,tanh,rmsprop,0.01,0.2,0.001,0268,COMPLETED,0.86552494764328,0.7737226486206055,0.35333332419395447,0.8877805471420288,0.313503235578537
224,2,elu,adam,0.003,0.30000000000000004,0.0001,0027,COMPLETED,0.8654731512069702,0.740963876247406,0.4099999964237213,0.8902742862701416,0.3195009231567383
256,2,relu,adam,0.01,0.4,1e-06,1751,COMPLETED,0.8654701709747314,0.7564102411270142,0.3933333456516266,0.8902742862701416,0.3215447962284088
240,2,tanh,rmsprop,0.01,0.1,1e-05,1021,COMPLETED,0.8653744459152222,0.7235293984413147,0.4099999964237213,0.8882793188095093,0.3214525282382965
16,3,relu,rmsprop,0.003,0.1,0.0,0153,COMPLETED,0.8653636574745178,0.7253885865211487,0.46666666865348816,0.8937655687332153,0.2863348126411438
256,4,elu,adam,0.003,0.4,0.001,0675,COMPLETED,0.8653372526168823,0.7277227640151978,0.49000000953674316,0.8962593674659729,0.3492128849029541
112,2,tanh,adam,0.01,0.1,1e-05,0193,COMPLETED,0.8652912974357605,0.7685950398445129,0.3100000023841858,0.8827930092811584,0.2990715205669403
80,1,elu,adam,0.01,0.0,0.0001,1259,COMPLETED,0.8652072548866272,0.7218934893608093,0.40666666626930237,0.8877805471420288,0.3018670082092285
128,2,relu,adam,0.01,0.1,0.001,0102,COMPLETED,0.8652013540267944,0.6771300435066223,0.503333330154419,0.8897755742073059,0.3506457209587097
192,1,tanh,rmsprop,0.01,0.0,0.0001,1295,COMPLETED,0.8651984333992004,0.6818181872367859,0.3499999940395355,0.8783042430877686,0.30597350001335144
176,4,elu,rmsprop,0.003,0.0,1e-06,1216,COMPLETED,0.8651407957077026,0.7475728392601013,0.2566666603088379,0.875810444355011,0.29592570662498474
240,1,elu,adam,0.01,0.4,0.0,0335,COMPLETED,0.8651348948478699,0.695652186870575,0.5333333611488342,0.895261824131012,0.5485516786575317
112,1,elu,adam,0.01,0.30000000000000004,1e-06,1624,COMPLETED,0.8650968074798584,0.7234042286872864,0.4533333480358124,0.8922693133354187,0.28905051946640015
160,2,relu,rmsprop,0.01,0.2,1e-06,0530,COMPLETED,0.8650723695755005,0.729411780834198,0.20666666328907013,0.8698254227638245,0.3473641872406006
64,2,elu,rmsprop,0.01,0.4,0.0,1868,COMPLETED,0.8650469183921814,0.7704917788505554,0.31333333253860474,0.8832917809486389,0.305643230676651
128,3,elu,rmsprop,0.01,0.4,0.0,1571,COMPLETED,0.8649990558624268,0.8260869383811951,0.06333333253860474,0.8578553795814514,0.3481164276599884
112,3,elu,rmsprop,0.01,0.0,1e-05,0404,COMPLETED,0.8648426532745361,0.7417218685150146,0.3733333349227905,0.8867830634117126,0.30785712599754333
240,2,elu,adam,0.003,0.1,0.0,0297,COMPLETED,0.8646755218505859,0.7872340679168701,0.3700000047683716,0.8907730579376221,0.2894294559955597
96,2,elu,rmsprop,0.01,0.2,1e-06,0867,COMPLETED,0.8646500706672668,0.708737850189209,0.2433333396911621,0.8718204498291016,0.31279492378234863
112,4,relu,rmsprop,0.01,0.30000000000000004,0.001,1475,COMPLETED,0.8644849061965942,0.7614678740501404,0.27666667103767395,0.878803014755249,0.3313351273536682
144,4,tanh,adam,0.01,0.1,1e-06,1124,COMPLETED,0.864464282989502,0.7651515007019043,0.33666667342185974,0.885286808013916,0.29954856634140015
224,3,elu,adam,0.003,0.0,1e-06,1406,COMPLETED,0.8644320964813232,0.7129186391830444,0.49666666984558105,0.8947631120681763,0.29310113191604614
96,1,elu,rmsprop,0.01,0.2,1e-05,0798,COMPLETED,0.8643597364425659,0.7103825211524963,0.4333333373069763,0.888778030872345,0.29693740606307983
256,3,elu,rmsprop,0.001,0.0,0.0,0750,COMPLETED,0.8643274903297424,0.70243901014328,0.47999998927116394,0.891770601272583,0.2913978695869446
256,3,tanh,rmsprop,0.01,0.2,1e-05,1639,COMPLETED,0.8643098473548889,0.7460317611694336,0.31333333253860474,0.8812967538833618,0.3267899751663208
48,4,tanh,rmsprop,0.01,0.4,1e-06,0804,COMPLETED,0.8642903566360474,0.6520146727561951,0.5933333039283752,0.891770601272583,0.28737789392471313
128,2,elu,rmsprop,0.01,0.30000000000000004,0.001,0469,COMPLETED,0.8642649054527283,0.7333333492279053,0.10999999940395355,0.8608478903770447,0.34598273038864136
176,4,tanh,adam,0.01,0.30000000000000004,1e-05,1529,COMPLETED,0.8642346858978271,0.7638888955116272,0.36666667461395264,0.8882793188095093,0.36050280928611755
112,1,tanh,rmsprop,0.01,0.30000000000000004,0.001,0157,COMPLETED,0.8642003536224365,0.7284768223762512,0.36666667461395264,0.8847880363464355,0.317892849445343
144,4,tanh,adam,0.01,0.1,1e-05,1703,COMPLETED,0.8641749620437622,0.7961165308952332,0.273333340883255,0.8807979822158813,0.3442160487174988
64,1,elu,adam,0.01,0.1,0.0,0543,COMPLETED,0.8641085028648376,0.7025641202926636,0.4566666781902313,0.8897755742073059,0.28688499331474304
128,1,relu,adam,0.01,0.1,0.0,0266,COMPLETED,0.8640947937965393,0.6704980731010437,0.5833333134651184,0.8947631120681763,0.29729917645454407
128,1,elu,rmsprop,0.01,0.4,1e-06,1708,COMPLETED,0.8640840649604797,0.7061855792999268,0.4566666781902313,0.8902742862701416,0.3160766065120697
256,1,relu,adam,0.01,0.1,1e-06,1323,COMPLETED,0.8637996912002563,0.5603448152542114,0.6499999761581421,0.8713216781616211,0.4547855854034424
240,1,elu,adam,0.01,0.1,0.001,1545,COMPLETED,0.8637830018997192,0.684684693813324,0.5066666603088379,0.8912718296051025,0.33408039808273315
16,2,tanh,rmsprop,0.01,0.4,0.001,0962,COMPLETED,0.8637762069702148,0.7567567825317383,0.2800000011920929,0.878803014755249,0.3160305619239807
144,1,elu,adam,0.01,0.4,0.0,0656,COMPLETED,0.8637478351593018,0.7397260069847107,0.36000001430511475,0.885286808013916,0.29549989104270935
80,2,elu,rmsprop,0.01,0.0,0.0001,1221,COMPLETED,0.8637429475784302,0.75,0.3700000047683716,0.8872817754745483,0.3148757815361023
96,1,elu,rmsprop,0.01,0.0,0.0,0144,COMPLETED,0.8636676073074341,0.679425835609436,0.47333332896232605,0.8877805471420288,0.29329437017440796
128,1,relu,adam,0.01,0.0,1e-05,0401,COMPLETED,0.8636491298675537,0.6321839094161987,0.550000011920929,0.8847880363464355,0.30064883828163147
112,1,elu,rmsprop,0.01,0.4,0.001,0896,COMPLETED,0.8635561466217041,0.7162162065505981,0.17666666209697723,0.8663341403007507,0.3318176865577698
80,1,elu,rmsprop,0.01,0.4,0.001,0324,COMPLETED,0.8635200262069702,0.7350427508354187,0.2866666615009308,0.8778054714202881,0.32623758912086487
208,2,tanh,adam,0.01,0.4,0.0001,1662,COMPLETED,0.8634946346282959,0.675000011920929,0.44999998807907104,0.885286808013916,0.42336705327033997
224,2,tanh,rmsprop,0.01,0.1,0.001,1519,COMPLETED,0.8634516000747681,0.6393442749977112,0.12999999523162842,0.8588528633117676,0.35187557339668274
32,4,tanh,adam,0.01,0.0,0.0001,1850,COMPLETED,0.8633880615234375,0.7433628439903259,0.2800000011920929,0.8778054714202881,0.3159560263156891
96,3,elu,adam,0.01,0.30000000000000004,1e-05,0903,COMPLETED,0.8631964921951294,0.769784152507782,0.3566666543483734,0.8877805471420288,0.3146055042743683
256,1,tanh,adam,0.01,0.0,0.001,0241,COMPLETED,0.8629540801048279,0.7018633484840393,0.3766666650772095,0.8827930092811584,0.33223026990890503
80,1,elu,adam,0.01,0.0,1e-05,0719,COMPLETED,0.8627761006355286,0.7081339955329895,0.4933333396911621,0.8937655687332153,0.2918184995651245
192,1,relu,rmsprop,0.01,0.4,0.0,0078,COMPLETED,0.862759530544281,0.7678571343421936,0.2866666615009308,0.8802992701530457,0.32213905453681946
208,1,tanh,adam,0.01,0.0,1e-05,1504,COMPLETED,0.8626999855041504,0.6875,0.4033333361148834,0.8832917809486389,0.34509366750717163
192,1,tanh,rmsprop,0.01,0.0,1e-05,0841,COMPLETED,0.8625620603561401,0.6870229244232178,0.30000001192092896,0.8748129606246948,0.30385249853134155
208,4,tanh,adam,0.003,0.0,0.0,0295,COMPLETED,0.8625190854072571,0.6727272868156433,0.4933333396911621,0.8882793188095093,0.2876919209957123
16,3,tanh,rmsprop,0.01,0.4,1e-05,1760,COMPLETED,0.8624995350837708,0.7405063509941101,0.38999998569488525,0.8882793188095093,0.29422876238822937
256,1,elu,rmsprop,0.01,0.1,0.0001,0245,COMPLETED,0.8624457120895386,0.7217391133308411,0.27666667103767395,0.875810444355011,0.33095988631248474
224,3,tanh,adam,0.003,0.4,0.001,0117,COMPLETED,0.8624370098114014,0.7052023410797119,0.40666666626930237,0.8857855200767517,0.4822658598423004
160,3,tanh,rmsprop,0.003,0.30000000000000004,0.001,1016,COMPLETED,0.8624007701873779,0.7719298005104065,0.2933333218097687,0.8812967538833618,0.36960044503211975
240,1,tanh,rmsprop,0.01,0.4,0.0001,1051,COMPLETED,0.8623616695404053,0.739130437374115,0.28333333134651184,0.8778054714202881,0.32461991906166077
224,1,elu,adam,0.01,0.30000000000000004,0.001,1337,COMPLETED,0.8621251583099365,0.6805555820465088,0.49000000953674316,0.8892768025398254,0.3459428548812866
32,2,elu,rmsprop,0.003,0.0,1e-05,1031,COMPLETED,0.8621143102645874,0.7119565010070801,0.43666666746139526,0.8892768025398254,0.28980398178100586
192,1,tanh,rmsprop,0.01,0.30000000000000004,0.001,0077,COMPLETED,0.8618905544281006,0.7539682388305664,0.3166666626930237,0.882294237613678,0.32894042134284973
224,4,elu,rmsprop,0.01,0.2,0.0,1011,COMPLETED,0.861832857131958,0.761904776096344,0.0533333346247673,0.8558603525161743,0.3257473409175873
80,3,elu,rmsprop,0.01,0.4,1e-06,1724,COMPLETED,0.8618172407150269,0.7872340679168701,0.12333333492279053,0.8638404011726379,0.3188011348247528
128,4,tanh,adam,0.003,0.30000000000000004,0.001,0604,COMPLETED,0.8617371320724487,0.7437499761581421,0.39666667580604553,0.8892768025398254,0.3363163471221924
112,2,elu,rmsprop,0.01,0.4,0.001,1980,COMPLETED,0.861572802066803,0.75,0.05999999865889549,0.8563591241836548,0.3499014377593994
224,1,tanh,rmsprop,0.01,0.1,1e-06,0610,COMPLETED,0.8613470792770386,0.7151898741722107,0.3766666650772095,0.8842892646789551,0.29394254088401794
224,4,tanh,adam,0.01,0.30000000000000004,0.0,1512,COMPLETED,0.8613187074661255,0.6965517401695251,0.33666667342185974,0.878803014755249,0.29022136330604553
112,1,elu,adam,0.01,0.30000000000000004,1e-05,0603,COMPLETED,0.8612639307975769,0.7089201807975769,0.503333330154419,0.8947631120681763,0.2944616377353668
80,2,elu,rmsprop,0.01,0.0,0.0,0578,COMPLETED,0.8609472513198853,0.7142857313156128,0.3166666626930237,0.878803014755249,0.2963254153728485
112,2,relu,rmsprop,0.01,0.2,1e-06,0099,COMPLETED,0.8609364032745361,0.7210884094238281,0.35333332419395447,0.8827930092811584,0.30876412987709045
192,3,elu,rmsprop,0.01,0.2,0.0,1790,COMPLETED,0.8608181476593018,0.7519999742507935,0.31333333253860474,0.8817955255508423,0.33505356311798096
176,1,elu,adam,0.01,0.30000000000000004,0.001,0818,COMPLETED,0.860736072063446,0.700507640838623,0.46000000834465027,0.8897755742073059,0.3488970398902893
256,3,tanh,adam,0.01,0.2,1e-06,0326,COMPLETED,0.8606901168823242,0.7120419144630432,0.4533333480358124,0.8907730579376221,0.3247684836387634
208,3,tanh,adam,0.01,0.4,1e-05,1547,COMPLETED,0.8606871366500854,0.6370370388031006,0.5733333230018616,0.8872817754745483,0.347472220659256
208,3,relu,adam,0.01,0.4,0.001,1542,COMPLETED,0.8606647253036499,0.7229729890823364,0.3566666543483734,0.8832917809486389,0.3725157082080841
224,4,elu,rmsprop,0.01,0.1,0.0001,1246,COMPLETED,0.8606421947479248,0.752293586730957,0.273333340883255,0.8778054714202881,0.3622637391090393
128,1,elu,rmsprop,0.01,0.0,1e-05,1955,COMPLETED,0.860630452632904,0.6875,0.4399999976158142,0.8862842917442322,0.3005833029747009
176,3,tanh,adam,0.003,0.30000000000000004,0.001,0235,COMPLETED,0.8606294989585876,0.707602322101593,0.4033333361148834,0.8857855200767517,0.43870216608047485
240,1,elu,adam,0.01,0.4,1e-05,0932,COMPLETED,0.8605141639709473,0.6610169410705566,0.5199999809265137,0.8882793188095093,0.3625261187553406
208,2,tanh,rmsprop,0.01,0.1,1e-06,0881,COMPLETED,0.86042720079422,0.7222222089767456,0.3033333420753479,0.8783042430877686,0.3002453148365021
64,4,relu,adam,0.01,0.4,0.001,0287,COMPLETED,0.8604203462600708,0.720588207244873,0.3266666531562805,0.8802992701530457,0.3746805787086487
128,2,elu,rmsprop,0.01,0.0,0.0,0013,COMPLETED,0.860417366027832,0.719298243522644,0.273333340883255,0.8753117322921753,0.296172559261322
240,4,tanh,adam,0.01,0.2,0.0,1848,COMPLETED,0.8603841662406921,0.7461538314819336,0.3233333230018616,0.882294237613678,0.29573357105255127
208,1,relu,adam,0.01,0.2,1e-05,1891,COMPLETED,0.8603206276893616,0.6199262142181396,0.5600000023841858,0.8827930092811584,0.3089086413383484
256,4,elu,rmsprop,0.01,0.1,0.0,0583,COMPLETED,0.8601945042610168,0.7477477192878723,0.27666667103767395,0.8778054714202881,0.3036664128303528
240,2,tanh,rmsprop,0.01,0.2,0.0001,1315,COMPLETED,0.8601534366607666,0.6937500238418579,0.3700000047683716,0.8812967538833618,0.34498071670532227
144,1,tanh,adam,0.01,0.2,0.001,1471,COMPLETED,0.8601192235946655,0.6437246799468994,0.5299999713897705,0.8857855200767517,0.3318961262702942
208,1,tanh,adam,0.01,0.1,0.001,1846,COMPLETED,0.8598865866661072,0.6612903475761414,0.54666668176651,0.8902742862701416,0.32984989881515503
160,2,elu,rmsprop,0.01,0.30000000000000004,0.0,1152,COMPLETED,0.859725296497345,0.84375,0.09000000357627869,0.8613466620445251,0.33697375655174255
256,3,tanh,adam,0.003,0.0,1e-05,1970,COMPLETED,0.8596265912055969,0.6652892827987671,0.5366666913032532,0.8902742862701416,0.3006584346294403
256,4,elu,adam,0.01,0.1,0.001,0143,COMPLETED,0.8592619895935059,0.7525773048400879,0.2433333396911621,0.8748129606246948,0.36239588260650635
128,4,tanh,adam,0.01,0.4,0.0001,1433,COMPLETED,0.8592520952224731,0.9047619104385376,0.06333333253860474,0.8588528633117676,0.4112303555011749
256,1,tanh,adam,0.01,0.2,0.001,1904,COMPLETED,0.8592336177825928,0.677570104598999,0.4833333194255829,0.8882793188095093,0.34968826174736023
240,4,tanh,adam,0.003,0.1,0.001,0586,COMPLETED,0.8591994047164917,0.7289156913757324,0.4033333361148834,0.8882793188095093,0.3267847001552582
112,1,elu,rmsprop,0.01,0.0,0.0,1892,COMPLETED,0.8591358661651611,0.6560846567153931,0.41333332657814026,0.8798004984855652,0.30669450759887695
176,3,elu,adam,0.003,0.0,1e-05,1543,COMPLETED,0.8590821027755737,0.707207202911377,0.5233333110809326,0.8962593674659729,0.29623398184776306
192,2,tanh,adam,0.01,0.0,1e-05,1202,COMPLETED,0.8590683937072754,0.7244898080825806,0.47333332896232605,0.8942643404006958,0.31268322467803955
224,2,elu,rmsprop,0.01,0.2,1e-06,1198,COMPLETED,0.8590371608734131,0.800000011920929,0.1066666692495346,0.8623441457748413,0.35704368352890015
192,2,elu,adam,0.01,0.0,0.001,0714,COMPLETED,0.8589208126068115,0.6598639488220215,0.3233333230018616,0.8738154768943787,0.3397383987903595
192,3,elu,rmsprop,0.01,0.30000000000000004,1e-06,1165,COMPLETED,0.8587585687637329,0.8064516186714172,0.1666666716337204,0.8693267107009888,0.33803683519363403
80,3,elu,adam,0.01,0.30000000000000004,0.001,0360,COMPLETED,0.8585747480392456,0.711442768573761,0.476666659116745,0.8927680850028992,0.3543849587440491
128,4,elu,rmsprop,0.01,0.4,1e-06,1575,COMPLETED,0.8584017753601074,0.6428571343421936,0.029999999329447746,0.8523690700531006,0.333156555891037
224,3,tanh,adam,0.003,0.30000000000000004,0.001,1697,COMPLETED,0.8582737445831299,0.7235293984413147,0.4099999964237213,0.8882793188095093,0.3185233771800995
112,4,elu,adam,0.01,0.1,0.001,1919,COMPLETED,0.8582170009613037,0.75,0.25999999046325684,0.8763092160224915,0.36003997921943665
224,3,elu,rmsprop,0.01,0.2,0.0,1453,COMPLETED,0.8578847050666809,0.7777777910232544,0.07000000029802322,0.8578553795814514,0.365411639213562
176,4,elu,rmsprop,0.01,0.30000000000000004,0.0001,1241,COMPLETED,0.8578729033470154,0.0,0.0,0.8503740429878235,0.44989529252052307
128,1,elu,rmsprop,0.01,0.1,1e-06,1114,COMPLETED,0.8577829599380493,0.6898396015167236,0.4300000071525574,0.8857855200767517,0.29833999276161194
208,3,elu,rmsprop,0.01,0.30000000000000004,1e-06,0358,COMPLETED,0.8577038049697876,0.800000011920929,0.09333333373069763,0.8608478903770447,0.37546655535697937
16,4,relu,rmsprop,0.01,0.4,1e-06,1769,COMPLETED,0.857337236404419,0.0,0.0,0.8503740429878235,0.32225367426872253
208,3,elu,rmsprop,0.01,0.0,1e-06,1088,COMPLETED,0.8572561144828796,0.6943005323410034,0.4466666579246521,0.8877805471420288,0.3117457628250122
176,4,elu,adam,0.01,0.30000000000000004,1e-05,1710,COMPLETED,0.8571740388870239,0.8823529481887817,0.05000000074505806,0.8568578362464905,0.35623976588249207
64,3,tanh,rmsprop,0.01,0.2,0.001,0159,COMPLETED,0.8569179773330688,0.761904776096344,0.3199999928474426,0.8832917809486389,0.3270304501056671
96,1,elu,adam,0.01,0.0,1e-06,1855,COMPLETED,0.8567057847976685,0.7542856931686401,0.4399999976158142,0.8947631120681763,0.2961640954017639
160,4,elu,adam,0.01,0.30000000000000004,1e-05,0309,COMPLETED,0.8563529253005981,0.7309941649436951,0.4166666567325592,0.8897755742073059,0.38472142815589905
224,3,tanh,adam,0.003,0.0,0.0,0383,COMPLETED,0.8557849526405334,0.6763284802436829,0.46666666865348816,0.8867830634117126,0.2998145520687103
176,4,tanh,adam,0.003,0.4,0.001,0562,COMPLETED,0.8557400107383728,0.7272727489471436,0.4000000059604645,0.8877805471420288,0.31851598620414734
48,3,tanh,rmsprop,0.01,0.4,0.001,1888,COMPLETED,0.8553988933563232,0.7083333134651184,0.3400000035762787,0.8802992701530457,0.3367694914340973
80,3,elu,adam,0.01,0.4,0.001,0284,COMPLETED,0.8553313612937927,0.75,0.05000000074505806,0.8553615808486938,0.3809301257133484
256,1,relu,adam,0.01,0.0,1e-05,0204,COMPLETED,0.8551446199417114,0.6255707740783691,0.4566666781902313,0.8778054714202881,0.3186073899269104
96,4,tanh,rmsprop,0.01,0.1,0.001,0290,COMPLETED,0.8550927639007568,0.0,0.0,0.8503740429878235,0.3449171781539917
240,1,elu,rmsprop,0.01,0.4,0.0,1918,COMPLETED,0.8550136685371399,0.715976357460022,0.4033333361148834,0.8867830634117126,0.3425038754940033
256,3,elu,rmsprop,0.01,0.30000000000000004,0.001,1332,COMPLETED,0.8549795150756836,0.75,0.05999999865889549,0.8563591241836548,0.41052868962287903
144,1,elu,adam,0.01,0.30000000000000004,1e-05,0395,COMPLETED,0.8549647927284241,0.7127071619033813,0.4300000071525574,0.888778030872345,0.3008314371109009
160,3,elu,adam,0.01,0.4,0.0,1304,COMPLETED,0.854754626750946,0.8550724387168884,0.1966666728258133,0.8748129606246948,0.33327338099479675
256,4,tanh,adam,0.01,0.1,0.0,0084,COMPLETED,0.854202389717102,0.699999988079071,0.3033333420753479,0.8763092160224915,0.2959747314453125
144,3,tanh,adam,0.01,0.1,0.0,1050,COMPLETED,0.8540303111076355,0.6650943160057068,0.4699999988079071,0.885286808013916,0.29627469182014465
192,1,elu,adam,0.01,0.1,0.0,0504,COMPLETED,0.8539071679115295,0.56886225938797,0.6333333253860474,0.8733167052268982,0.4531582295894623
192,3,tanh,rmsprop,0.01,0.0,0.0001,1210,COMPLETED,0.8537947535514832,0.7368420958518982,0.23333333432674408,0.8728179335594177,0.3341498374938965
208,4,elu,rmsprop,0.01,0.30000000000000004,0.001,0646,COMPLETED,0.853256106376648,0.0,0.0,0.8503740429878235,0.3866564929485321
128,3,elu,adam,0.01,0.30000000000000004,0.001,1478,COMPLETED,0.8530557155609131,0.7052023410797119,0.40666666626930237,0.8857855200767517,0.3900911509990692
240,3,elu,adam,0.01,0.4,0.0001,1660,COMPLETED,0.8528856039047241,0.8181818127632141,0.23999999463558197,0.8783042430877686,0.5848178267478943
192,2,tanh,adam,0.01,0.2,0.001,0904,COMPLETED,0.8526041507720947,0.7346938848495483,0.23999999463558197,0.8733167052268982,0.38015997409820557
192,3,elu,rmsprop,0.01,0.4,1e-06,0643,COMPLETED,0.8522375226020813,0.7352941036224365,0.0833333358168602,0.8583540916442871,0.3570403456687927
80,2,tanh,adam,0.01,0.4,0.001,1414,COMPLETED,0.8520596623420715,0.7540983557701111,0.30666667222976685,0.8812967538833618,0.3656958043575287
96,2,tanh,adam,0.01,0.30000000000000004,0.001,1694,COMPLETED,0.851986289024353,0.8163265585899353,0.13333334028720856,0.865835428237915,0.36666935682296753
176,4,elu,adam,0.01,0.4,0.0001,0541,COMPLETED,0.8518475294113159,0.0,0.0,0.8503740429878235,0.47433122992515564
64,4,tanh,adam,0.01,0.2,0.001,0743,COMPLETED,0.8505141735076904,0.73758864402771,0.3466666638851166,0.8837905526161194,0.3488216996192932
176,2,tanh,adam,0.01,0.2,0.0001,1492,COMPLETED,0.8500235080718994,0.7482014298439026,0.3466666638851166,0.8847880363464355,0.3608176112174988
192,2,tanh,rmsprop,0.01,0.2,0.001,0678,COMPLETED,0.8497838973999023,0.703125,0.15000000596046448,0.8633416295051575,0.3497360050678253
16,4,tanh,adam,0.01,0.4,0.001,0440,COMPLETED,0.8496197462081909,0.7260273694992065,0.35333332419395447,0.8832917809486389,0.3200855851173401
256,3,tanh,rmsprop,0.01,0.2,0.001,1859,COMPLETED,0.849555253982544,0.6666666865348816,0.3866666555404663,0.8793017268180847,0.38233819603919983
224,3,elu,rmsprop,0.01,0.4,0.0,1747,COMPLETED,0.8489071726799011,0.7358490824699402,0.38999998569488525,0.8877805471420288,0.32302775979042053
160,2,tanh,adam,0.01,0.4,0.001,1201,COMPLETED,0.8483079075813293,0.6551724076271057,0.06333333253860474,0.8548628687858582,0.4047410786151886
224,1,elu,rmsprop,0.01,0.1,0.0,0304,COMPLETED,0.8482502698898315,0.6146341562271118,0.41999998688697815,0.8738154768943787,0.3193570673465729
176,4,elu,adam,0.01,0.4,1e-06,1168,COMPLETED,0.8481045961380005,0.0,0.0,0.8503740429878235,0.36617177724838257
160,3,tanh,adam,0.01,0.30000000000000004,0.001,0212,COMPLETED,0.8466011881828308,0.7153284549713135,0.3266666531562805,0.8798004984855652,0.38829490542411804
96,4,tanh,adam,0.01,0.2,0.001,0756,COMPLETED,0.8459619283676147,0.0,0.0,0.8503740429878235,0.3704948425292969
208,1,elu,adam,0.01,0.4,1e-06,1586,COMPLETED,0.8458738327026367,0.6432432532310486,0.39666667580604553,0.8768079876899719,0.3122250735759735
240,3,tanh,rmsprop,0.01,0.0,0.0001,0272,COMPLETED,0.8457517027854919,0.654411792755127,0.2966666519641876,0.8713216781616211,0.3530882000923157
256,3,elu,adam,0.01,0.4,1e-06,0068,COMPLETED,0.8454428315162659,0.7692307829856873,0.03333333507180214,0.8538653254508972,0.3544138967990875
192,3,elu,rmsprop,0.01,0.4,0.0,0191,COMPLETED,0.84531569480896,1.0,0.0033333334140479565,0.850872814655304,0.3543083071708679
240,3,elu,adam,0.01,0.4,1e-06,0862,COMPLETED,0.8427459001541138,0.7352941036224365,0.1666666716337204,0.8663341403007507,0.31754279136657715
256,2,tanh,adam,0.01,0.0,0.001,1040,COMPLETED,0.8426852226257324,0.593406617641449,0.5400000214576721,0.875810444355011,0.37793487310409546
80,4,tanh,rmsprop,0.01,0.30000000000000004,0.001,1328,COMPLETED,0.8425561189651489,0.0,0.0,0.8503740429878235,0.36345165967941284
240,3,tanh,adam,0.01,0.2,0.001,1095,COMPLETED,0.8419296741485596,0.6269230842590332,0.5433333516120911,0.8832917809486389,0.37110573053359985
208,3,tanh,adam,0.01,0.2,0.001,1824,COMPLETED,0.8417771458625793,0.6190476417541504,0.08666666597127914,0.8553615808486938,0.4057304561138153
256,1,elu,adam,0.01,0.4,1e-05,0625,COMPLETED,0.8400410413742065,0.6037735939025879,0.4266666769981384,0.872319221496582,0.32832086086273193
208,3,tanh,adam,0.01,0.1,0.001,1934,COMPLETED,0.8398669958114624,0.6709401607513428,0.5233333110809326,0.8902742862701416,0.3572451174259186
256,3,tanh,rmsprop,0.01,0.0,0.001,0362,COMPLETED,0.8387086987495422,0.6605504751205444,0.23999999463558197,0.8678303956985474,0.36139723658561707
144,2,tanh,adam,0.01,0.1,0.001,1990,COMPLETED,0.8382502794265747,0.6470588445663452,0.4399999976158142,0.8802992701530457,0.3541000783443451
176,2,tanh,adam,0.01,0.1,0.001,0770,COMPLETED,0.8343381881713867,0.6129032373428345,0.3166666626930237,0.8678303956985474,0.37362372875213623
240,4,elu,rmsprop,0.01,0.4,1e-06,0927,COMPLETED,0.8249881863594055,0.75,0.03999999910593033,0.8543640971183777,0.372895210981369
192,4,tanh,rmsprop,0.01,0.2,0.001,0308,COMPLETED,0.784762442111969,0.5384615659713745,0.5600000023841858,0.8623441457748413,0.4839019775390625
